# Rhino

v 2260.1337890625 2632 49836.8828125 255 255 0
v 2380.1337890625 2632 49836.8828125 255 255 0
v 2380.1337890625 2582 49836.8828125 255 255 0
v 2260.1337890625 2582 49836.8828125 255 255 0
v 2380.1337890625 2582 49836.8828125 255 255 0
v 2380.1337890625 2632 49836.8828125 255 255 0
v 2380.1337890625 2632 49936.8828125 255 255 0
v 2380.1337890625 2582 49936.8828125 255 255 0
v 2380.1337890625 2582 49936.8828125 255 255 0
v 2380.1337890625 2632 49936.8828125 255 255 0
v 2260.1337890625 2632 49936.8828125 255 255 0
v 2260.1337890625 2582 49936.8828125 255 255 0
v 2260.1337890625 2632 49836.8828125 255 255 0
v 2260.1337890625 2582 49836.8828125 255 255 0
v 2260.1337890625 2582 49936.8828125 255 255 0
v 2260.1337890625 2632 49936.8828125 255 255 0
v 2260.1337890625 2582 49836.8828125 255 255 0
v 2380.1337890625 2582 49836.8828125 255 255 0
v 2380.1337890625 2582 49936.8828125 255 255 0
v 2260.1337890625 2582 49936.8828125 255 255 0
v 2380.1337890625 2632 49836.8828125 255 255 0
v 2260.1337890625 2632 49836.8828125 255 255 0
v 2380.1337890625 2632 49936.8828125 255 255 0
v 2260.1337890625 2632 49936.8828125 255 255 0
vt 0.50002074241638184 0.62505191564559937
vt 0.99851441383361816 0.62505191564559937
vt 0.99851441383361816 0.83190333843231201
vt 0.50002074241638184 0.83190333843231201
vt 0.95833683013916016 0.4151880145072937
vt 0.75002080202102661 0.4151880145072937
vt 0.75002080202102661 2.075836164294742E-05
vt 0.95833683013916016 2.075836164294742E-05
vt 0.50002074241638184 0.62354570627212524
vt 0.50002074241638184 0.4166942834854126
vt 0.99851441383361816 0.4166942834854126
vt 0.99851441383361816 0.62354570627212524
vt 0.50002080202102661 2.075836164294742E-05
vt 0.70833683013916016 2.075836164294742E-05
vt 0.70833683013916016 0.4151880145072937
vt 0.50002080202102661 0.4151880145072937
vt 0.49851438403129578 0.83190327882766724
vt 2.0770792616531253E-05 0.83190327882766724
vt 2.0770792616531253E-05 0.41671520471572876
vt 0.49851438403129578 0.41671520471572876
vt 2.0770792616531253E-05 2.0759403923875652E-05
vt 0.49851438403129578 2.0759403923875652E-05
vt 2.0770792616531253E-05 0.4152088463306427
vt 0.49851438403129578 0.4152088463306427
vn 0 0 -1
vn 0 0 -1
vn 0 0 -1
vn 0 0 -1
vn 1 0 0
vn 1 0 0
vn 1 0 0
vn 1 0 0
vn 0 0 1
vn 0 0 1
vn 0 0 1
vn 0 0 1
vn -1 0 0
vn -1 0 0
vn -1 0 0
vn -1 0 0
vn 0 -1 0
vn 0 -1 0
vn 0 -1 0
vn 0 -1 0
vn 0 1 0
vn 0 1 0
vn 0 1 0
vn 0 1 0
f 1/1/1 2/2/2 3/3/3 4/4/4
f 5/5/5 6/6/6 7/7/7
f 7/7/7 8/8/8 5/5/5
f 10/10/10 11/11/11 12/12/12 9/9/9
f 14/14/14 16/16/16 13/13/13
f 16/16/16 14/14/14 15/15/15
f 19/19/19 20/20/20 17/17/17 18/18/18
f 21/21/21 22/22/22 24/24/24 23/23/23
v 2430.7587890625 2582 49786.2578125 255 255 0
v 2430.7587890625 2582 49987.5078125 255 255 0
v 2430.7587890625 2569.5 49987.5078125 255 255 0
v 2430.7587890625 2569.5 49786.2578125 255 255 0
v 2430.7587890625 2569.5 49987.5078125 255 255 0
v 2430.7587890625 2582 49987.5078125 255 255 0
v 2413.5087890625 2582 49987.5078125 255 255 0
v 2413.5087890625 2569.5 49987.5078125 255 255 0
v 2413.5087890625 2569.5 49987.5078125 255 255 0
v 2413.5087890625 2582 49987.5078125 255 255 0
v 2413.5087890625 2582 49786.2578125 255 255 0
v 2413.5087890625 2569.5 49786.2578125 255 255 0
v 2430.7587890625 2582 49786.2578125 255 255 0
v 2430.7587890625 2569.5 49786.2578125 255 255 0
v 2413.5087890625 2569.5 49786.2578125 255 255 0
v 2413.5087890625 2582 49786.2578125 255 255 0
v 2430.7587890625 2569.5 49786.2578125 255 255 0
v 2430.7587890625 2569.5 49987.5078125 255 255 0
v 2413.5087890625 2569.5 49987.5078125 255 255 0
v 2413.5087890625 2569.5 49786.2578125 255 255 0
v 2430.7587890625 2582 49987.5078125 255 255 0
v 2430.7587890625 2582 49786.2578125 255 255 0
v 2413.5087890625 2582 49987.5078125 255 255 0
v 2413.5087890625 2582 49786.2578125 255 255 0
vt 0.079008758068084717 0.72752189636230469
vt 0.99851232767105103 0.72752189636230469
vt 0.99851232767105103 0.78472495079040527
vt 0.079008758068084717 0.78472495079040527
vt 0.59671884775161743 0.078963026404380798
vt 0.53951585292816162 0.078963026404380798
vt 0.53951585292816162 2.2881200493429787E-05
vt 0.59671884775161743 2.2881200493429787E-05
vt 0.079008758068084717 0.59120988845825195
vt 0.079008758068084717 0.53400689363479614
vt 0.99851232767105103 0.53400689363479614
vt 0.99851232767105103 0.59120988845825195
vt 0.079008787870407104 2.2881200493429787E-05
vt 0.13621178269386292 2.2881200493429787E-05
vt 0.13621178269386292 0.078963026404380798
vt 0.079008787870407104 0.078963026404380798
vt 0.99851232767105103 0.3459550142288208
vt 0.079008758068084717 0.3459550142288208
vt 0.079008758068084717 0.26701486110687256
vt 0.99851232767105103 0.26701486110687256
vt 2.2456853912444785E-05 0.91952639818191528
vt 2.2456853912444785E-05 2.2844809791422449E-05
vt 0.077498607337474823 0.91952639818191528
vt 0.077498607337474823 2.2844809791422449E-05
vn 1 0 0
vn 1 0 0
vn 1 0 0
vn 1 0 0
vn 0 0 1
vn 0 0 1
vn 0 0 1
vn 0 0 1
vn -1 0 0
vn -1 0 0
vn -1 0 0
vn -1 0 0
vn 0 0 -1
vn 0 0 -1
vn 0 0 -1
vn 0 0 -1
vn 0 -1 0
vn 0 -1 0
vn 0 -1 0
vn 0 -1 0
vn 0 1 0
vn 0 1 0
vn 0 1 0
vn 0 1 0
f 28/28/28 25/25/25 26/26/26
f 26/26/26 27/27/27 28/28/28
f 30/30/30 31/31/31 32/32/32 29/29/29
f 36/36/36 34/34/34 35/35/35
f 34/34/34 36/36/36 33/33/33
f 40/40/40 37/37/37 38/38/38 39/39/39
f 43/43/43 44/44/44 41/41/41 42/42/42
f 45/45/45 46/46/46 48/48/48 47/47/47
v 2229.5087890625 2582 49786.2578125 255 255 0
v 2246.7587890625 2582 49786.2578125 255 255 0
v 2246.7587890625 2569.5 49786.2578125 255 255 0
v 2229.5087890625 2569.5 49786.2578125 255 255 0
v 2246.7587890625 2569.5 49786.2578125 255 255 0
v 2246.7587890625 2582 49786.2578125 255 255 0
v 2246.7587890625 2582 49987.5078125 255 255 0
v 2246.7587890625 2569.5 49987.5078125 255 255 0
v 2246.7587890625 2569.5 49987.5078125 255 255 0
v 2246.7587890625 2582 49987.5078125 255 255 0
v 2229.5087890625 2582 49987.5078125 255 255 0
v 2229.5087890625 2569.5 49987.5078125 255 255 0
v 2229.5087890625 2582 49786.2578125 255 255 0
v 2229.5087890625 2569.5 49786.2578125 255 255 0
v 2229.5087890625 2569.5 49987.5078125 255 255 0
v 2229.5087890625 2582 49987.5078125 255 255 0
v 2229.5087890625 2569.5 49786.2578125 255 255 0
v 2246.7587890625 2569.5 49786.2578125 255 255 0
v 2246.7587890625 2569.5 49987.5078125 255 255 0
v 2229.5087890625 2569.5 49987.5078125 255 255 0
v 2246.7587890625 2582 49786.2578125 255 255 0
v 2229.5087890625 2582 49786.2578125 255 255 0
v 2246.7587890625 2582 49987.5078125 255 255 0
v 2229.5087890625 2582 49987.5078125 255 255 0
vt 0.53951585292816162 0.078963026404380798
vt 0.53951585292816162 2.2881200493429787E-05
vt 0.59671884775161743 2.2881200493429787E-05
vt 0.59671884775161743 0.078963026404380798
vt 0.079008758068084717 0.78472495079040527
vt 0.079008758068084717 0.72752189636230469
vt 0.99851232767105103 0.72752189636230469
vt 0.99851232767105103 0.78472495079040527
vt 0.13621178269386292 0.078963026404380798
vt 0.079008787870407104 0.078963026404380798
vt 0.079008787870407104 2.2881200493429787E-05
vt 0.13621178269386292 2.2881200493429787E-05
vt 0.99851232767105103 0.53400689363479614
vt 0.99851232767105103 0.59120988845825195
vt 0.079008758068084717 0.59120988845825195
vt 0.079008758068084717 0.53400689363479614
vt 0.99851232767105103 0.26701486110687256
vt 0.99851232767105103 0.3459550142288208
vt 0.07900875061750412 0.3459550142288208
vt 0.07900875061750412 0.26701486110687256
vt 2.2456189981312491E-05 2.2844809791422449E-05
vt 0.077498607337474823 2.2844809791422449E-05
vt 2.2456189981312491E-05 0.91952639818191528
vt 0.077498607337474823 0.91952639818191528
vn 0 0 -1
vn 0 0 -1
vn 0 0 -1
vn 0 0 -1
vn 1 0 0
vn 1 0 0
vn 1 0 0
vn 1 0 0
vn 0 0 1
vn 0 0 1
vn 0 0 1
vn 0 0 1
vn -1 0 0
vn -1 0 0
vn -1 0 0
vn -1 0 0
vn 0 -1 0
vn 0 -1 0
vn 0 -1 0
vn 0 -1 0
vn 0 1 0
vn 0 1 0
vn 0 1 0
vn 0 1 0
f 49/49/49 50/50/50 51/51/51 52/52/52
f 53/53/53 54/54/54 55/55/55
f 55/55/55 56/56/56 53/53/53
f 58/58/58 59/59/59 60/60/60 57/57/57
f 62/62/62 64/64/64 61/61/61
f 64/64/64 62/62/62 63/63/63
f 67/67/67 68/68/68 65/65/65 66/66/66
f 69/69/69 70/70/70 72/72/72 71/71/71
v 2380.1337890625 2582 49836.8828125 255 255 0
v 2380.1337890625 2582 49936.8828125 255 255 0
v 2380.1337890625 2569.5 49936.8828125 255 255 0
v 2380.1337890625 2569.5 49836.8828125 255 255 0
v 2380.1337890625 2569.5 49936.8828125 255 255 0
v 2380.1337890625 2582 49936.8828125 255 255 0
v 2279.72216796875 2582 49936.8828125 255 255 0
v 2279.72216796875 2569.5 49936.8828125 255 255 0
v 2279.72216796875 2569.5 49936.8828125 255 255 0
v 2279.72216796875 2582 49936.8828125 255 255 0
v 2279.72216796875 2582 49836.8828125 255 255 0
v 2279.72216796875 2569.5 49836.8828125 255 255 0
v 2380.1337890625 2582 49836.8828125 255 255 0
v 2380.1337890625 2569.5 49836.8828125 255 255 0
v 2279.72216796875 2569.5 49836.8828125 255 255 0
v 2279.72216796875 2582 49836.8828125 255 255 0
v 2380.1337890625 2569.5 49836.8828125 255 255 0
v 2380.1337890625 2569.5 49936.8828125 255 255 0
v 2279.72216796875 2569.5 49936.8828125 255 255 0
v 2279.72216796875 2569.5 49836.8828125 255 255 0
v 2380.1337890625 2582 49936.8828125 255 255 0
v 2380.1337890625 2582 49836.8828125 255 255 0
v 2279.72216796875 2582 49936.8828125 255 255 0
v 2279.72216796875 2582 49836.8828125 255 255 0
vt 0.062568157911300659 0.49997499585151672
vt 0.062568157911300659 2.4997500077006407E-05
vt 0.12359823286533356 2.4997500077006407E-05
vt 0.12359823286533356 0.49997499585151672
vt 0.18614198267459869 0.50203251838684082
vt 0.1251119077205658 0.50203251838684082
vt 0.1251119077205658 2.4997500077006407E-05
vt 0.18614198267459869 2.4997500077006407E-05
vt 0.061054486781358719 0.49997499585151672
vt 2.441203105263412E-05 0.49997499585151672
vt 2.441203105263412E-05 2.4997500077006407E-05
vt 0.061054486781358719 2.4997500077006407E-05
vt 0.18765564262866974 2.4997500077006407E-05
vt 0.24868571758270264 2.4997500077006407E-05
vt 0.24868571758270264 0.50203251838684082
vt 0.18765564262866974 0.50203251838684082
vt 0.75074267387390137 2.4924265744630247E-05
vt 0.75074267387390137 0.4985102117061615
vt 0.25019991397857666 0.4985102117061615
vt 0.25019991397857666 2.4924265744630247E-05
vt 0.25019991397857666 0.99851024150848389
vt 0.25019991397857666 0.50002491474151611
vt 0.75074267387390137 0.99851024150848389
vt 0.75074267387390137 0.50002491474151611
vn 1 0 0
vn 1 0 0
vn 1 0 0
vn 1 0 0
vn 0 0 1
vn 0 0 1
vn 0 0 1
vn 0 0 1
vn -1 0 0
vn -1 0 0
vn -1 0 0
vn -1 0 0
vn 0 0 -1
vn 0 0 -1
vn 0 0 -1
vn 0 0 -1
vn 0 -1 0
vn 0 -1 0
vn 0 -1 0
vn 0 -1 0
vn 0 1 0
vn 0 1 0
vn 0 1 0
vn 0 1 0
f 75/75/75 73/73/73 74/74/74
f 73/73/73 75/75/75 76/76/76
f 78/78/78 79/79/79 80/80/80 77/77/77
f 81/81/81 82/82/82 83/83/83
f 83/83/83 84/84/84 81/81/81
f 88/88/88 85/85/85 86/86/86 87/87/87
f 90/90/90 91/91/91 92/92/92
f 92/92/92 89/89/89 90/90/90
f 95/95/95 93/93/93 94/94/94
f 94/94/94 96/96/96 95/95/95
v 2186.3837890625 2569.5 49743.1328125 255 255 0
v 2473.8837890625 2569.5 49743.1328125 255 255 0
v 2473.8837890625 2469.5 49743.1328125 255 255 0
v 2186.3837890625 2469.5 49743.1328125 255 255 0
v 2473.8837890625 2469.5 49743.1328125 255 255 0
v 2473.8837890625 2569.5 49743.1328125 255 255 0
v 2473.8837890625 2569.5 50030.6328125 255 255 0
v 2473.8837890625 2469.5 50030.6328125 255 255 0
v 2473.8837890625 2469.5 50030.6328125 255 255 0
v 2473.8837890625 2569.5 50030.6328125 255 255 0
v 2186.3837890625 2569.5 50030.6328125 255 255 0
v 2186.3837890625 2469.5 50030.6328125 255 255 0
v 2186.3837890625 2569.5 49743.1328125 255 255 0
v 2186.3837890625 2469.5 49743.1328125 255 255 0
v 2186.3837890625 2469.5 50030.6328125 255 255 0
v 2186.3837890625 2569.5 50030.6328125 255 255 0
v 2186.3837890625 2469.5 49743.1328125 255 255 0
v 2473.8837890625 2469.5 49743.1328125 255 255 0
v 2473.8837890625 2469.5 50030.6328125 255 255 0
v 2186.3837890625 2469.5 50030.6328125 255 255 0
v 2473.8837890625 2569.5 49743.1328125 255 255 0
v 2186.3837890625 2569.5 49743.1328125 255 255 0
v 2473.8837890625 2569.5 50030.6328125 255 255 0
v 2186.3837890625 2569.5 50030.6328125 255 255 0
vt 8.6767831817269325E-06 0.25000870227813721
vt 0.49852648377418518 0.25000870227813721
vt 0.49852648377418518 0.42391568422317505
vt 8.6767831817269325E-06 0.42391568422317505
vt 8.6767831817269325E-06 0.92391568422317505
vt 8.6767831817269325E-06 0.75000870227813721
vt 0.49852648377418518 0.75000870227813721
vt 0.49852648377418518 0.92391568422317505
vt 8.6767831817269325E-06 0.17391568422317505
vt 8.6767831817269325E-06 8.6953496065689251E-06
vt 0.49852648377418518 8.6953496065689251E-06
vt 0.49852648377418518 0.17391568422317505
vt 0.49852648377418518 0.50000870227813721
vt 0.49852648377418518 0.67391568422317505
vt 8.6767831817269325E-06 0.67391568422317505
vt 8.6767831817269325E-06 0.50000870227813721
vt 0.99852651357650757 0.99852645397186279
vt 0.50000870227813721 0.99852645397186279
vt 0.50000870227813721 0.50000864267349243
vt 0.99852651357650757 0.50000864267349243
vt 0.50000870227813721 8.6698746599722654E-06
vt 0.99852651357650757 8.6698746599722654E-06
vt 0.50000870227813721 0.49852648377418518
vt 0.99852651357650757 0.49852648377418518
vn 0 0 -1
vn 0 0 -1
vn 0 0 -1
vn 0 0 -1
vn 1 0 0
vn 1 0 0
vn 1 0 0
vn 1 0 0
vn 0 0 1
vn 0 0 1
vn 0 0 1
vn 0 0 1
vn -1 0 0
vn -1 0 0
vn -1 0 0
vn -1 0 0
vn 0 -1 0
vn 0 -1 0
vn 0 -1 0
vn 0 -1 0
vn 0 1 0
vn 0 1 0
vn 0 1 0
vn 0 1 0
f 97/97/97 98/98/98 99/99/99 100/100/100
f 101/101/101 102/102/102 103/103/103
f 103/103/103 104/104/104 101/101/101
f 106/106/106 107/107/107 108/108/108 105/105/105
f 110/110/110 112/112/112 109/109/109
f 112/112/112 110/110/110 111/111/111
f 115/115/115 116/116/116 113/113/113 114/114/114
f 117/117/117 118/118/118 120/120/120 119/119/119
v 2196.3837890625 2469.5 49753.1328125 255 255 0
v 2463.8837890625 2469.5 49753.1328125 255 255 0
v 2463.8837890625 2434.5 49753.1328125 255 255 0
v 2196.3837890625 2434.5 49753.1328125 255 255 0
v 2463.8837890625 2434.5 49753.1328125 255 255 0
v 2463.8837890625 2469.5 49753.1328125 255 255 0
v 2463.8837890625 2469.5 50020.6328125 255 255 0
v 2463.8837890625 2434.5 50020.6328125 255 255 0
v 2463.8837890625 2434.5 50020.6328125 255 255 0
v 2463.8837890625 2469.5 50020.6328125 255 255 0
v 2196.3837890625 2469.5 50020.6328125 255 255 0
v 2196.3837890625 2434.5 50020.6328125 255 255 0
v 2196.3837890625 2469.5 49753.1328125 255 255 0
v 2196.3837890625 2434.5 49753.1328125 255 255 0
v 2196.3837890625 2434.5 50020.6328125 255 255 0
v 2196.3837890625 2469.5 50020.6328125 255 255 0
v 2196.3837890625 2434.5 49753.1328125 255 255 0
v 2463.8837890625 2434.5 49753.1328125 255 255 0
v 2463.8837890625 2434.5 50020.6328125 255 255 0
v 2196.3837890625 2434.5 50020.6328125 255 255 0
v 2463.8837890625 2469.5 49753.1328125 255 255 0
v 2196.3837890625 2469.5 49753.1328125 255 255 0
v 2463.8837890625 2469.5 50020.6328125 255 255 0
v 2196.3837890625 2469.5 50020.6328125 255 255 0
vt 0.065445944666862488 0.49999064207077026
vt 0.065445944666862488 9.3454445959650911E-06
vt 0.1293996274471283 9.3454445959650911E-06
vt 0.1293996274471283 0.49999064207077026
vt 0.063962824642658234 0.49999064207077026
vt 9.1362417151685804E-06 0.49999064207077026
vt 9.1362417151685804E-06 9.3454445959650911E-06
vt 0.063962824642658234 9.3454445959650911E-06
vt 0.26027324795722961 0.49999064207077026
vt 0.19631955027580261 0.49999064207077026
vt 0.19631955027580261 9.3454445959650911E-06
vt 0.26027324795722961 9.3454445959650911E-06
vt 0.13088275492191315 9.3454445959650911E-06
vt 0.19483643770217896 9.3454445959650911E-06
vt 0.19483643770217896 0.49999064207077026
vt 0.13088275492191315 0.49999064207077026
vt 0.7602730393409729 0.99852579832077026
vt 0.26175656914710999 0.99852579832077026
vt 0.26175656914710999 0.50000929832458496
vt 0.7602730393409729 0.50000929832458496
vt 0.26175656914710999 9.3180651674629189E-06
vt 0.7602730393409729 9.3180651674629189E-06
vt 0.26175656914710999 0.49852582812309265
vt 0.7602730393409729 0.49852582812309265
vn 0 0 -1
vn 0 0 -1
vn 0 0 -1
vn 0 0 -1
vn 1 0 0
vn 1 0 0
vn 1 0 0
vn 1 0 0
vn 0 0 1
vn 0 0 1
vn 0 0 1
vn 0 0 1
vn -1 0 0
vn -1 0 0
vn -1 0 0
vn -1 0 0
vn 0 -1 0
vn 0 -1 0
vn 0 -1 0
vn 0 -1 0
vn 0 1 0
vn 0 1 0
vn 0 1 0
vn 0 1 0
f 121/121/121 122/122/122 123/123/123 124/124/124
f 126/126/126 127/127/127 128/128/128 125/125/125
f 130/130/130 131/131/131 132/132/132 129/129/129
f 136/136/136 133/133/133 134/134/134 135/135/135
f 139/139/139 140/140/140 137/137/137 138/138/138
f 141/141/141 142/142/142 144/144/144 143/143/143
v 2463.8837890625 2469.5 50020.6328125 255 255 0
v 2463.8837890625 2469.5 49753.1328125 255 255 0
v 2463.8837890625 2434.5 49753.1328125 255 255 0
v 2463.8837890625 2434.5 50020.6328125 255 255 0
v 2463.8837890625 2434.5 49753.1328125 255 255 0
v 2463.8837890625 2469.5 49753.1328125 255 255 0
v 2196.3837890625 2469.5 49753.1328125 255 255 0
v 2196.3837890625 2434.5 49753.1328125 255 255 0
v 2196.3837890625 2434.5 49753.1328125 255 255 0
v 2196.3837890625 2469.5 49753.1328125 255 255 0
v 2196.3837890625 2469.5 50020.6328125 255 255 0
v 2196.3837890625 2434.5 50020.6328125 255 255 0
v 2463.8837890625 2469.5 50020.6328125 255 255 0
v 2463.8837890625 2434.5 50020.6328125 255 255 0
v 2196.3837890625 2434.5 50020.6328125 255 255 0
v 2196.3837890625 2469.5 50020.6328125 255 255 0
v 2186.3837890625 2469.5 49743.1328125 255 255 0
v 2473.8837890625 2469.5 49743.1328125 255 255 0
v 2473.8837890625 2434.5 49743.1328125 255 255 0
v 2186.3837890625 2434.5 49743.1328125 255 255 0
v 2473.8837890625 2434.5 49743.1328125 255 255 0
v 2473.8837890625 2469.5 49743.1328125 255 255 0
v 2473.8837890625 2469.5 50030.6328125 255 255 0
v 2473.8837890625 2434.5 50030.6328125 255 255 0
v 2473.8837890625 2434.5 50030.6328125 255 255 0
v 2473.8837890625 2469.5 50030.6328125 255 255 0
v 2186.3837890625 2469.5 50030.6328125 255 255 0
v 2186.3837890625 2434.5 50030.6328125 255 255 0
v 2186.3837890625 2469.5 49743.1328125 255 255 0
v 2186.3837890625 2434.5 49743.1328125 255 255 0
v 2186.3837890625 2434.5 50030.6328125 255 255 0
v 2186.3837890625 2469.5 50030.6328125 255 255 0
v 2463.8837890625 2434.5 50020.6328125 255 255 0
v 2463.8837890625 2434.5 49753.1328125 255 255 0
v 2196.3837890625 2434.5 49753.1328125 255 255 0
v 2196.3837890625 2434.5 50020.6328125 255 255 0
v 2186.3837890625 2434.5 49743.1328125 255 255 0
v 2473.8837890625 2434.5 49743.1328125 255 255 0
v 2473.8837890625 2434.5 50030.6328125 255 255 0
v 2186.3837890625 2434.5 50030.6328125 255 255 0
v 2463.8837890625 2469.5 49753.1328125 255 255 0
v 2463.8837890625 2469.5 50020.6328125 255 255 0
v 2196.3837890625 2469.5 49753.1328125 255 255 0
v 2196.3837890625 2469.5 50020.6328125 255 255 0
v 2473.8837890625 2469.5 49743.1328125 255 255 0
v 2186.3837890625 2469.5 49743.1328125 255 255 0
v 2473.8837890625 2469.5 50030.6328125 255 255 0
v 2186.3837890625 2469.5 50030.6328125 255 255 0
vt 0.06089332327246666 0.46520990133285522
vt 0.06089332327246666 8.6953496065689251E-06
vt 0.12029635161161423 8.6953496065689251E-06
vt 0.12029635161161423 0.46520990133285522
vt 0.059411510825157166 0.46520990133285522
vt 8.4861458162777126E-06 0.46520990133285522
vt 8.4861458162777126E-06 8.6953496065689251E-06
vt 0.059411510825157166 8.6953496065689251E-06
vt 0.24206602573394775 0.46520990133285522
vt 0.18266300857067108 0.46520990133285522
vt 0.18266300857067108 8.6953496065689251E-06
vt 0.24206602573394775 8.6953496065689251E-06
vt 0.12177816033363342 8.6953496065689251E-06
vt 0.18118119239807129 8.6953496065689251E-06
vt 0.18118119239807129 0.46520990133285522
vt 0.12177816033363342 0.46520990133285522
vt 0.30443269014358521 0.49999129772186279
vt 0.30443269014358521 8.6953496065689251E-06
vt 0.36383569240570068 8.6953496065689251E-06
vt 0.36383569240570068 0.49999129772186279
vt 0.30295085906982422 0.49999129772186279
vt 0.24354784190654755 0.49999129772186279
vt 0.24354784190654755 8.6953496065689251E-06
vt 0.30295085906982422 8.6953496065689251E-06
vt 0.485605388879776 0.49999129772186279
vt 0.42620235681533813 0.49999129772186279
vt 0.42620235681533813 8.6953496065689251E-06
vt 0.485605388879776 8.6953496065689251E-06
vt 0.36531752347946167 8.6953496065689251E-06
vt 0.42472055554389954 8.6953496065689251E-06
vt 0.42472055554389954 0.49999129772186279
vt 0.36531752347946167 0.49999129772186279
vt 0.50442713499069214 0.51734840869903564
vt 0.50442713499069214 0.98118674755096436
vt 0.96826547384262085 0.98118674755096436
vt 0.96826547384262085 0.51734840869903564
vt 0.98560518026351929 0.99852645397186279
vt 0.48708739876747131 0.99852645397186279
vt 0.48708739876747131 0.50000864267349243
vt 0.98560518026351929 0.50000864267349243
vt 0.50442713499069214 0.01734841987490654
vt 0.50442713499069214 0.48118671774864197
vt 0.96826547384262085 0.01734841987490654
vt 0.96826547384262085 0.48118671774864197
vt 0.48708739876747131 8.6698746599722654E-06
vt 0.98560518026351929 8.6698746599722654E-06
vt 0.48708739876747131 0.49852648377418518
vt 0.98560518026351929 0.49852648377418518
vn -1 0 0
vn -1 0 0
vn -1 0 0
vn -1 0 0
vn 0 0 1
vn 0 0 1
vn 0 0 1
vn 0 0 1
vn 1 0 0
vn 1 0 0
vn 1 0 0
vn 1 0 0
vn 0 0 -1
vn 0 0 -1
vn 0 0 -1
vn 0 0 -1
vn 0 0 -1
vn 0 0 -1
vn 0 0 -1
vn 0 0 -1
vn 1 0 0
vn 1 0 0
vn 1 0 0
vn 1 0 0
vn 0 0 1
vn 0 0 1
vn 0 0 1
vn 0 0 1
vn -1 0 0
vn -1 0 0
vn -1 0 0
vn -1 0 0
vn 0 -1 0
vn 0 -1 0
vn 0 -1 0
vn 0 -1 0
vn 0 -1 0
vn 0 -1 0
vn 0 -1 0
vn 0 -1 0
vn 0 1 0
vn 0 1 0
vn 0 1 0
vn 0 1 0
vn 0 1 0
vn 0 1 0
vn 0 1 0
vn 0 1 0
f 145/145/145 146/146/146 147/147/147 148/148/148
f 150/150/150 151/151/151 152/152/152 149/149/149
f 154/154/154 155/155/155 156/156/156 153/153/153
f 160/160/160 157/157/157 158/158/158 159/159/159
f 161/161/161 162/162/162 163/163/163 164/164/164
f 166/166/166 167/167/167 168/168/168 165/165/165
f 170/170/170 171/171/171 172/172/172 169/169/169
f 176/176/176 173/173/173 174/174/174 175/175/175
f 180/180/180 177/177/177 183/183/183 184/184/184
f 179/179/179 180/180/180 184/184/184 181/181/181
f 177/177/177 178/178/178 182/182/182 183/183/183
f 178/178/178 179/179/179 181/181/181 182/182/182
f 187/187/187 185/185/185 189/189/189 190/190/190
f 190/190/190 192/192/192 188/188/188 187/187/187
f 191/191/191 189/189/189 185/185/185 186/186/186
f 186/186/186 188/188/188 192/192/192 191/191/191
v 2250.1337890625 2632 48156.8828125 255 255 0
v 2370.1337890625 2632 48156.8828125 255 255 0
v 2370.1337890625 2582 48156.8828125 255 255 0
v 2250.1337890625 2582 48156.8828125 255 255 0
v 2370.1337890625 2582 48156.8828125 255 255 0
v 2370.1337890625 2632 48156.8828125 255 255 0
v 2370.1337890625 2632 48256.8828125 255 255 0
v 2370.1337890625 2582 48256.8828125 255 255 0
v 2370.1337890625 2582 48256.8828125 255 255 0
v 2370.1337890625 2632 48256.8828125 255 255 0
v 2250.1337890625 2632 48256.8828125 255 255 0
v 2250.1337890625 2582 48256.8828125 255 255 0
v 2250.1337890625 2632 48156.8828125 255 255 0
v 2250.1337890625 2582 48156.8828125 255 255 0
v 2250.1337890625 2582 48256.8828125 255 255 0
v 2250.1337890625 2632 48256.8828125 255 255 0
v 2250.1337890625 2582 48156.8828125 255 255 0
v 2370.1337890625 2582 48156.8828125 255 255 0
v 2370.1337890625 2582 48256.8828125 255 255 0
v 2250.1337890625 2582 48256.8828125 255 255 0
v 2370.1337890625 2632 48156.8828125 255 255 0
v 2250.1337890625 2632 48156.8828125 255 255 0
v 2370.1337890625 2632 48256.8828125 255 255 0
v 2250.1337890625 2632 48256.8828125 255 255 0
vt 0.50002074241638184 0.62505191564559937
vt 0.99851441383361816 0.62505191564559937
vt 0.99851441383361816 0.83190333843231201
vt 0.50002074241638184 0.83190333843231201
vt 0.95833683013916016 0.4151880145072937
vt 0.75002080202102661 0.4151880145072937
vt 0.75002080202102661 2.075836164294742E-05
vt 0.95833683013916016 2.075836164294742E-05
vt 0.50002074241638184 0.62354570627212524
vt 0.50002074241638184 0.4166942834854126
vt 0.99851441383361816 0.4166942834854126
vt 0.99851441383361816 0.62354570627212524
vt 0.50002080202102661 2.075836164294742E-05
vt 0.70833683013916016 2.075836164294742E-05
vt 0.70833683013916016 0.4151880145072937
vt 0.50002080202102661 0.4151880145072937
vt 0.49851438403129578 0.83190327882766724
vt 2.0770792616531253E-05 0.83190327882766724
vt 2.0770792616531253E-05 0.41671520471572876
vt 0.49851438403129578 0.41671520471572876
vt 2.0770792616531253E-05 2.0759403923875652E-05
vt 0.49851438403129578 2.0759403923875652E-05
vt 2.0770792616531253E-05 0.4152088463306427
vt 0.49851438403129578 0.4152088463306427
vn 0 0 -1
vn 0 0 -1
vn 0 0 -1
vn 0 0 -1
vn 1 0 0
vn 1 0 0
vn 1 0 0
vn 1 0 0
vn 0 0 1
vn 0 0 1
vn 0 0 1
vn 0 0 1
vn -1 0 0
vn -1 0 0
vn -1 0 0
vn -1 0 0
vn 0 -1 0
vn 0 -1 0
vn 0 -1 0
vn 0 -1 0
vn 0 1 0
vn 0 1 0
vn 0 1 0
vn 0 1 0
f 193/193/193 194/194/194 195/195/195 196/196/196
f 197/197/197 198/198/198 199/199/199
f 199/199/199 200/200/200 197/197/197
f 202/202/202 203/203/203 204/204/204 201/201/201
f 206/206/206 208/208/208 205/205/205
f 208/208/208 206/206/206 207/207/207
f 211/211/211 212/212/212 209/209/209 210/210/210
f 213/213/213 214/214/214 216/216/216 215/215/215
v 2420.7587890625 2582 48106.2578125 255 255 0
v 2420.7587890625 2582 48307.5078125 255 255 0
v 2420.7587890625 2569.5 48307.5078125 255 255 0
v 2420.7587890625 2569.5 48106.2578125 255 255 0
v 2420.7587890625 2569.5 48307.5078125 255 255 0
v 2420.7587890625 2582 48307.5078125 255 255 0
v 2403.5087890625 2582 48307.5078125 255 255 0
v 2403.5087890625 2569.5 48307.5078125 255 255 0
v 2403.5087890625 2569.5 48307.5078125 255 255 0
v 2403.5087890625 2582 48307.5078125 255 255 0
v 2403.5087890625 2582 48106.2578125 255 255 0
v 2403.5087890625 2569.5 48106.2578125 255 255 0
v 2420.7587890625 2582 48106.2578125 255 255 0
v 2420.7587890625 2569.5 48106.2578125 255 255 0
v 2403.5087890625 2569.5 48106.2578125 255 255 0
v 2403.5087890625 2582 48106.2578125 255 255 0
v 2420.7587890625 2569.5 48106.2578125 255 255 0
v 2420.7587890625 2569.5 48307.5078125 255 255 0
v 2403.5087890625 2569.5 48307.5078125 255 255 0
v 2403.5087890625 2569.5 48106.2578125 255 255 0
v 2420.7587890625 2582 48307.5078125 255 255 0
v 2420.7587890625 2582 48106.2578125 255 255 0
v 2403.5087890625 2582 48307.5078125 255 255 0
v 2403.5087890625 2582 48106.2578125 255 255 0
vt 0.079008758068084717 0.72752189636230469
vt 0.99851232767105103 0.72752189636230469
vt 0.99851232767105103 0.78472495079040527
vt 0.079008758068084717 0.78472495079040527
vt 0.59671884775161743 0.078963026404380798
vt 0.53951585292816162 0.078963026404380798
vt 0.53951585292816162 2.2881200493429787E-05
vt 0.59671884775161743 2.2881200493429787E-05
vt 0.079008758068084717 0.59120988845825195
vt 0.079008758068084717 0.53400689363479614
vt 0.99851232767105103 0.53400689363479614
vt 0.99851232767105103 0.59120988845825195
vt 0.079008787870407104 2.2881200493429787E-05
vt 0.13621178269386292 2.2881200493429787E-05
vt 0.13621178269386292 0.078963026404380798
vt 0.079008787870407104 0.078963026404380798
vt 0.99851232767105103 0.3459550142288208
vt 0.079008758068084717 0.3459550142288208
vt 0.079008758068084717 0.26701486110687256
vt 0.99851232767105103 0.26701486110687256
vt 2.2456853912444785E-05 0.91952639818191528
vt 2.2456853912444785E-05 2.2844809791422449E-05
vt 0.077498607337474823 0.91952639818191528
vt 0.077498607337474823 2.2844809791422449E-05
vn 1 0 0
vn 1 0 0
vn 1 0 0
vn 1 0 0
vn 0 0 1
vn 0 0 1
vn 0 0 1
vn 0 0 1
vn -1 0 0
vn -1 0 0
vn -1 0 0
vn -1 0 0
vn 0 0 -1
vn 0 0 -1
vn 0 0 -1
vn 0 0 -1
vn 0 -1 0
vn 0 -1 0
vn 0 -1 0
vn 0 -1 0
vn 0 1 0
vn 0 1 0
vn 0 1 0
vn 0 1 0
f 220/220/220 217/217/217 218/218/218
f 218/218/218 219/219/219 220/220/220
f 222/222/222 223/223/223 224/224/224 221/221/221
f 228/228/228 226/226/226 227/227/227
f 226/226/226 228/228/228 225/225/225
f 232/232/232 229/229/229 230/230/230 231/231/231
f 235/235/235 236/236/236 233/233/233 234/234/234
f 237/237/237 238/238/238 240/240/240 239/239/239
v 2219.5087890625 2582 48106.2578125 255 255 0
v 2236.7587890625 2582 48106.2578125 255 255 0
v 2236.7587890625 2569.5 48106.2578125 255 255 0
v 2219.5087890625 2569.5 48106.2578125 255 255 0
v 2236.7587890625 2569.5 48106.2578125 255 255 0
v 2236.7587890625 2582 48106.2578125 255 255 0
v 2236.7587890625 2582 48307.5078125 255 255 0
v 2236.7587890625 2569.5 48307.5078125 255 255 0
v 2236.7587890625 2569.5 48307.5078125 255 255 0
v 2236.7587890625 2582 48307.5078125 255 255 0
v 2219.5087890625 2582 48307.5078125 255 255 0
v 2219.5087890625 2569.5 48307.5078125 255 255 0
v 2219.5087890625 2582 48106.2578125 255 255 0
v 2219.5087890625 2569.5 48106.2578125 255 255 0
v 2219.5087890625 2569.5 48307.5078125 255 255 0
v 2219.5087890625 2582 48307.5078125 255 255 0
v 2219.5087890625 2569.5 48106.2578125 255 255 0
v 2236.7587890625 2569.5 48106.2578125 255 255 0
v 2236.7587890625 2569.5 48307.5078125 255 255 0
v 2219.5087890625 2569.5 48307.5078125 255 255 0
v 2236.7587890625 2582 48106.2578125 255 255 0
v 2219.5087890625 2582 48106.2578125 255 255 0
v 2236.7587890625 2582 48307.5078125 255 255 0
v 2219.5087890625 2582 48307.5078125 255 255 0
vt 0.53951585292816162 0.078963026404380798
vt 0.53951585292816162 2.2881200493429787E-05
vt 0.59671884775161743 2.2881200493429787E-05
vt 0.59671884775161743 0.078963026404380798
vt 0.079008758068084717 0.78472495079040527
vt 0.079008758068084717 0.72752189636230469
vt 0.99851232767105103 0.72752189636230469
vt 0.99851232767105103 0.78472495079040527
vt 0.13621178269386292 0.078963026404380798
vt 0.079008787870407104 0.078963026404380798
vt 0.079008787870407104 2.2881200493429787E-05
vt 0.13621178269386292 2.2881200493429787E-05
vt 0.99851232767105103 0.53400689363479614
vt 0.99851232767105103 0.59120988845825195
vt 0.079008758068084717 0.59120988845825195
vt 0.079008758068084717 0.53400689363479614
vt 0.99851232767105103 0.26701486110687256
vt 0.99851232767105103 0.3459550142288208
vt 0.07900875061750412 0.3459550142288208
vt 0.07900875061750412 0.26701486110687256
vt 2.2456189981312491E-05 2.2844809791422449E-05
vt 0.077498607337474823 2.2844809791422449E-05
vt 2.2456189981312491E-05 0.91952639818191528
vt 0.077498607337474823 0.91952639818191528
vn 0 0 -1
vn 0 0 -1
vn 0 0 -1
vn 0 0 -1
vn 1 0 0
vn 1 0 0
vn 1 0 0
vn 1 0 0
vn 0 0 1
vn 0 0 1
vn 0 0 1
vn 0 0 1
vn -1 0 0
vn -1 0 0
vn -1 0 0
vn -1 0 0
vn 0 -1 0
vn 0 -1 0
vn 0 -1 0
vn 0 -1 0
vn 0 1 0
vn 0 1 0
vn 0 1 0
vn 0 1 0
f 241/241/241 242/242/242 243/243/243 244/244/244
f 245/245/245 246/246/246 247/247/247
f 247/247/247 248/248/248 245/245/245
f 250/250/250 251/251/251 252/252/252 249/249/249
f 254/254/254 256/256/256 253/253/253
f 256/256/256 254/254/254 255/255/255
f 259/259/259 260/260/260 257/257/257 258/258/258
f 261/261/261 262/262/262 264/264/264 263/263/263
v 2370.1337890625 2582 48156.8828125 255 255 0
v 2370.1337890625 2582 48256.8828125 255 255 0
v 2370.1337890625 2569.5 48256.8828125 255 255 0
v 2370.1337890625 2569.5 48156.8828125 255 255 0
v 2370.1337890625 2569.5 48256.8828125 255 255 0
v 2370.1337890625 2582 48256.8828125 255 255 0
v 2269.72216796875 2582 48256.8828125 255 255 0
v 2269.72216796875 2569.5 48256.8828125 255 255 0
v 2269.72216796875 2569.5 48256.8828125 255 255 0
v 2269.72216796875 2582 48256.8828125 255 255 0
v 2269.72216796875 2582 48156.8828125 255 255 0
v 2269.72216796875 2569.5 48156.8828125 255 255 0
v 2370.1337890625 2582 48156.8828125 255 255 0
v 2370.1337890625 2569.5 48156.8828125 255 255 0
v 2269.72216796875 2569.5 48156.8828125 255 255 0
v 2269.72216796875 2582 48156.8828125 255 255 0
v 2370.1337890625 2569.5 48156.8828125 255 255 0
v 2370.1337890625 2569.5 48256.8828125 255 255 0
v 2269.72216796875 2569.5 48256.8828125 255 255 0
v 2269.72216796875 2569.5 48156.8828125 255 255 0
v 2370.1337890625 2582 48256.8828125 255 255 0
v 2370.1337890625 2582 48156.8828125 255 255 0
v 2269.72216796875 2582 48256.8828125 255 255 0
v 2269.72216796875 2582 48156.8828125 255 255 0
vt 0.062568157911300659 0.49997499585151672
vt 0.062568157911300659 2.4997500077006407E-05
vt 0.12359823286533356 2.4997500077006407E-05
vt 0.12359823286533356 0.49997499585151672
vt 0.18614198267459869 0.50203251838684082
vt 0.1251119077205658 0.50203251838684082
vt 0.1251119077205658 2.4997500077006407E-05
vt 0.18614198267459869 2.4997500077006407E-05
vt 0.061054486781358719 0.49997499585151672
vt 2.441203105263412E-05 0.49997499585151672
vt 2.441203105263412E-05 2.4997500077006407E-05
vt 0.061054486781358719 2.4997500077006407E-05
vt 0.18765564262866974 2.4997500077006407E-05
vt 0.24868571758270264 2.4997500077006407E-05
vt 0.24868571758270264 0.50203251838684082
vt 0.18765564262866974 0.50203251838684082
vt 0.75074267387390137 2.4924265744630247E-05
vt 0.75074267387390137 0.4985102117061615
vt 0.25019991397857666 0.4985102117061615
vt 0.25019991397857666 2.4924265744630247E-05
vt 0.25019991397857666 0.99851024150848389
vt 0.25019991397857666 0.50002491474151611
vt 0.75074267387390137 0.99851024150848389
vt 0.75074267387390137 0.50002491474151611
vn 1 0 0
vn 1 0 0
vn 1 0 0
vn 1 0 0
vn 0 0 1
vn 0 0 1
vn 0 0 1
vn 0 0 1
vn -1 0 0
vn -1 0 0
vn -1 0 0
vn -1 0 0
vn 0 0 -1
vn 0 0 -1
vn 0 0 -1
vn 0 0 -1
vn 0 -1 0
vn 0 -1 0
vn 0 -1 0
vn 0 -1 0
vn 0 1 0
vn 0 1 0
vn 0 1 0
vn 0 1 0
f 267/267/267 265/265/265 266/266/266
f 265/265/265 267/267/267 268/268/268
f 270/270/270 271/271/271 272/272/272 269/269/269
f 273/273/273 274/274/274 275/275/275
f 275/275/275 276/276/276 273/273/273
f 280/280/280 277/277/277 278/278/278 279/279/279
f 282/282/282 283/283/283 284/284/284
f 284/284/284 281/281/281 282/282/282
f 287/287/287 285/285/285 286/286/286
f 286/286/286 288/288/288 287/287/287
v 2176.3837890625 2569.5 48063.1328125 255 255 0
v 2463.8837890625 2569.5 48063.1328125 255 255 0
v 2463.8837890625 2469.5 48063.1328125 255 255 0
v 2176.3837890625 2469.5 48063.1328125 255 255 0
v 2463.8837890625 2469.5 48063.1328125 255 255 0
v 2463.8837890625 2569.5 48063.1328125 255 255 0
v 2463.8837890625 2569.5 48350.6328125 255 255 0
v 2463.8837890625 2469.5 48350.6328125 255 255 0
v 2463.8837890625 2469.5 48350.6328125 255 255 0
v 2463.8837890625 2569.5 48350.6328125 255 255 0
v 2176.3837890625 2569.5 48350.6328125 255 255 0
v 2176.3837890625 2469.5 48350.6328125 255 255 0
v 2176.3837890625 2569.5 48063.1328125 255 255 0
v 2176.3837890625 2469.5 48063.1328125 255 255 0
v 2176.3837890625 2469.5 48350.6328125 255 255 0
v 2176.3837890625 2569.5 48350.6328125 255 255 0
v 2176.3837890625 2469.5 48063.1328125 255 255 0
v 2463.8837890625 2469.5 48063.1328125 255 255 0
v 2463.8837890625 2469.5 48350.6328125 255 255 0
v 2176.3837890625 2469.5 48350.6328125 255 255 0
v 2463.8837890625 2569.5 48063.1328125 255 255 0
v 2176.3837890625 2569.5 48063.1328125 255 255 0
v 2463.8837890625 2569.5 48350.6328125 255 255 0
v 2176.3837890625 2569.5 48350.6328125 255 255 0
vt 8.6767831817269325E-06 0.25000870227813721
vt 0.49852648377418518 0.25000870227813721
vt 0.49852648377418518 0.42391568422317505
vt 8.6767831817269325E-06 0.42391568422317505
vt 8.6767831817269325E-06 0.92391568422317505
vt 8.6767831817269325E-06 0.75000870227813721
vt 0.49852648377418518 0.75000870227813721
vt 0.49852648377418518 0.92391568422317505
vt 8.6767831817269325E-06 0.17391568422317505
vt 8.6767831817269325E-06 8.6953496065689251E-06
vt 0.49852648377418518 8.6953496065689251E-06
vt 0.49852648377418518 0.17391568422317505
vt 0.49852648377418518 0.50000870227813721
vt 0.49852648377418518 0.67391568422317505
vt 8.6767831817269325E-06 0.67391568422317505
vt 8.6767831817269325E-06 0.50000870227813721
vt 0.99852651357650757 0.99852645397186279
vt 0.50000870227813721 0.99852645397186279
vt 0.50000870227813721 0.50000864267349243
vt 0.99852651357650757 0.50000864267349243
vt 0.50000870227813721 8.6698746599722654E-06
vt 0.99852651357650757 8.6698746599722654E-06
vt 0.50000870227813721 0.49852648377418518
vt 0.99852651357650757 0.49852648377418518
vn 0 0 -1
vn 0 0 -1
vn 0 0 -1
vn 0 0 -1
vn 1 0 0
vn 1 0 0
vn 1 0 0
vn 1 0 0
vn 0 0 1
vn 0 0 1
vn 0 0 1
vn 0 0 1
vn -1 0 0
vn -1 0 0
vn -1 0 0
vn -1 0 0
vn 0 -1 0
vn 0 -1 0
vn 0 -1 0
vn 0 -1 0
vn 0 1 0
vn 0 1 0
vn 0 1 0
vn 0 1 0
f 289/289/289 290/290/290 291/291/291 292/292/292
f 293/293/293 294/294/294 295/295/295
f 295/295/295 296/296/296 293/293/293
f 298/298/298 299/299/299 300/300/300 297/297/297
f 302/302/302 304/304/304 301/301/301
f 304/304/304 302/302/302 303/303/303
f 307/307/307 308/308/308 305/305/305 306/306/306
f 309/309/309 310/310/310 312/312/312 311/311/311
v 2186.3837890625 2469.5 48073.1328125 255 255 0
v 2453.8837890625 2469.5 48073.1328125 255 255 0
v 2453.8837890625 2434.5 48073.1328125 255 255 0
v 2186.3837890625 2434.5 48073.1328125 255 255 0
v 2453.8837890625 2434.5 48073.1328125 255 255 0
v 2453.8837890625 2469.5 48073.1328125 255 255 0
v 2453.8837890625 2469.5 48340.6328125 255 255 0
v 2453.8837890625 2434.5 48340.6328125 255 255 0
v 2453.8837890625 2434.5 48340.6328125 255 255 0
v 2453.8837890625 2469.5 48340.6328125 255 255 0
v 2186.3837890625 2469.5 48340.6328125 255 255 0
v 2186.3837890625 2434.5 48340.6328125 255 255 0
v 2186.3837890625 2469.5 48073.1328125 255 255 0
v 2186.3837890625 2434.5 48073.1328125 255 255 0
v 2186.3837890625 2434.5 48340.6328125 255 255 0
v 2186.3837890625 2469.5 48340.6328125 255 255 0
v 2186.3837890625 2434.5 48073.1328125 255 255 0
v 2453.8837890625 2434.5 48073.1328125 255 255 0
v 2453.8837890625 2434.5 48340.6328125 255 255 0
v 2186.3837890625 2434.5 48340.6328125 255 255 0
v 2453.8837890625 2469.5 48073.1328125 255 255 0
v 2186.3837890625 2469.5 48073.1328125 255 255 0
v 2453.8837890625 2469.5 48340.6328125 255 255 0
v 2186.3837890625 2469.5 48340.6328125 255 255 0
vt 0.065445944666862488 0.49999064207077026
vt 0.065445944666862488 9.3454445959650911E-06
vt 0.1293996274471283 9.3454445959650911E-06
vt 0.1293996274471283 0.49999064207077026
vt 0.063962824642658234 0.49999064207077026
vt 9.1362417151685804E-06 0.49999064207077026
vt 9.1362417151685804E-06 9.3454445959650911E-06
vt 0.063962824642658234 9.3454445959650911E-06
vt 0.26027324795722961 0.49999064207077026
vt 0.19631955027580261 0.49999064207077026
vt 0.19631955027580261 9.3454445959650911E-06
vt 0.26027324795722961 9.3454445959650911E-06
vt 0.13088275492191315 9.3454445959650911E-06
vt 0.19483643770217896 9.3454445959650911E-06
vt 0.19483643770217896 0.49999064207077026
vt 0.13088275492191315 0.49999064207077026
vt 0.7602730393409729 0.99852579832077026
vt 0.26175656914710999 0.99852579832077026
vt 0.26175656914710999 0.50000929832458496
vt 0.7602730393409729 0.50000929832458496
vt 0.26175656914710999 9.3180651674629189E-06
vt 0.7602730393409729 9.3180651674629189E-06
vt 0.26175656914710999 0.49852582812309265
vt 0.7602730393409729 0.49852582812309265
vn 0 0 -1
vn 0 0 -1
vn 0 0 -1
vn 0 0 -1
vn 1 0 0
vn 1 0 0
vn 1 0 0
vn 1 0 0
vn 0 0 1
vn 0 0 1
vn 0 0 1
vn 0 0 1
vn -1 0 0
vn -1 0 0
vn -1 0 0
vn -1 0 0
vn 0 -1 0
vn 0 -1 0
vn 0 -1 0
vn 0 -1 0
vn 0 1 0
vn 0 1 0
vn 0 1 0
vn 0 1 0
f 313/313/313 314/314/314 315/315/315 316/316/316
f 318/318/318 319/319/319 320/320/320 317/317/317
f 322/322/322 323/323/323 324/324/324 321/321/321
f 328/328/328 325/325/325 326/326/326 327/327/327
f 331/331/331 332/332/332 329/329/329 330/330/330
f 333/333/333 334/334/334 336/336/336 335/335/335
v 2453.8837890625 2469.5 48340.6328125 255 255 0
v 2453.8837890625 2469.5 48073.1328125 255 255 0
v 2453.8837890625 2434.5 48073.1328125 255 255 0
v 2453.8837890625 2434.5 48340.6328125 255 255 0
v 2453.8837890625 2434.5 48073.1328125 255 255 0
v 2453.8837890625 2469.5 48073.1328125 255 255 0
v 2186.3837890625 2469.5 48073.1328125 255 255 0
v 2186.3837890625 2434.5 48073.1328125 255 255 0
v 2186.3837890625 2434.5 48073.1328125 255 255 0
v 2186.3837890625 2469.5 48073.1328125 255 255 0
v 2186.3837890625 2469.5 48340.6328125 255 255 0
v 2186.3837890625 2434.5 48340.6328125 255 255 0
v 2453.8837890625 2469.5 48340.6328125 255 255 0
v 2453.8837890625 2434.5 48340.6328125 255 255 0
v 2186.3837890625 2434.5 48340.6328125 255 255 0
v 2186.3837890625 2469.5 48340.6328125 255 255 0
v 2176.3837890625 2469.5 48063.1328125 255 255 0
v 2463.8837890625 2469.5 48063.1328125 255 255 0
v 2463.8837890625 2434.5 48063.1328125 255 255 0
v 2176.3837890625 2434.5 48063.1328125 255 255 0
v 2463.8837890625 2434.5 48063.1328125 255 255 0
v 2463.8837890625 2469.5 48063.1328125 255 255 0
v 2463.8837890625 2469.5 48350.6328125 255 255 0
v 2463.8837890625 2434.5 48350.6328125 255 255 0
v 2463.8837890625 2434.5 48350.6328125 255 255 0
v 2463.8837890625 2469.5 48350.6328125 255 255 0
v 2176.3837890625 2469.5 48350.6328125 255 255 0
v 2176.3837890625 2434.5 48350.6328125 255 255 0
v 2176.3837890625 2469.5 48063.1328125 255 255 0
v 2176.3837890625 2434.5 48063.1328125 255 255 0
v 2176.3837890625 2434.5 48350.6328125 255 255 0
v 2176.3837890625 2469.5 48350.6328125 255 255 0
v 2453.8837890625 2434.5 48340.6328125 255 255 0
v 2453.8837890625 2434.5 48073.1328125 255 255 0
v 2186.3837890625 2434.5 48073.1328125 255 255 0
v 2186.3837890625 2434.5 48340.6328125 255 255 0
v 2176.3837890625 2434.5 48063.1328125 255 255 0
v 2463.8837890625 2434.5 48063.1328125 255 255 0
v 2463.8837890625 2434.5 48350.6328125 255 255 0
v 2176.3837890625 2434.5 48350.6328125 255 255 0
v 2453.8837890625 2469.5 48073.1328125 255 255 0
v 2453.8837890625 2469.5 48340.6328125 255 255 0
v 2186.3837890625 2469.5 48073.1328125 255 255 0
v 2186.3837890625 2469.5 48340.6328125 255 255 0
v 2463.8837890625 2469.5 48063.1328125 255 255 0
v 2176.3837890625 2469.5 48063.1328125 255 255 0
v 2463.8837890625 2469.5 48350.6328125 255 255 0
v 2176.3837890625 2469.5 48350.6328125 255 255 0
vt 0.06089332327246666 0.46520990133285522
vt 0.06089332327246666 8.6953496065689251E-06
vt 0.12029635161161423 8.6953496065689251E-06
vt 0.12029635161161423 0.46520990133285522
vt 0.059411510825157166 0.46520990133285522
vt 8.4861458162777126E-06 0.46520990133285522
vt 8.4861458162777126E-06 8.6953496065689251E-06
vt 0.059411510825157166 8.6953496065689251E-06
vt 0.24206602573394775 0.46520990133285522
vt 0.18266300857067108 0.46520990133285522
vt 0.18266300857067108 8.6953496065689251E-06
vt 0.24206602573394775 8.6953496065689251E-06
vt 0.12177816033363342 8.6953496065689251E-06
vt 0.18118119239807129 8.6953496065689251E-06
vt 0.18118119239807129 0.46520990133285522
vt 0.12177816033363342 0.46520990133285522
vt 0.30443269014358521 0.49999129772186279
vt 0.30443269014358521 8.6953496065689251E-06
vt 0.36383569240570068 8.6953496065689251E-06
vt 0.36383569240570068 0.49999129772186279
vt 0.30295085906982422 0.49999129772186279
vt 0.24354784190654755 0.49999129772186279
vt 0.24354784190654755 8.6953496065689251E-06
vt 0.30295085906982422 8.6953496065689251E-06
vt 0.485605388879776 0.49999129772186279
vt 0.42620235681533813 0.49999129772186279
vt 0.42620235681533813 8.6953496065689251E-06
vt 0.485605388879776 8.6953496065689251E-06
vt 0.36531752347946167 8.6953496065689251E-06
vt 0.42472055554389954 8.6953496065689251E-06
vt 0.42472055554389954 0.49999129772186279
vt 0.36531752347946167 0.49999129772186279
vt 0.50442713499069214 0.51734840869903564
vt 0.50442713499069214 0.98118674755096436
vt 0.96826547384262085 0.98118674755096436
vt 0.96826547384262085 0.51734840869903564
vt 0.98560518026351929 0.99852645397186279
vt 0.48708739876747131 0.99852645397186279
vt 0.48708739876747131 0.50000864267349243
vt 0.98560518026351929 0.50000864267349243
vt 0.50442713499069214 0.01734841987490654
vt 0.50442713499069214 0.48118671774864197
vt 0.96826547384262085 0.01734841987490654
vt 0.96826547384262085 0.48118671774864197
vt 0.48708739876747131 8.6698746599722654E-06
vt 0.98560518026351929 8.6698746599722654E-06
vt 0.48708739876747131 0.49852648377418518
vt 0.98560518026351929 0.49852648377418518
vn -1 0 0
vn -1 0 0
vn -1 0 0
vn -1 0 0
vn 0 0 1
vn 0 0 1
vn 0 0 1
vn 0 0 1
vn 1 0 0
vn 1 0 0
vn 1 0 0
vn 1 0 0
vn 0 0 -1
vn 0 0 -1
vn 0 0 -1
vn 0 0 -1
vn 0 0 -1
vn 0 0 -1
vn 0 0 -1
vn 0 0 -1
vn 1 0 0
vn 1 0 0
vn 1 0 0
vn 1 0 0
vn 0 0 1
vn 0 0 1
vn 0 0 1
vn 0 0 1
vn -1 0 0
vn -1 0 0
vn -1 0 0
vn -1 0 0
vn 0 -1 0
vn 0 -1 0
vn 0 -1 0
vn 0 -1 0
vn 0 -1 0
vn 0 -1 0
vn 0 -1 0
vn 0 -1 0
vn 0 1 0
vn 0 1 0
vn 0 1 0
vn 0 1 0
vn 0 1 0
vn 0 1 0
vn 0 1 0
vn 0 1 0
f 337/337/337 338/338/338 339/339/339 340/340/340
f 342/342/342 343/343/343 344/344/344 341/341/341
f 346/346/346 347/347/347 348/348/348 345/345/345
f 352/352/352 349/349/349 350/350/350 351/351/351
f 353/353/353 354/354/354 355/355/355 356/356/356
f 358/358/358 359/359/359 360/360/360 357/357/357
f 362/362/362 363/363/363 364/364/364 361/361/361
f 368/368/368 365/365/365 366/366/366 367/367/367
f 372/372/372 369/369/369 375/375/375 376/376/376
f 371/371/371 372/372/372 376/376/376 373/373/373
f 369/369/369 370/370/370 374/374/374 375/375/375
f 370/370/370 371/371/371 373/373/373 374/374/374
f 379/379/379 377/377/377 381/381/381 382/382/382
f 382/382/382 384/384/384 380/380/380 379/379/379
f 383/383/383 381/381/381 377/377/377 378/378/378
f 378/378/378 380/380/380 384/384/384 383/383/383
v 1831.9708251953125 2599.39990234375 46757.0703125 255 255 0
v 1831.9708251953125 2599.39990234375 46877.0703125 255 255 0
v 1831.9708251953125 2561.89990234375 46877.0703125 255 255 0
v 1831.9708251953125 2561.89990234375 46757.0703125 255 255 0
v 1831.9708251953125 2561.89990234375 46877.0703125 255 255 0
v 1831.9708251953125 2599.39990234375 46877.0703125 255 255 0
v 1756.9708251953125 2599.39990234375 46877.0703125 255 255 0
v 1756.9708251953125 2561.89990234375 46877.0703125 255 255 0
v 1756.9708251953125 2561.89990234375 46877.0703125 255 255 0
v 1756.9708251953125 2599.39990234375 46877.0703125 255 255 0
v 1756.9708251953125 2599.39990234375 46757.0703125 255 255 0
v 1756.9708251953125 2561.89990234375 46757.0703125 255 255 0
v 1831.9708251953125 2599.39990234375 46757.0703125 255 255 0
v 1831.9708251953125 2561.89990234375 46757.0703125 255 255 0
v 1756.9708251953125 2561.89990234375 46757.0703125 255 255 0
v 1756.9708251953125 2599.39990234375 46757.0703125 255 255 0
v 1831.9708251953125 2561.89990234375 46757.0703125 255 255 0
v 1831.9708251953125 2561.89990234375 46877.0703125 255 255 0
v 1756.9708251953125 2561.89990234375 46877.0703125 255 255 0
v 1756.9708251953125 2561.89990234375 46757.0703125 255 255 0
v 1831.9708251953125 2599.39990234375 46877.0703125 255 255 0
v 1831.9708251953125 2599.39990234375 46757.0703125 255 255 0
v 1756.9708251953125 2599.39990234375 46877.0703125 255 255 0
v 1756.9708251953125 2599.39990234375 46757.0703125 255 255 0
vt 2.2219501261133701E-05 0.16671091318130493
vt 0.53328442573547363 0.16671091318130493
vt 0.53328442573547363 0.33189091086387634
vt 2.2219501261133701E-05 0.33189091086387634
vt 2.2115049432613887E-05 0.76669776439666748
vt 2.2115049432613887E-05 0.60005331039428711
vt 0.33184635639190674 0.60005331039428711
vt 0.33184635639190674 0.76669776439666748
vt 2.2219501261133701E-05 0.16520202159881592
vt 2.2219501261133701E-05 2.2023998099029996E-05
vt 0.53328442573547363 2.2023998099029996E-05
vt 0.53328442573547363 0.16520202159881592
vt 0.33184635639190674 0.33339998126029968
vt 0.33184635639190674 0.50004446506500244
vt 2.2115049432613887E-05 0.50004446506500244
vt 2.2115049432613887E-05 0.33339998126029968
vt 0.99851304292678833 2.2219259335543029E-05
vt 0.99851304292678833 0.53328442573547363
vt 0.66668879985809326 0.53328442573547363
vt 0.66668879985809326 2.2219259335543029E-05
vt 0.33335545659065247 0.86519742012023926
vt 0.33335545659065247 0.33339992165565491
vt 0.66517972946166992 0.86519742012023926
vt 0.66517972946166992 0.33339992165565491
vn 1 0 0
vn 1 0 0
vn 1 0 0
vn 1 0 0
vn 0 0 1
vn 0 0 1
vn 0 0 1
vn 0 0 1
vn -1 0 0
vn -1 0 0
vn -1 0 0
vn -1 0 0
vn 0 0 -1
vn 0 0 -1
vn 0 0 -1
vn 0 0 -1
vn 0 -1 0
vn 0 -1 0
vn 0 -1 0
vn 0 -1 0
vn 0 1 0
vn 0 1 0
vn 0 1 0
vn 0 1 0
f 385/385/385 386/386/386 387/387/387 388/388/388
f 389/389/389 390/390/390 391/391/391
f 391/391/391 392/392/392 389/389/389
f 394/394/394 395/395/395 396/396/396 393/393/393
f 398/398/398 400/400/400 397/397/397
f 400/400/400 398/398/398 399/399/399
f 403/403/403 404/404/404 401/401/401 402/402/402
f 405/405/405 406/406/406 408/408/408 407/407/407
v 1846.9708251953125 2561.89990234375 46879.5703125 255 255 0
v 1741.9708251953125 2561.89990234375 46879.5703125 255 255 0
v 1741.9708251953125 2549.5 46879.5703125 255 255 0
v 1846.9708251953125 2549.5 46879.5703125 255 255 0
v 1741.9708251953125 2549.5 46879.5703125 255 255 0
v 1741.9708251953125 2561.89990234375 46879.5703125 255 255 0
v 1741.9708251953125 2561.89990234375 46870.5703125 255 255 0
v 1741.9708251953125 2549.5 46870.5703125 255 255 0
v 1741.9708251953125 2549.5 46870.5703125 255 255 0
v 1741.9708251953125 2561.89990234375 46870.5703125 255 255 0
v 1846.9708251953125 2561.89990234375 46870.5703125 255 255 0
v 1846.9708251953125 2549.5 46870.5703125 255 255 0
v 1846.9708251953125 2561.89990234375 46879.5703125 255 255 0
v 1846.9708251953125 2549.5 46879.5703125 255 255 0
v 1846.9708251953125 2549.5 46870.5703125 255 255 0
v 1846.9708251953125 2561.89990234375 46870.5703125 255 255 0
v 1846.9708251953125 2549.5 46879.5703125 255 255 0
v 1741.9708251953125 2549.5 46879.5703125 255 255 0
v 1741.9708251953125 2549.5 46870.5703125 255 255 0
v 1846.9708251953125 2549.5 46870.5703125 255 255 0
v 1741.9708251953125 2561.89990234375 46879.5703125 255 255 0
v 1846.9708251953125 2561.89990234375 46879.5703125 255 255 0
v 1741.9708251953125 2561.89990234375 46870.5703125 255 255 0
v 1846.9708251953125 2561.89990234375 46870.5703125 255 255 0
vt 0.10573150217533112 0.63528734445571899
vt 0.99849265813827515 0.63528734445571899
vt 0.99849265813827515 0.74089109897613525
vt 0.10573150217533112 0.74089109897613525
vt 0.55288708209991455 0.10564639419317245
vt 0.55288708209991455 4.2582181777106598E-05
vt 0.6295350193977356 4.2582181777106598E-05
vt 0.6295350193977356 0.10564639419317245
vt 0.10418213903903961 0.89280366897583008
vt 4.1991996113210917E-05 0.89280366897583008
vt 4.1991996113210917E-05 4.2512438085395843E-05
vt 0.10418213903903961 4.2512438085395843E-05
vt 0.18237949907779694 4.2582181777106598E-05
vt 0.18237949907779694 0.10564639419317245
vt 0.10573156177997589 0.10564639419317245
vt 0.10573156177997589 4.2582181777106598E-05
vt 0.99849265813827515 0.52384603023529053
vt 0.10573150217533112 0.52384603023529053
vt 0.10573150217533112 0.44719809293746948
vt 0.99849265813827515 0.44719809293746948
vt 0.10573150217533112 0.25910887122154236
vt 0.99849265813827515 0.25910887122154236
vt 0.10573150217533112 0.3357568085193634
vt 0.99849265813827515 0.3357568085193634
vn 0 0 1
vn 0 0 1
vn 0 0 1
vn 0 0 1
vn -1 0 0
vn -1 0 0
vn -1 0 0
vn -1 0 0
vn 0 0 -1
vn 0 0 -1
vn 0 0 -1
vn 0 0 -1
vn 1 0 0
vn 1 0 0
vn 1 0 0
vn 1 0 0
vn 0 -1 0
vn 0 -1 0
vn 0 -1 0
vn 0 -1 0
vn 0 1 0
vn 0 1 0
vn 0 1 0
vn 0 1 0
f 411/411/411 409/409/409 410/410/410
f 409/409/409 411/411/411 412/412/412
f 414/414/414 415/415/415 416/416/416 413/413/413
f 417/417/417 418/418/418 419/419/419
f 419/419/419 420/420/420 417/417/417
f 424/424/424 421/421/421 422/422/422 423/423/423
f 427/427/427 428/428/428 425/425/425 426/426/426
f 429/429/429 430/430/430 432/432/432 431/431/431
v 1846.9708251953125 2561.89990234375 46774.5703125 255 255 0
v 1846.9708251953125 2561.89990234375 46783.5703125 255 255 0
v 1846.9708251953125 2549.5 46783.5703125 255 255 0
v 1846.9708251953125 2549.5 46774.5703125 255 255 0
v 1846.9708251953125 2549.5 46783.5703125 255 255 0
v 1846.9708251953125 2561.89990234375 46783.5703125 255 255 0
v 1741.9708251953125 2561.89990234375 46783.5703125 255 255 0
v 1741.9708251953125 2549.5 46783.5703125 255 255 0
v 1741.9708251953125 2549.5 46783.5703125 255 255 0
v 1741.9708251953125 2561.89990234375 46783.5703125 255 255 0
v 1741.9708251953125 2561.89990234375 46774.5703125 255 255 0
v 1741.9708251953125 2549.5 46774.5703125 255 255 0
v 1846.9708251953125 2561.89990234375 46774.5703125 255 255 0
v 1846.9708251953125 2549.5 46774.5703125 255 255 0
v 1741.9708251953125 2549.5 46774.5703125 255 255 0
v 1741.9708251953125 2561.89990234375 46774.5703125 255 255 0
v 1846.9708251953125 2549.5 46774.5703125 255 255 0
v 1846.9708251953125 2549.5 46783.5703125 255 255 0
v 1741.9708251953125 2549.5 46783.5703125 255 255 0
v 1741.9708251953125 2549.5 46774.5703125 255 255 0
v 1846.9708251953125 2561.89990234375 46783.5703125 255 255 0
v 1846.9708251953125 2561.89990234375 46774.5703125 255 255 0
v 1741.9708251953125 2561.89990234375 46783.5703125 255 255 0
v 1741.9708251953125 2561.89990234375 46774.5703125 255 255 0
vt 0.55288708209991455 4.2582181777106598E-05
vt 0.6295350193977356 4.2582181777106598E-05
vt 0.6295350193977356 0.10564639419317245
vt 0.55288708209991455 0.10564639419317245
vt 0.10418213903903961 0.89280366897583008
vt 4.1991996113210917E-05 0.89280366897583008
vt 4.1991996113210917E-05 4.2512438085395843E-05
vt 0.10418213903903961 4.2512438085395843E-05
vt 0.10573156177997589 0.10564639419317245
vt 0.10573156177997589 4.2582181777106598E-05
vt 0.18237949907779694 4.2582181777106598E-05
vt 0.18237949907779694 0.10564639419317245
vt 0.99849265813827515 0.63528734445571899
vt 0.99849265813827515 0.74089109897613525
vt 0.10573150217533112 0.74089109897613525
vt 0.10573150217533112 0.63528734445571899
vt 0.99849265813827515 0.44719809293746948
vt 0.99849265813827515 0.52384603023529053
vt 0.10573149472475052 0.52384603023529053
vt 0.10573149472475052 0.44719809293746948
vt 0.10573149472475052 0.3357568085193634
vt 0.10573149472475052 0.25910887122154236
vt 0.99849265813827515 0.3357568085193634
vt 0.99849265813827515 0.25910887122154236
vn 1 0 0
vn 1 0 0
vn 1 0 0
vn 1 0 0
vn 0 0 1
vn 0 0 1
vn 0 0 1
vn 0 0 1
vn -1 0 0
vn -1 0 0
vn -1 0 0
vn -1 0 0
vn 0 0 -1
vn 0 0 -1
vn 0 0 -1
vn 0 0 -1
vn 0 -1 0
vn 0 -1 0
vn 0 -1 0
vn 0 -1 0
vn 0 1 0
vn 0 1 0
vn 0 1 0
vn 0 1 0
f 433/433/433 434/434/434 435/435/435 436/436/436
f 440/440/440 438/438/438 439/439/439
f 438/438/438 440/440/440 437/437/437
f 442/442/442 443/443/443 444/444/444 441/441/441
f 447/447/447 448/448/448 445/445/445
f 445/445/445 446/446/446 447/447/447
f 451/451/451 452/452/452 449/449/449 450/450/450
f 453/453/453 454/454/454 456/456/456 455/455/455
v 1844.4708251953125 2561.89990234375 46877.0703125 255 255 0
v 1744.4708251953125 2561.89990234375 46877.0703125 255 255 0
v 1744.4708251953125 2549.5 46877.0703125 255 255 0
v 1844.4708251953125 2549.5 46877.0703125 255 255 0
v 1744.4708251953125 2549.5 46877.0703125 255 255 0
v 1744.4708251953125 2561.89990234375 46877.0703125 255 255 0
v 1744.4708251953125 2561.89990234375 46776.66015625 255 255 0
v 1744.4708251953125 2549.5 46776.66015625 255 255 0
v 1744.4708251953125 2549.5 46776.66015625 255 255 0
v 1744.4708251953125 2561.89990234375 46776.66015625 255 255 0
v 1844.4708251953125 2561.89990234375 46776.66015625 255 255 0
v 1844.4708251953125 2549.5 46776.66015625 255 255 0
v 1844.4708251953125 2561.89990234375 46877.0703125 255 255 0
v 1844.4708251953125 2549.5 46877.0703125 255 255 0
v 1844.4708251953125 2549.5 46776.66015625 255 255 0
v 1844.4708251953125 2561.89990234375 46776.66015625 255 255 0
v 1844.4708251953125 2549.5 46877.0703125 255 255 0
v 1744.4708251953125 2549.5 46877.0703125 255 255 0
v 1744.4708251953125 2549.5 46776.66015625 255 255 0
v 1844.4708251953125 2549.5 46776.66015625 255 255 0
v 1744.4708251953125 2561.89990234375 46877.0703125 255 255 0
v 1844.4708251953125 2561.89990234375 46877.0703125 255 255 0
v 1744.4708251953125 2561.89990234375 46776.66015625 255 255 0
v 1844.4708251953125 2561.89990234375 46776.66015625 255 255 0
vt 0.06206820160150528 0.49997499585151672
vt 0.06206820160150528 2.4997500077006407E-05
vt 0.12259833514690399 2.4997500077006407E-05
vt 0.12259833514690399 0.49997499585151672
vt 0.2466859370470047 0.50203251838684082
vt 0.18615579605102539 0.50203251838684082
vt 0.18615579605102539 2.4997500077006407E-05
vt 0.2466859370470047 2.4997500077006407E-05
vt 0.060554541647434235 0.49997499585151672
vt 2.4407312594121322E-05 0.49997499585151672
vt 2.4407312594121322E-05 2.4997500077006407E-05
vt 0.060554541647434235 2.4997500077006407E-05
vt 0.12411199510097504 2.4997500077006407E-05
vt 0.18464213609695435 2.4997500077006407E-05
vt 0.18464213609695435 0.50203251838684082
vt 0.12411199510097504 0.50203251838684082
vt 0.74874287843704224 0.50002491474151611
vt 0.74874287843704224 0.99851024150848389
vt 0.24820010364055634 0.99851024150848389
vt 0.24820010364055634 0.50002491474151611
vt 0.24820010364055634 0.4985102117061615
vt 0.24820010364055634 2.4924265744630247E-05
vt 0.74874287843704224 0.4985102117061615
vt 0.74874287843704224 2.4924265744630247E-05
vn 0 0 1
vn 0 0 1
vn 0 0 1
vn 0 0 1
vn -1 0 0
vn -1 0 0
vn -1 0 0
vn -1 0 0
vn 0 0 -1
vn 0 0 -1
vn 0 0 -1
vn 0 0 -1
vn 1 0 0
vn 1 0 0
vn 1 0 0
vn 1 0 0
vn 0 -1 0
vn 0 -1 0
vn 0 -1 0
vn 0 -1 0
vn 0 1 0
vn 0 1 0
vn 0 1 0
vn 0 1 0
f 459/459/459 457/457/457 458/458/458
f 457/457/457 459/459/459 460/460/460
f 462/462/462 463/463/463 464/464/464 461/461/461
f 465/465/465 466/466/466 467/467/467
f 467/467/467 468/468/468 465/465/465
f 472/472/472 469/469/469 470/470/470 471/471/471
f 476/476/476 473/473/473 474/474/474 475/475/475
f 479/479/479 477/477/477 478/478/478 480/480/480
v 1869.4708251953125 2549.5 46752.0703125 255 255 0
v 1869.4708251953125 2549.5 46902.0703125 255 255 0
v 1869.4708251953125 2449.5 46902.0703125 255 255 0
v 1869.4708251953125 2449.5 46752.0703125 255 255 0
v 1869.4708251953125 2449.5 46902.0703125 255 255 0
v 1869.4708251953125 2549.5 46902.0703125 255 255 0
v 1719.4708251953125 2549.5 46902.0703125 255 255 0
v 1719.4708251953125 2449.5 46902.0703125 255 255 0
v 1719.4708251953125 2449.5 46902.0703125 255 255 0
v 1719.4708251953125 2549.5 46902.0703125 255 255 0
v 1719.4708251953125 2549.5 46752.0703125 255 255 0
v 1719.4708251953125 2449.5 46752.0703125 255 255 0
v 1869.4708251953125 2549.5 46752.0703125 255 255 0
v 1869.4708251953125 2449.5 46752.0703125 255 255 0
v 1719.4708251953125 2449.5 46752.0703125 255 255 0
v 1719.4708251953125 2549.5 46752.0703125 255 255 0
v 1869.4708251953125 2449.5 46752.0703125 255 255 0
v 1869.4708251953125 2449.5 46902.0703125 255 255 0
v 1719.4708251953125 2449.5 46902.0703125 255 255 0
v 1719.4708251953125 2449.5 46752.0703125 255 255 0
v 1869.4708251953125 2549.5 46902.0703125 255 255 0
v 1869.4708251953125 2549.5 46752.0703125 255 255 0
v 1719.4708251953125 2549.5 46902.0703125 255 255 0
v 1719.4708251953125 2549.5 46752.0703125 255 255 0
vt 0.71429586410522461 0.42708417773246765
vt 0.71429586410522461 1.4235664821171667E-05
vt 0.99852097034454346 1.4235664821171667E-05
vt 0.99852097034454346 0.42708417773246765
vt 0.99852097034454346 0.85564744472503662
vt 0.71429586410522461 0.85564744472503662
vt 0.71429586410522461 0.42857751250267029
vt 0.99852097034454346 0.42857751250267029
vt 0.71280258893966675 0.42708417773246765
vt 0.4285774827003479 0.42708417773246765
vt 0.4285774827003479 1.4235664821171667E-05
vt 0.71280258893966675 1.4235664821171667E-05
vt 0.4285774827003479 0.42857751250267029
vt 0.71280258893966675 0.42857751250267029
vt 0.71280258893966675 0.85564744472503662
vt 0.4285774827003479 0.85564744472503662
vt 0.42708417773246765 0.85564744472503662
vt 1.4230490705813281E-05 0.85564744472503662
vt 1.4230490705813281E-05 0.42857751250267029
vt 0.42708417773246765 0.42857751250267029
vt 1.4230490705813281E-05 1.4235664821171667E-05
vt 0.42708417773246765 1.4235664821171667E-05
vt 1.4230490705813281E-05 0.42708417773246765
vt 0.42708417773246765 0.42708417773246765
vn 1 0 0
vn 1 0 0
vn 1 0 0
vn 1 0 0
vn 0 0 1
vn 0 0 1
vn 0 0 1
vn 0 0 1
vn -1 0 0
vn -1 0 0
vn -1 0 0
vn -1 0 0
vn 0 0 -1
vn 0 0 -1
vn 0 0 -1
vn 0 0 -1
vn 0 -1 0
vn 0 -1 0
vn 0 -1 0
vn 0 -1 0
vn 0 1 0
vn 0 1 0
vn 0 1 0
vn 0 1 0
f 481/481/481 482/482/482 483/483/483 484/484/484
f 485/485/485 486/486/486 487/487/487
f 487/487/487 488/488/488 485/485/485
f 490/490/490 491/491/491 492/492/492 489/489/489
f 494/494/494 496/496/496 493/493/493
f 496/496/496 494/494/494 495/495/495
f 499/499/499 500/500/500 497/497/497 498/498/498
f 501/501/501 502/502/502 504/504/504 503/503/503
v 1859.4708251953125 2449.5 46762.0703125 255 255 0
v 1859.4708251953125 2449.5 46892.0703125 255 255 0
v 1859.4708251953125 2444.5 46892.0703125 255 255 0
v 1859.4708251953125 2444.5 46762.0703125 255 255 0
v 1859.4708251953125 2444.5 46892.0703125 255 255 0
v 1859.4708251953125 2449.5 46892.0703125 255 255 0
v 1729.4708251953125 2449.5 46892.0703125 255 255 0
v 1729.4708251953125 2444.5 46892.0703125 255 255 0
v 1729.4708251953125 2444.5 46892.0703125 255 255 0
v 1729.4708251953125 2449.5 46892.0703125 255 255 0
v 1729.4708251953125 2449.5 46762.0703125 255 255 0
v 1729.4708251953125 2444.5 46762.0703125 255 255 0
v 1859.4708251953125 2449.5 46762.0703125 255 255 0
v 1859.4708251953125 2444.5 46762.0703125 255 255 0
v 1729.4708251953125 2444.5 46762.0703125 255 255 0
v 1729.4708251953125 2449.5 46762.0703125 255 255 0
v 1859.4708251953125 2444.5 46762.0703125 255 255 0
v 1859.4708251953125 2444.5 46892.0703125 255 255 0
v 1729.4708251953125 2444.5 46892.0703125 255 255 0
v 1729.4708251953125 2444.5 46762.0703125 255 255 0
v 1859.4708251953125 2449.5 46892.0703125 255 255 0
v 1859.4708251953125 2449.5 46762.0703125 255 255 0
v 1729.4708251953125 2449.5 46892.0703125 255 255 0
v 1729.4708251953125 2449.5 46762.0703125 255 255 0
vt 0.019285516813397408 0.49998077750205994
vt 0.019285516813397408 1.9229290046496317E-05
vt 0.037052884697914124 1.9229290046496317E-05
vt 0.037052884697914124 0.49998077750205994
vt 0.017785137519240379 0.49998077750205994
vt 1.7767370081855915E-05 0.49998077750205994
vt 1.7767370081855915E-05 1.9229290046496317E-05
vt 0.017785137519240379 1.9229290046496317E-05
vt 0.07558838278055191 0.49998077750205994
vt 0.057821013033390045 0.49998077750205994
vt 0.057821013033390045 1.9229290046496317E-05
vt 0.07558838278055191 1.9229290046496317E-05
vt 0.038553263992071152 1.9229290046496317E-05
vt 0.056320633739233017 1.9229290046496317E-05
vt 0.056320633739233017 0.49998077750205994
vt 0.038553263992071152 0.49998077750205994
vt 0.57558697462081909 0.99851596355438232
vt 0.077090159058570862 0.99851596355438232
vt 0.077090159058570862 0.50001919269561768
vt 0.57558697462081909 0.50001919269561768
vt 0.077090159058570862 1.9172954125679098E-05
vt 0.57558697462081909 1.9172954125679098E-05
vt 0.077090159058570862 0.49851599335670471
vt 0.57558697462081909 0.49851599335670471
vn 1 0 0
vn 1 0 0
vn 1 0 0
vn 1 0 0
vn 0 0 1
vn 0 0 1
vn 0 0 1
vn 0 0 1
vn -1 0 0
vn -1 0 0
vn -1 0 0
vn -1 0 0
vn 0 0 -1
vn 0 0 -1
vn 0 0 -1
vn 0 0 -1
vn 0 -1 0
vn 0 -1 0
vn 0 -1 0
vn 0 -1 0
vn 0 1 0
vn 0 1 0
vn 0 1 0
vn 0 1 0
f 505/505/505 506/506/506 507/507/507 508/508/508
f 510/510/510 511/511/511 512/512/512 509/509/509
f 514/514/514 515/515/515 516/516/516 513/513/513
f 520/520/520 517/517/517 518/518/518 519/519/519
f 523/523/523 524/524/524 521/521/521 522/522/522
f 525/525/525 526/526/526 528/528/528 527/527/527
v 1729.4708251953125 2449.5 46892.0703125 255 255 0
v 1859.4708251953125 2449.5 46892.0703125 255 255 0
v 1859.4708251953125 2444.5 46892.0703125 255 255 0
v 1729.4708251953125 2444.5 46892.0703125 255 255 0
v 1859.4708251953125 2444.5 46892.0703125 255 255 0
v 1859.4708251953125 2449.5 46892.0703125 255 255 0
v 1859.4708251953125 2449.5 46762.0703125 255 255 0
v 1859.4708251953125 2444.5 46762.0703125 255 255 0
v 1859.4708251953125 2444.5 46762.0703125 255 255 0
v 1859.4708251953125 2449.5 46762.0703125 255 255 0
v 1729.4708251953125 2449.5 46762.0703125 255 255 0
v 1729.4708251953125 2444.5 46762.0703125 255 255 0
v 1729.4708251953125 2449.5 46892.0703125 255 255 0
v 1729.4708251953125 2444.5 46892.0703125 255 255 0
v 1729.4708251953125 2444.5 46762.0703125 255 255 0
v 1729.4708251953125 2449.5 46762.0703125 255 255 0
v 1869.4708251953125 2449.5 46752.0703125 255 255 0
v 1869.4708251953125 2449.5 46902.0703125 255 255 0
v 1869.4708251953125 2444.5 46902.0703125 255 255 0
v 1869.4708251953125 2444.5 46752.0703125 255 255 0
v 1869.4708251953125 2444.5 46902.0703125 255 255 0
v 1869.4708251953125 2449.5 46902.0703125 255 255 0
v 1719.4708251953125 2449.5 46902.0703125 255 255 0
v 1719.4708251953125 2444.5 46902.0703125 255 255 0
v 1719.4708251953125 2444.5 46902.0703125 255 255 0
v 1719.4708251953125 2449.5 46902.0703125 255 255 0
v 1719.4708251953125 2449.5 46752.0703125 255 255 0
v 1719.4708251953125 2444.5 46752.0703125 255 255 0
v 1869.4708251953125 2449.5 46752.0703125 255 255 0
v 1869.4708251953125 2444.5 46752.0703125 255 255 0
v 1719.4708251953125 2444.5 46752.0703125 255 255 0
v 1719.4708251953125 2449.5 46752.0703125 255 255 0
v 1729.4708251953125 2444.5 46892.0703125 255 255 0
v 1859.4708251953125 2444.5 46892.0703125 255 255 0
v 1859.4708251953125 2444.5 46762.0703125 255 255 0
v 1729.4708251953125 2444.5 46762.0703125 255 255 0
v 1869.4708251953125 2444.5 46752.0703125 255 255 0
v 1869.4708251953125 2444.5 46902.0703125 255 255 0
v 1719.4708251953125 2444.5 46902.0703125 255 255 0
v 1719.4708251953125 2444.5 46752.0703125 255 255 0
v 1859.4708251953125 2449.5 46892.0703125 255 255 0
v 1729.4708251953125 2449.5 46892.0703125 255 255 0
v 1859.4708251953125 2449.5 46762.0703125 255 255 0
v 1729.4708251953125 2449.5 46762.0703125 255 255 0
v 1869.4708251953125 2449.5 46902.0703125 255 255 0
v 1869.4708251953125 2449.5 46752.0703125 255 255 0
v 1719.4708251953125 2449.5 46902.0703125 255 255 0
v 1719.4708251953125 2449.5 46752.0703125 255 255 0
vt 0.01671409048140049 0.43332111835479736
vt 0.01671409048140049 1.6665555449435487E-05
vt 0.031917724758386612 1.6665555449435487E-05
vt 0.031917724758386612 0.43332111835479736
vt 0.015218839049339294 0.43332111835479736
vt 1.5203635484795086E-05 0.43332111835479736
vt 1.5203635484795086E-05 1.6665555449435487E-05
vt 0.015218839049339294 1.6665555449435487E-05
vt 0.065315499901771545 0.43332111835479736
vt 0.050111863762140274 0.43332111835479736
vt 0.050111863762140274 1.6665555449435487E-05
vt 0.065315499901771545 1.6665555449435487E-05
vt 0.033412978053092957 1.6665555449435487E-05
vt 0.048616614192724228 1.6665555449435487E-05
vt 0.048616614192724228 0.43332111835479736
vt 0.033412978053092957 0.43332111835479736
vt 0.083509638905525208 0.49998334050178528
vt 0.083509638905525208 1.6665555449435487E-05
vt 0.09871327131986618 1.6665555449435487E-05
vt 0.09871327131986618 0.49998334050178528
vt 0.082014389336109161 0.49998334050178528
vt 0.066810749471187592 0.49998334050178528
vt 0.066810749471187592 1.6665555449435487E-05
vt 0.082014389336109161 1.6665555449435487E-05
vt 0.13211104273796082 0.49998334050178528
vt 0.11690741032361984 0.49998334050178528
vt 0.11690741032361984 1.6665555449435487E-05
vt 0.13211104273796082 1.6665555449435487E-05
vt 0.10020852088928223 1.6665555449435487E-05
vt 0.1154121607542038 1.6665555449435487E-05
vt 0.1154121607542038 0.49998334050178528
vt 0.10020852088928223 0.49998334050178528
vt 0.16684117913246155 0.53325009346008301
vt 0.16684117913246155 0.96528506278991699
vt 0.59887617826461792 0.96528506278991699
vt 0.59887617826461792 0.53325009346008301
vt 0.63210964202880859 0.99851852655410767
vt 0.13360770046710968 0.99851852655410767
vt 0.13360770046710968 0.50001662969589233
vt 0.63210964202880859 0.50001662969589233
vt 0.16684117913246155 0.033250078558921814
vt 0.16684117913246155 0.46528506278991699
vt 0.59887617826461792 0.033250078558921814
vt 0.59887617826461792 0.46528506278991699
vt 0.13360770046710968 1.661673013586551E-05
vt 0.63210964202880859 1.661673013586551E-05
vt 0.13360770046710968 0.49851855635643005
vt 0.63210964202880859 0.49851855635643005
vn 0 0 -1
vn 0 0 -1
vn 0 0 -1
vn 0 0 -1
vn -1 0 0
vn -1 0 0
vn -1 0 0
vn -1 0 0
vn 0 0 1
vn 0 0 1
vn 0 0 1
vn 0 0 1
vn 1 0 0
vn 1 0 0
vn 1 0 0
vn 1 0 0
vn 1 0 0
vn 1 0 0
vn 1 0 0
vn 1 0 0
vn 0 0 1
vn 0 0 1
vn 0 0 1
vn 0 0 1
vn -1 0 0
vn -1 0 0
vn -1 0 0
vn -1 0 0
vn 0 0 -1
vn 0 0 -1
vn 0 0 -1
vn 0 0 -1
vn 0 -1 0
vn 0 -1 0
vn 0 -1 0
vn 0 -1 0
vn 0 -1 0
vn 0 -1 0
vn 0 -1 0
vn 0 -1 0
vn 0 1 0
vn 0 1 0
vn 0 1 0
vn 0 1 0
vn 0 1 0
vn 0 1 0
vn 0 1 0
vn 0 1 0
f 529/529/529 530/530/530 531/531/531 532/532/532
f 534/534/534 535/535/535 536/536/536 533/533/533
f 538/538/538 539/539/539 540/540/540 537/537/537
f 544/544/544 541/541/541 542/542/542 543/543/543
f 545/545/545 546/546/546 547/547/547 548/548/548
f 550/550/550 551/551/551 552/552/552 549/549/549
f 554/554/554 555/555/555 556/556/556 553/553/553
f 560/560/560 557/557/557 558/558/558 559/559/559
f 564/564/564 561/561/561 567/567/567 568/568/568
f 563/563/563 564/564/564 568/568/568 565/565/565
f 561/561/561 562/562/562 566/566/566 567/567/567
f 562/562/562 563/563/563 565/565/565 566/566/566
f 571/571/571 569/569/569 573/573/573 574/574/574
f 574/574/574 576/576/576 572/572/572 571/571/571
f 575/575/575 573/573/573 569/569/569 570/570/570
f 570/570/570 572/572/572 576/576/576 575/575/575
v 131.97087097167969 2599.39990234375 46757.0703125 255 255 0
v 131.97087097167969 2599.39990234375 46877.0703125 255 255 0
v 131.97087097167969 2561.89990234375 46877.0703125 255 255 0
v 131.97087097167969 2561.89990234375 46757.0703125 255 255 0
v 131.97087097167969 2561.89990234375 46877.0703125 255 255 0
v 131.97087097167969 2599.39990234375 46877.0703125 255 255 0
v 56.970867156982422 2599.39990234375 46877.0703125 255 255 0
v 56.970867156982422 2561.89990234375 46877.0703125 255 255 0
v 56.970867156982422 2561.89990234375 46877.0703125 255 255 0
v 56.970867156982422 2599.39990234375 46877.0703125 255 255 0
v 56.970867156982422 2599.39990234375 46757.0703125 255 255 0
v 56.970867156982422 2561.89990234375 46757.0703125 255 255 0
v 131.97087097167969 2599.39990234375 46757.0703125 255 255 0
v 131.97087097167969 2561.89990234375 46757.0703125 255 255 0
v 56.970867156982422 2561.89990234375 46757.0703125 255 255 0
v 56.970867156982422 2599.39990234375 46757.0703125 255 255 0
v 131.97087097167969 2561.89990234375 46757.0703125 255 255 0
v 131.97087097167969 2561.89990234375 46877.0703125 255 255 0
v 56.970867156982422 2561.89990234375 46877.0703125 255 255 0
v 56.970867156982422 2561.89990234375 46757.0703125 255 255 0
v 131.97087097167969 2599.39990234375 46877.0703125 255 255 0
v 131.97087097167969 2599.39990234375 46757.0703125 255 255 0
v 56.970867156982422 2599.39990234375 46877.0703125 255 255 0
v 56.970867156982422 2599.39990234375 46757.0703125 255 255 0
vt 2.2219501261133701E-05 0.16671091318130493
vt 0.53328442573547363 0.16671091318130493
vt 0.53328442573547363 0.33189091086387634
vt 2.2219501261133701E-05 0.33189091086387634
vt 2.2115049432613887E-05 0.76669776439666748
vt 2.2115049432613887E-05 0.60005331039428711
vt 0.33184635639190674 0.60005331039428711
vt 0.33184635639190674 0.76669776439666748
vt 2.2219501261133701E-05 0.16520202159881592
vt 2.2219501261133701E-05 2.2023998099029996E-05
vt 0.53328442573547363 2.2023998099029996E-05
vt 0.53328442573547363 0.16520202159881592
vt 0.33184635639190674 0.33339998126029968
vt 0.33184635639190674 0.50004446506500244
vt 2.2115049432613887E-05 0.50004446506500244
vt 2.2115049432613887E-05 0.33339998126029968
vt 0.99851304292678833 2.2219259335543029E-05
vt 0.99851304292678833 0.53328442573547363
vt 0.66668879985809326 0.53328442573547363
vt 0.66668879985809326 2.2219259335543029E-05
vt 0.33335545659065247 0.86519742012023926
vt 0.33335545659065247 0.33339992165565491
vt 0.66517972946166992 0.86519742012023926
vt 0.66517972946166992 0.33339992165565491
vn 1 0 0
vn 1 0 0
vn 1 0 0
vn 1 0 0
vn 0 0 1
vn 0 0 1
vn 0 0 1
vn 0 0 1
vn -1 0 0
vn -1 0 0
vn -1 0 0
vn -1 0 0
vn 0 0 -1
vn 0 0 -1
vn 0 0 -1
vn 0 0 -1
vn 0 -1 0
vn 0 -1 0
vn 0 -1 0
vn 0 -1 0
vn 0 1 0
vn 0 1 0
vn 0 1 0
vn 0 1 0
f 577/577/577 578/578/578 579/579/579 580/580/580
f 581/581/581 582/582/582 583/583/583
f 583/583/583 584/584/584 581/581/581
f 586/586/586 587/587/587 588/588/588 585/585/585
f 590/590/590 592/592/592 589/589/589
f 592/592/592 590/590/590 591/591/591
f 595/595/595 596/596/596 593/593/593 594/594/594
f 597/597/597 598/598/598 600/600/600 599/599/599
v 146.97087097167969 2561.89990234375 46879.5703125 255 255 0
v 41.970867156982422 2561.89990234375 46879.5703125 255 255 0
v 41.970867156982422 2549.5 46879.5703125 255 255 0
v 146.97087097167969 2549.5 46879.5703125 255 255 0
v 41.970867156982422 2549.5 46879.5703125 255 255 0
v 41.970867156982422 2561.89990234375 46879.5703125 255 255 0
v 41.970867156982422 2561.89990234375 46870.5703125 255 255 0
v 41.970867156982422 2549.5 46870.5703125 255 255 0
v 41.970867156982422 2549.5 46870.5703125 255 255 0
v 41.970867156982422 2561.89990234375 46870.5703125 255 255 0
v 146.97087097167969 2561.89990234375 46870.5703125 255 255 0
v 146.97087097167969 2549.5 46870.5703125 255 255 0
v 146.97087097167969 2561.89990234375 46879.5703125 255 255 0
v 146.97087097167969 2549.5 46879.5703125 255 255 0
v 146.97087097167969 2549.5 46870.5703125 255 255 0
v 146.97087097167969 2561.89990234375 46870.5703125 255 255 0
v 146.97087097167969 2549.5 46879.5703125 255 255 0
v 41.970867156982422 2549.5 46879.5703125 255 255 0
v 41.970867156982422 2549.5 46870.5703125 255 255 0
v 146.97087097167969 2549.5 46870.5703125 255 255 0
v 41.970867156982422 2561.89990234375 46879.5703125 255 255 0
v 146.97087097167969 2561.89990234375 46879.5703125 255 255 0
v 41.970867156982422 2561.89990234375 46870.5703125 255 255 0
v 146.97087097167969 2561.89990234375 46870.5703125 255 255 0
vt 0.10573150217533112 0.63528734445571899
vt 0.99849265813827515 0.63528734445571899
vt 0.99849265813827515 0.74089109897613525
vt 0.10573150217533112 0.74089109897613525
vt 0.55288708209991455 0.10564639419317245
vt 0.55288708209991455 4.2582181777106598E-05
vt 0.6295350193977356 4.2582181777106598E-05
vt 0.6295350193977356 0.10564639419317245
vt 0.10418213903903961 0.89280366897583008
vt 4.1991996113210917E-05 0.89280366897583008
vt 4.1991996113210917E-05 4.2512438085395843E-05
vt 0.10418213903903961 4.2512438085395843E-05
vt 0.18237949907779694 4.2582181777106598E-05
vt 0.18237949907779694 0.10564639419317245
vt 0.10573156177997589 0.10564639419317245
vt 0.10573156177997589 4.2582181777106598E-05
vt 0.99849265813827515 0.52384603023529053
vt 0.10573150217533112 0.52384603023529053
vt 0.10573150217533112 0.44719809293746948
vt 0.99849265813827515 0.44719809293746948
vt 0.10573150217533112 0.25910887122154236
vt 0.99849265813827515 0.25910887122154236
vt 0.10573150217533112 0.3357568085193634
vt 0.99849265813827515 0.3357568085193634
vn 0 0 1
vn 0 0 1
vn 0 0 1
vn 0 0 1
vn -1 0 0
vn -1 0 0
vn -1 0 0
vn -1 0 0
vn 0 0 -1
vn 0 0 -1
vn 0 0 -1
vn 0 0 -1
vn 1 0 0
vn 1 0 0
vn 1 0 0
vn 1 0 0
vn 0 -1 0
vn 0 -1 0
vn 0 -1 0
vn 0 -1 0
vn 0 1 0
vn 0 1 0
vn 0 1 0
vn 0 1 0
f 603/603/603 601/601/601 602/602/602
f 601/601/601 603/603/603 604/604/604
f 606/606/606 607/607/607 608/608/608 605/605/605
f 609/609/609 610/610/610 611/611/611
f 611/611/611 612/612/612 609/609/609
f 616/616/616 613/613/613 614/614/614 615/615/615
f 619/619/619 620/620/620 617/617/617 618/618/618
f 621/621/621 622/622/622 624/624/624 623/623/623
v 146.97087097167969 2561.89990234375 46774.5703125 255 255 0
v 146.97087097167969 2561.89990234375 46783.5703125 255 255 0
v 146.97087097167969 2549.5 46783.5703125 255 255 0
v 146.97087097167969 2549.5 46774.5703125 255 255 0
v 146.97087097167969 2549.5 46783.5703125 255 255 0
v 146.97087097167969 2561.89990234375 46783.5703125 255 255 0
v 41.970867156982422 2561.89990234375 46783.5703125 255 255 0
v 41.970867156982422 2549.5 46783.5703125 255 255 0
v 41.970867156982422 2549.5 46783.5703125 255 255 0
v 41.970867156982422 2561.89990234375 46783.5703125 255 255 0
v 41.970867156982422 2561.89990234375 46774.5703125 255 255 0
v 41.970867156982422 2549.5 46774.5703125 255 255 0
v 146.97087097167969 2561.89990234375 46774.5703125 255 255 0
v 146.97087097167969 2549.5 46774.5703125 255 255 0
v 41.970867156982422 2549.5 46774.5703125 255 255 0
v 41.970867156982422 2561.89990234375 46774.5703125 255 255 0
v 146.97087097167969 2549.5 46774.5703125 255 255 0
v 146.97087097167969 2549.5 46783.5703125 255 255 0
v 41.970867156982422 2549.5 46783.5703125 255 255 0
v 41.970867156982422 2549.5 46774.5703125 255 255 0
v 146.97087097167969 2561.89990234375 46783.5703125 255 255 0
v 146.97087097167969 2561.89990234375 46774.5703125 255 255 0
v 41.970867156982422 2561.89990234375 46783.5703125 255 255 0
v 41.970867156982422 2561.89990234375 46774.5703125 255 255 0
vt 0.55288708209991455 4.2582181777106598E-05
vt 0.6295350193977356 4.2582181777106598E-05
vt 0.6295350193977356 0.10564639419317245
vt 0.55288708209991455 0.10564639419317245
vt 0.10418213903903961 0.89280366897583008
vt 4.1991996113210917E-05 0.89280366897583008
vt 4.1991996113210917E-05 4.2512438085395843E-05
vt 0.10418213903903961 4.2512438085395843E-05
vt 0.10573156177997589 0.10564639419317245
vt 0.10573156177997589 4.2582181777106598E-05
vt 0.18237949907779694 4.2582181777106598E-05
vt 0.18237949907779694 0.10564639419317245
vt 0.99849265813827515 0.63528734445571899
vt 0.99849265813827515 0.74089109897613525
vt 0.10573150217533112 0.74089109897613525
vt 0.10573150217533112 0.63528734445571899
vt 0.99849265813827515 0.44719809293746948
vt 0.99849265813827515 0.52384603023529053
vt 0.10573149472475052 0.52384603023529053
vt 0.10573149472475052 0.44719809293746948
vt 0.10573149472475052 0.3357568085193634
vt 0.10573149472475052 0.25910887122154236
vt 0.99849265813827515 0.3357568085193634
vt 0.99849265813827515 0.25910887122154236
vn 1 0 0
vn 1 0 0
vn 1 0 0
vn 1 0 0
vn 0 0 1
vn 0 0 1
vn 0 0 1
vn 0 0 1
vn -1 0 0
vn -1 0 0
vn -1 0 0
vn -1 0 0
vn 0 0 -1
vn 0 0 -1
vn 0 0 -1
vn 0 0 -1
vn 0 -1 0
vn 0 -1 0
vn 0 -1 0
vn 0 -1 0
vn 0 1 0
vn 0 1 0
vn 0 1 0
vn 0 1 0
f 625/625/625 626/626/626 627/627/627 628/628/628
f 632/632/632 630/630/630 631/631/631
f 630/630/630 632/632/632 629/629/629
f 634/634/634 635/635/635 636/636/636 633/633/633
f 639/639/639 640/640/640 637/637/637
f 637/637/637 638/638/638 639/639/639
f 643/643/643 644/644/644 641/641/641 642/642/642
f 645/645/645 646/646/646 648/648/648 647/647/647
v 144.47087097167969 2561.89990234375 46877.0703125 255 255 0
v 44.470867156982422 2561.89990234375 46877.0703125 255 255 0
v 44.470867156982422 2549.5 46877.0703125 255 255 0
v 144.47087097167969 2549.5 46877.0703125 255 255 0
v 44.470867156982422 2549.5 46877.0703125 255 255 0
v 44.470867156982422 2561.89990234375 46877.0703125 255 255 0
v 44.470867156982422 2561.89990234375 46776.66015625 255 255 0
v 44.470867156982422 2549.5 46776.66015625 255 255 0
v 44.470867156982422 2549.5 46776.66015625 255 255 0
v 44.470867156982422 2561.89990234375 46776.66015625 255 255 0
v 144.47087097167969 2561.89990234375 46776.66015625 255 255 0
v 144.47087097167969 2549.5 46776.66015625 255 255 0
v 144.47087097167969 2561.89990234375 46877.0703125 255 255 0
v 144.47087097167969 2549.5 46877.0703125 255 255 0
v 144.47087097167969 2549.5 46776.66015625 255 255 0
v 144.47087097167969 2561.89990234375 46776.66015625 255 255 0
v 144.47087097167969 2549.5 46877.0703125 255 255 0
v 44.470867156982422 2549.5 46877.0703125 255 255 0
v 44.470867156982422 2549.5 46776.66015625 255 255 0
v 144.47087097167969 2549.5 46776.66015625 255 255 0
v 44.470867156982422 2561.89990234375 46877.0703125 255 255 0
v 144.47087097167969 2561.89990234375 46877.0703125 255 255 0
v 44.470867156982422 2561.89990234375 46776.66015625 255 255 0
v 144.47087097167969 2561.89990234375 46776.66015625 255 255 0
vt 0.06206820160150528 0.49997499585151672
vt 0.06206820160150528 2.4997500077006407E-05
vt 0.12259833514690399 2.4997500077006407E-05
vt 0.12259833514690399 0.49997499585151672
vt 0.2466859370470047 0.50203251838684082
vt 0.18615579605102539 0.50203251838684082
vt 0.18615579605102539 2.4997500077006407E-05
vt 0.2466859370470047 2.4997500077006407E-05
vt 0.060554541647434235 0.49997499585151672
vt 2.4407312594121322E-05 0.49997499585151672
vt 2.4407312594121322E-05 2.4997500077006407E-05
vt 0.060554541647434235 2.4997500077006407E-05
vt 0.12411199510097504 2.4997500077006407E-05
vt 0.18464213609695435 2.4997500077006407E-05
vt 0.18464213609695435 0.50203251838684082
vt 0.12411199510097504 0.50203251838684082
vt 0.74874287843704224 0.50002491474151611
vt 0.74874287843704224 0.99851024150848389
vt 0.24820010364055634 0.99851024150848389
vt 0.24820010364055634 0.50002491474151611
vt 0.24820010364055634 0.4985102117061615
vt 0.24820010364055634 2.4924265744630247E-05
vt 0.74874287843704224 0.4985102117061615
vt 0.74874287843704224 2.4924265744630247E-05
vn 0 0 1
vn 0 0 1
vn 0 0 1
vn 0 0 1
vn -1 0 0
vn -1 0 0
vn -1 0 0
vn -1 0 0
vn 0 0 -1
vn 0 0 -1
vn 0 0 -1
vn 0 0 -1
vn 1 0 0
vn 1 0 0
vn 1 0 0
vn 1 0 0
vn 0 -1 0
vn 0 -1 0
vn 0 -1 0
vn 0 -1 0
vn 0 1 0
vn 0 1 0
vn 0 1 0
vn 0 1 0
f 651/651/651 649/649/649 650/650/650
f 649/649/649 651/651/651 652/652/652
f 654/654/654 655/655/655 656/656/656 653/653/653
f 657/657/657 658/658/658 659/659/659
f 659/659/659 660/660/660 657/657/657
f 664/664/664 661/661/661 662/662/662 663/663/663
f 668/668/668 665/665/665 666/666/666 667/667/667
f 671/671/671 669/669/669 670/670/670 672/672/672
v 169.47087097167969 2549.5 46752.0703125 255 255 0
v 169.47087097167969 2549.5 46902.0703125 255 255 0
v 169.47087097167969 2449.5 46902.0703125 255 255 0
v 169.47087097167969 2449.5 46752.0703125 255 255 0
v 169.47087097167969 2449.5 46902.0703125 255 255 0
v 169.47087097167969 2549.5 46902.0703125 255 255 0
v 19.470865249633789 2549.5 46902.0703125 255 255 0
v 19.470865249633789 2449.5 46902.0703125 255 255 0
v 19.470865249633789 2449.5 46902.0703125 255 255 0
v 19.470865249633789 2549.5 46902.0703125 255 255 0
v 19.470865249633789 2549.5 46752.0703125 255 255 0
v 19.470865249633789 2449.5 46752.0703125 255 255 0
v 169.47087097167969 2549.5 46752.0703125 255 255 0
v 169.47087097167969 2449.5 46752.0703125 255 255 0
v 19.470865249633789 2449.5 46752.0703125 255 255 0
v 19.470865249633789 2549.5 46752.0703125 255 255 0
v 169.47087097167969 2449.5 46752.0703125 255 255 0
v 169.47087097167969 2449.5 46902.0703125 255 255 0
v 19.470865249633789 2449.5 46902.0703125 255 255 0
v 19.470865249633789 2449.5 46752.0703125 255 255 0
v 169.47087097167969 2549.5 46902.0703125 255 255 0
v 169.47087097167969 2549.5 46752.0703125 255 255 0
v 19.470865249633789 2549.5 46902.0703125 255 255 0
v 19.470865249633789 2549.5 46752.0703125 255 255 0
vt 0.71429586410522461 0.42708417773246765
vt 0.71429586410522461 1.4235664821171667E-05
vt 0.99852097034454346 1.4235664821171667E-05
vt 0.99852097034454346 0.42708417773246765
vt 0.99852097034454346 0.85564744472503662
vt 0.71429586410522461 0.85564744472503662
vt 0.71429586410522461 0.42857751250267029
vt 0.99852097034454346 0.42857751250267029
vt 0.71280258893966675 0.42708417773246765
vt 0.4285774827003479 0.42708417773246765
vt 0.4285774827003479 1.4235664821171667E-05
vt 0.71280258893966675 1.4235664821171667E-05
vt 0.4285774827003479 0.42857751250267029
vt 0.71280258893966675 0.42857751250267029
vt 0.71280258893966675 0.85564744472503662
vt 0.4285774827003479 0.85564744472503662
vt 0.42708417773246765 0.85564744472503662
vt 1.4230490705813281E-05 0.85564744472503662
vt 1.4230490705813281E-05 0.42857751250267029
vt 0.42708417773246765 0.42857751250267029
vt 1.4230490705813281E-05 1.4235664821171667E-05
vt 0.42708417773246765 1.4235664821171667E-05
vt 1.4230490705813281E-05 0.42708417773246765
vt 0.42708417773246765 0.42708417773246765
vn 1 0 0
vn 1 0 0
vn 1 0 0
vn 1 0 0
vn 0 0 1
vn 0 0 1
vn 0 0 1
vn 0 0 1
vn -1 0 0
vn -1 0 0
vn -1 0 0
vn -1 0 0
vn 0 0 -1
vn 0 0 -1
vn 0 0 -1
vn 0 0 -1
vn 0 -1 0
vn 0 -1 0
vn 0 -1 0
vn 0 -1 0
vn 0 1 0
vn 0 1 0
vn 0 1 0
vn 0 1 0
f 673/673/673 674/674/674 675/675/675 676/676/676
f 677/677/677 678/678/678 679/679/679
f 679/679/679 680/680/680 677/677/677
f 682/682/682 683/683/683 684/684/684 681/681/681
f 686/686/686 688/688/688 685/685/685
f 688/688/688 686/686/686 687/687/687
f 691/691/691 692/692/692 689/689/689 690/690/690
f 693/693/693 694/694/694 696/696/696 695/695/695
v 159.47087097167969 2449.5 46762.0703125 255 255 0
v 159.47087097167969 2449.5 46892.0703125 255 255 0
v 159.47087097167969 2444.5 46892.0703125 255 255 0
v 159.47087097167969 2444.5 46762.0703125 255 255 0
v 159.47087097167969 2444.5 46892.0703125 255 255 0
v 159.47087097167969 2449.5 46892.0703125 255 255 0
v 29.470865249633789 2449.5 46892.0703125 255 255 0
v 29.470865249633789 2444.5 46892.0703125 255 255 0
v 29.470865249633789 2444.5 46892.0703125 255 255 0
v 29.470865249633789 2449.5 46892.0703125 255 255 0
v 29.470865249633789 2449.5 46762.0703125 255 255 0
v 29.470865249633789 2444.5 46762.0703125 255 255 0
v 159.47087097167969 2449.5 46762.0703125 255 255 0
v 159.47087097167969 2444.5 46762.0703125 255 255 0
v 29.470865249633789 2444.5 46762.0703125 255 255 0
v 29.470865249633789 2449.5 46762.0703125 255 255 0
v 159.47087097167969 2444.5 46762.0703125 255 255 0
v 159.47087097167969 2444.5 46892.0703125 255 255 0
v 29.470865249633789 2444.5 46892.0703125 255 255 0
v 29.470865249633789 2444.5 46762.0703125 255 255 0
v 159.47087097167969 2449.5 46892.0703125 255 255 0
v 159.47087097167969 2449.5 46762.0703125 255 255 0
v 29.470865249633789 2449.5 46892.0703125 255 255 0
v 29.470865249633789 2449.5 46762.0703125 255 255 0
vt 0.019285516813397408 0.49998077750205994
vt 0.019285516813397408 1.9229290046496317E-05
vt 0.037052884697914124 1.9229290046496317E-05
vt 0.037052884697914124 0.49998077750205994
vt 0.017785137519240379 0.49998077750205994
vt 1.7767370081855915E-05 0.49998077750205994
vt 1.7767370081855915E-05 1.9229290046496317E-05
vt 0.017785137519240379 1.9229290046496317E-05
vt 0.07558838278055191 0.49998077750205994
vt 0.057821013033390045 0.49998077750205994
vt 0.057821013033390045 1.9229290046496317E-05
vt 0.07558838278055191 1.9229290046496317E-05
vt 0.038553263992071152 1.9229290046496317E-05
vt 0.056320633739233017 1.9229290046496317E-05
vt 0.056320633739233017 0.49998077750205994
vt 0.038553263992071152 0.49998077750205994
vt 0.57558697462081909 0.99851596355438232
vt 0.077090159058570862 0.99851596355438232
vt 0.077090159058570862 0.50001919269561768
vt 0.57558697462081909 0.50001919269561768
vt 0.077090159058570862 1.9172954125679098E-05
vt 0.57558697462081909 1.9172954125679098E-05
vt 0.077090159058570862 0.49851599335670471
vt 0.57558697462081909 0.49851599335670471
vn 1 0 0
vn 1 0 0
vn 1 0 0
vn 1 0 0
vn 0 0 1
vn 0 0 1
vn 0 0 1
vn 0 0 1
vn -1 0 0
vn -1 0 0
vn -1 0 0
vn -1 0 0
vn 0 0 -1
vn 0 0 -1
vn 0 0 -1
vn 0 0 -1
vn 0 -1 0
vn 0 -1 0
vn 0 -1 0
vn 0 -1 0
vn 0 1 0
vn 0 1 0
vn 0 1 0
vn 0 1 0
f 697/697/697 698/698/698 699/699/699 700/700/700
f 702/702/702 703/703/703 704/704/704 701/701/701
f 706/706/706 707/707/707 708/708/708 705/705/705
f 712/712/712 709/709/709 710/710/710 711/711/711
f 715/715/715 716/716/716 713/713/713 714/714/714
f 717/717/717 718/718/718 720/720/720 719/719/719
v 29.470865249633789 2449.5 46892.0703125 255 255 0
v 159.47087097167969 2449.5 46892.0703125 255 255 0
v 159.47087097167969 2444.5 46892.0703125 255 255 0
v 29.470865249633789 2444.5 46892.0703125 255 255 0
v 159.47087097167969 2444.5 46892.0703125 255 255 0
v 159.47087097167969 2449.5 46892.0703125 255 255 0
v 159.47087097167969 2449.5 46762.0703125 255 255 0
v 159.47087097167969 2444.5 46762.0703125 255 255 0
v 159.47087097167969 2444.5 46762.0703125 255 255 0
v 159.47087097167969 2449.5 46762.0703125 255 255 0
v 29.470865249633789 2449.5 46762.0703125 255 255 0
v 29.470865249633789 2444.5 46762.0703125 255 255 0
v 29.470865249633789 2449.5 46892.0703125 255 255 0
v 29.470865249633789 2444.5 46892.0703125 255 255 0
v 29.470865249633789 2444.5 46762.0703125 255 255 0
v 29.470865249633789 2449.5 46762.0703125 255 255 0
v 169.47087097167969 2449.5 46752.0703125 255 255 0
v 169.47087097167969 2449.5 46902.0703125 255 255 0
v 169.47087097167969 2444.5 46902.0703125 255 255 0
v 169.47087097167969 2444.5 46752.0703125 255 255 0
v 169.47087097167969 2444.5 46902.0703125 255 255 0
v 169.47087097167969 2449.5 46902.0703125 255 255 0
v 19.470865249633789 2449.5 46902.0703125 255 255 0
v 19.470865249633789 2444.5 46902.0703125 255 255 0
v 19.470865249633789 2444.5 46902.0703125 255 255 0
v 19.470865249633789 2449.5 46902.0703125 255 255 0
v 19.470865249633789 2449.5 46752.0703125 255 255 0
v 19.470865249633789 2444.5 46752.0703125 255 255 0
v 169.47087097167969 2449.5 46752.0703125 255 255 0
v 169.47087097167969 2444.5 46752.0703125 255 255 0
v 19.470865249633789 2444.5 46752.0703125 255 255 0
v 19.470865249633789 2449.5 46752.0703125 255 255 0
v 29.470865249633789 2444.5 46892.0703125 255 255 0
v 159.47087097167969 2444.5 46892.0703125 255 255 0
v 159.47087097167969 2444.5 46762.0703125 255 255 0
v 29.470865249633789 2444.5 46762.0703125 255 255 0
v 169.47087097167969 2444.5 46752.0703125 255 255 0
v 169.47087097167969 2444.5 46902.0703125 255 255 0
v 19.470865249633789 2444.5 46902.0703125 255 255 0
v 19.470865249633789 2444.5 46752.0703125 255 255 0
v 159.47087097167969 2449.5 46892.0703125 255 255 0
v 29.470865249633789 2449.5 46892.0703125 255 255 0
v 159.47087097167969 2449.5 46762.0703125 255 255 0
v 29.470865249633789 2449.5 46762.0703125 255 255 0
v 169.47087097167969 2449.5 46902.0703125 255 255 0
v 169.47087097167969 2449.5 46752.0703125 255 255 0
v 19.470865249633789 2449.5 46902.0703125 255 255 0
v 19.470865249633789 2449.5 46752.0703125 255 255 0
vt 0.01671409048140049 0.43332111835479736
vt 0.01671409048140049 1.6665555449435487E-05
vt 0.031917724758386612 1.6665555449435487E-05
vt 0.031917724758386612 0.43332111835479736
vt 0.015218839049339294 0.43332111835479736
vt 1.5203635484795086E-05 0.43332111835479736
vt 1.5203635484795086E-05 1.6665555449435487E-05
vt 0.015218839049339294 1.6665555449435487E-05
vt 0.065315499901771545 0.43332111835479736
vt 0.050111863762140274 0.43332111835479736
vt 0.050111863762140274 1.6665555449435487E-05
vt 0.065315499901771545 1.6665555449435487E-05
vt 0.033412978053092957 1.6665555449435487E-05
vt 0.048616614192724228 1.6665555449435487E-05
vt 0.048616614192724228 0.43332111835479736
vt 0.033412978053092957 0.43332111835479736
vt 0.083509638905525208 0.49998334050178528
vt 0.083509638905525208 1.6665555449435487E-05
vt 0.09871327131986618 1.6665555449435487E-05
vt 0.09871327131986618 0.49998334050178528
vt 0.082014389336109161 0.49998334050178528
vt 0.066810749471187592 0.49998334050178528
vt 0.066810749471187592 1.6665555449435487E-05
vt 0.082014389336109161 1.6665555449435487E-05
vt 0.13211104273796082 0.49998334050178528
vt 0.11690741032361984 0.49998334050178528
vt 0.11690741032361984 1.6665555449435487E-05
vt 0.13211104273796082 1.6665555449435487E-05
vt 0.10020852088928223 1.6665555449435487E-05
vt 0.1154121607542038 1.6665555449435487E-05
vt 0.1154121607542038 0.49998334050178528
vt 0.10020852088928223 0.49998334050178528
vt 0.16684117913246155 0.53325009346008301
vt 0.16684117913246155 0.96528506278991699
vt 0.59887617826461792 0.96528506278991699
vt 0.59887617826461792 0.53325009346008301
vt 0.63210964202880859 0.99851852655410767
vt 0.13360770046710968 0.99851852655410767
vt 0.13360770046710968 0.50001662969589233
vt 0.63210964202880859 0.50001662969589233
vt 0.16684117913246155 0.033250078558921814
vt 0.16684117913246155 0.46528506278991699
vt 0.59887617826461792 0.033250078558921814
vt 0.59887617826461792 0.46528506278991699
vt 0.13360770046710968 1.661673013586551E-05
vt 0.63210964202880859 1.661673013586551E-05
vt 0.13360770046710968 0.49851855635643005
vt 0.63210964202880859 0.49851855635643005
vn 0 0 -1
vn 0 0 -1
vn 0 0 -1
vn 0 0 -1
vn -1 0 0
vn -1 0 0
vn -1 0 0
vn -1 0 0
vn 0 0 1
vn 0 0 1
vn 0 0 1
vn 0 0 1
vn 1 0 0
vn 1 0 0
vn 1 0 0
vn 1 0 0
vn 1 0 0
vn 1 0 0
vn 1 0 0
vn 1 0 0
vn 0 0 1
vn 0 0 1
vn 0 0 1
vn 0 0 1
vn -1 0 0
vn -1 0 0
vn -1 0 0
vn -1 0 0
vn 0 0 -1
vn 0 0 -1
vn 0 0 -1
vn 0 0 -1
vn 0 -1 0
vn 0 -1 0
vn 0 -1 0
vn 0 -1 0
vn 0 -1 0
vn 0 -1 0
vn 0 -1 0
vn 0 -1 0
vn 0 1 0
vn 0 1 0
vn 0 1 0
vn 0 1 0
vn 0 1 0
vn 0 1 0
vn 0 1 0
vn 0 1 0
f 721/721/721 722/722/722 723/723/723 724/724/724
f 726/726/726 727/727/727 728/728/728 725/725/725
f 730/730/730 731/731/731 732/732/732 729/729/729
f 736/736/736 733/733/733 734/734/734 735/735/735
f 737/737/737 738/738/738 739/739/739 740/740/740
f 742/742/742 743/743/743 744/744/744 741/741/741
f 746/746/746 747/747/747 748/748/748 745/745/745
f 752/752/752 749/749/749 750/750/750 751/751/751
f 756/756/756 753/753/753 759/759/759 760/760/760
f 755/755/755 756/756/756 760/760/760 757/757/757
f 753/753/753 754/754/754 758/758/758 759/759/759
f 754/754/754 755/755/755 757/757/757 758/758/758
f 763/763/763 761/761/761 765/765/765 766/766/766
f 766/766/766 768/768/768 764/764/764 763/763/763
f 767/767/767 765/765/765 761/761/761 762/762/762
f 762/762/762 764/764/764 768/768/768 767/767/767
v 550.13372802734375 2632 48156.8828125 255 255 0
v 670.13372802734375 2632 48156.8828125 255 255 0
v 670.13372802734375 2582 48156.8828125 255 255 0
v 550.13372802734375 2582 48156.8828125 255 255 0
v 670.13372802734375 2582 48156.8828125 255 255 0
v 670.13372802734375 2632 48156.8828125 255 255 0
v 670.13372802734375 2632 48256.8828125 255 255 0
v 670.13372802734375 2582 48256.8828125 255 255 0
v 670.13372802734375 2582 48256.8828125 255 255 0
v 670.13372802734375 2632 48256.8828125 255 255 0
v 550.13372802734375 2632 48256.8828125 255 255 0
v 550.13372802734375 2582 48256.8828125 255 255 0
v 550.13372802734375 2632 48156.8828125 255 255 0
v 550.13372802734375 2582 48156.8828125 255 255 0
v 550.13372802734375 2582 48256.8828125 255 255 0
v 550.13372802734375 2632 48256.8828125 255 255 0
v 550.13372802734375 2582 48156.8828125 255 255 0
v 670.13372802734375 2582 48156.8828125 255 255 0
v 670.13372802734375 2582 48256.8828125 255 255 0
v 550.13372802734375 2582 48256.8828125 255 255 0
v 670.13372802734375 2632 48156.8828125 255 255 0
v 550.13372802734375 2632 48156.8828125 255 255 0
v 670.13372802734375 2632 48256.8828125 255 255 0
v 550.13372802734375 2632 48256.8828125 255 255 0
vt 0.50002074241638184 0.62505191564559937
vt 0.99851441383361816 0.62505191564559937
vt 0.99851441383361816 0.83190333843231201
vt 0.50002074241638184 0.83190333843231201
vt 0.95833683013916016 0.4151880145072937
vt 0.75002080202102661 0.4151880145072937
vt 0.75002080202102661 2.075836164294742E-05
vt 0.95833683013916016 2.075836164294742E-05
vt 0.50002074241638184 0.62354570627212524
vt 0.50002074241638184 0.4166942834854126
vt 0.99851441383361816 0.4166942834854126
vt 0.99851441383361816 0.62354570627212524
vt 0.50002080202102661 2.075836164294742E-05
vt 0.70833683013916016 2.075836164294742E-05
vt 0.70833683013916016 0.4151880145072937
vt 0.50002080202102661 0.4151880145072937
vt 0.49851438403129578 0.83190327882766724
vt 2.0770792616531253E-05 0.83190327882766724
vt 2.0770792616531253E-05 0.41671520471572876
vt 0.49851438403129578 0.41671520471572876
vt 2.0770792616531253E-05 2.0759403923875652E-05
vt 0.49851438403129578 2.0759403923875652E-05
vt 2.0770792616531253E-05 0.4152088463306427
vt 0.49851438403129578 0.4152088463306427
vn 0 0 -1
vn 0 0 -1
vn 0 0 -1
vn 0 0 -1
vn 1 0 0
vn 1 0 0
vn 1 0 0
vn 1 0 0
vn 0 0 1
vn 0 0 1
vn 0 0 1
vn 0 0 1
vn -1 0 0
vn -1 0 0
vn -1 0 0
vn -1 0 0
vn 0 -1 0
vn 0 -1 0
vn 0 -1 0
vn 0 -1 0
vn 0 1 0
vn 0 1 0
vn 0 1 0
vn 0 1 0
f 769/769/769 770/770/770 771/771/771 772/772/772
f 773/773/773 774/774/774 775/775/775
f 775/775/775 776/776/776 773/773/773
f 778/778/778 779/779/779 780/780/780 777/777/777
f 782/782/782 784/784/784 781/781/781
f 784/784/784 782/782/782 783/783/783
f 787/787/787 788/788/788 785/785/785 786/786/786
f 789/789/789 790/790/790 792/792/792 791/791/791
v 720.75872802734375 2582 48106.2578125 255 255 0
v 720.75872802734375 2582 48307.5078125 255 255 0
v 720.75872802734375 2569.5 48307.5078125 255 255 0
v 720.75872802734375 2569.5 48106.2578125 255 255 0
v 720.75872802734375 2569.5 48307.5078125 255 255 0
v 720.75872802734375 2582 48307.5078125 255 255 0
v 703.50872802734375 2582 48307.5078125 255 255 0
v 703.50872802734375 2569.5 48307.5078125 255 255 0
v 703.50872802734375 2569.5 48307.5078125 255 255 0
v 703.50872802734375 2582 48307.5078125 255 255 0
v 703.50872802734375 2582 48106.2578125 255 255 0
v 703.50872802734375 2569.5 48106.2578125 255 255 0
v 720.75872802734375 2582 48106.2578125 255 255 0
v 720.75872802734375 2569.5 48106.2578125 255 255 0
v 703.50872802734375 2569.5 48106.2578125 255 255 0
v 703.50872802734375 2582 48106.2578125 255 255 0
v 720.75872802734375 2569.5 48106.2578125 255 255 0
v 720.75872802734375 2569.5 48307.5078125 255 255 0
v 703.50872802734375 2569.5 48307.5078125 255 255 0
v 703.50872802734375 2569.5 48106.2578125 255 255 0
v 720.75872802734375 2582 48307.5078125 255 255 0
v 720.75872802734375 2582 48106.2578125 255 255 0
v 703.50872802734375 2582 48307.5078125 255 255 0
v 703.50872802734375 2582 48106.2578125 255 255 0
vt 0.079008758068084717 0.72752189636230469
vt 0.99851232767105103 0.72752189636230469
vt 0.99851232767105103 0.78472495079040527
vt 0.079008758068084717 0.78472495079040527
vt 0.59671884775161743 0.078963026404380798
vt 0.53951585292816162 0.078963026404380798
vt 0.53951585292816162 2.2881200493429787E-05
vt 0.59671884775161743 2.2881200493429787E-05
vt 0.079008758068084717 0.59120988845825195
vt 0.079008758068084717 0.53400689363479614
vt 0.99851232767105103 0.53400689363479614
vt 0.99851232767105103 0.59120988845825195
vt 0.079008787870407104 2.2881200493429787E-05
vt 0.13621178269386292 2.2881200493429787E-05
vt 0.13621178269386292 0.078963026404380798
vt 0.079008787870407104 0.078963026404380798
vt 0.99851232767105103 0.3459550142288208
vt 0.079008758068084717 0.3459550142288208
vt 0.079008758068084717 0.26701486110687256
vt 0.99851232767105103 0.26701486110687256
vt 2.2456853912444785E-05 0.91952639818191528
vt 2.2456853912444785E-05 2.2844809791422449E-05
vt 0.077498607337474823 0.91952639818191528
vt 0.077498607337474823 2.2844809791422449E-05
vn 1 0 0
vn 1 0 0
vn 1 0 0
vn 1 0 0
vn 0 0 1
vn 0 0 1
vn 0 0 1
vn 0 0 1
vn -1 0 0
vn -1 0 0
vn -1 0 0
vn -1 0 0
vn 0 0 -1
vn 0 0 -1
vn 0 0 -1
vn 0 0 -1
vn 0 -1 0
vn 0 -1 0
vn 0 -1 0
vn 0 -1 0
vn 0 1 0
vn 0 1 0
vn 0 1 0
vn 0 1 0
f 796/796/796 793/793/793 794/794/794
f 794/794/794 795/795/795 796/796/796
f 798/798/798 799/799/799 800/800/800 797/797/797
f 804/804/804 802/802/802 803/803/803
f 802/802/802 804/804/804 801/801/801
f 808/808/808 805/805/805 806/806/806 807/807/807
f 811/811/811 812/812/812 809/809/809 810/810/810
f 813/813/813 814/814/814 816/816/816 815/815/815
v 519.50872802734375 2582 48106.2578125 255 255 0
v 536.75872802734375 2582 48106.2578125 255 255 0
v 536.75872802734375 2569.5 48106.2578125 255 255 0
v 519.50872802734375 2569.5 48106.2578125 255 255 0
v 536.75872802734375 2569.5 48106.2578125 255 255 0
v 536.75872802734375 2582 48106.2578125 255 255 0
v 536.75872802734375 2582 48307.5078125 255 255 0
v 536.75872802734375 2569.5 48307.5078125 255 255 0
v 536.75872802734375 2569.5 48307.5078125 255 255 0
v 536.75872802734375 2582 48307.5078125 255 255 0
v 519.50872802734375 2582 48307.5078125 255 255 0
v 519.50872802734375 2569.5 48307.5078125 255 255 0
v 519.50872802734375 2582 48106.2578125 255 255 0
v 519.50872802734375 2569.5 48106.2578125 255 255 0
v 519.50872802734375 2569.5 48307.5078125 255 255 0
v 519.50872802734375 2582 48307.5078125 255 255 0
v 519.50872802734375 2569.5 48106.2578125 255 255 0
v 536.75872802734375 2569.5 48106.2578125 255 255 0
v 536.75872802734375 2569.5 48307.5078125 255 255 0
v 519.50872802734375 2569.5 48307.5078125 255 255 0
v 536.75872802734375 2582 48106.2578125 255 255 0
v 519.50872802734375 2582 48106.2578125 255 255 0
v 536.75872802734375 2582 48307.5078125 255 255 0
v 519.50872802734375 2582 48307.5078125 255 255 0
vt 0.53951585292816162 0.078963026404380798
vt 0.53951585292816162 2.2881200493429787E-05
vt 0.59671884775161743 2.2881200493429787E-05
vt 0.59671884775161743 0.078963026404380798
vt 0.079008758068084717 0.78472495079040527
vt 0.079008758068084717 0.72752189636230469
vt 0.99851232767105103 0.72752189636230469
vt 0.99851232767105103 0.78472495079040527
vt 0.13621178269386292 0.078963026404380798
vt 0.079008787870407104 0.078963026404380798
vt 0.079008787870407104 2.2881200493429787E-05
vt 0.13621178269386292 2.2881200493429787E-05
vt 0.99851232767105103 0.53400689363479614
vt 0.99851232767105103 0.59120988845825195
vt 0.079008758068084717 0.59120988845825195
vt 0.079008758068084717 0.53400689363479614
vt 0.99851232767105103 0.26701486110687256
vt 0.99851232767105103 0.3459550142288208
vt 0.07900875061750412 0.3459550142288208
vt 0.07900875061750412 0.26701486110687256
vt 2.2456189981312491E-05 2.2844809791422449E-05
vt 0.077498607337474823 2.2844809791422449E-05
vt 2.2456189981312491E-05 0.91952639818191528
vt 0.077498607337474823 0.91952639818191528
vn 0 0 -1
vn 0 0 -1
vn 0 0 -1
vn 0 0 -1
vn 1 0 0
vn 1 0 0
vn 1 0 0
vn 1 0 0
vn 0 0 1
vn 0 0 1
vn 0 0 1
vn 0 0 1
vn -1 0 0
vn -1 0 0
vn -1 0 0
vn -1 0 0
vn 0 -1 0
vn 0 -1 0
vn 0 -1 0
vn 0 -1 0
vn 0 1 0
vn 0 1 0
vn 0 1 0
vn 0 1 0
f 817/817/817 818/818/818 819/819/819 820/820/820
f 821/821/821 822/822/822 823/823/823
f 823/823/823 824/824/824 821/821/821
f 826/826/826 827/827/827 828/828/828 825/825/825
f 830/830/830 832/832/832 829/829/829
f 832/832/832 830/830/830 831/831/831
f 835/835/835 836/836/836 833/833/833 834/834/834
f 837/837/837 838/838/838 840/840/840 839/839/839
v 670.13372802734375 2582 48156.8828125 255 255 0
v 670.13372802734375 2582 48256.8828125 255 255 0
v 670.13372802734375 2569.5 48256.8828125 255 255 0
v 670.13372802734375 2569.5 48156.8828125 255 255 0
v 670.13372802734375 2569.5 48256.8828125 255 255 0
v 670.13372802734375 2582 48256.8828125 255 255 0
v 569.72216796875 2582 48256.8828125 255 255 0
v 569.72216796875 2569.5 48256.8828125 255 255 0
v 569.72216796875 2569.5 48256.8828125 255 255 0
v 569.72216796875 2582 48256.8828125 255 255 0
v 569.72216796875 2582 48156.8828125 255 255 0
v 569.72216796875 2569.5 48156.8828125 255 255 0
v 670.13372802734375 2582 48156.8828125 255 255 0
v 670.13372802734375 2569.5 48156.8828125 255 255 0
v 569.72216796875 2569.5 48156.8828125 255 255 0
v 569.72216796875 2582 48156.8828125 255 255 0
v 670.13372802734375 2569.5 48156.8828125 255 255 0
v 670.13372802734375 2569.5 48256.8828125 255 255 0
v 569.72216796875 2569.5 48256.8828125 255 255 0
v 569.72216796875 2569.5 48156.8828125 255 255 0
v 670.13372802734375 2582 48256.8828125 255 255 0
v 670.13372802734375 2582 48156.8828125 255 255 0
v 569.72216796875 2582 48256.8828125 255 255 0
v 569.72216796875 2582 48156.8828125 255 255 0
vt 0.062568157911300659 0.49997499585151672
vt 0.062568157911300659 2.4997500077006407E-05
vt 0.12359823286533356 2.4997500077006407E-05
vt 0.12359823286533356 0.49997499585151672
vt 0.18614198267459869 0.50203251838684082
vt 0.1251119077205658 0.50203251838684082
vt 0.1251119077205658 2.4997500077006407E-05
vt 0.18614198267459869 2.4997500077006407E-05
vt 0.061054486781358719 0.49997499585151672
vt 2.441203105263412E-05 0.49997499585151672
vt 2.441203105263412E-05 2.4997500077006407E-05
vt 0.061054486781358719 2.4997500077006407E-05
vt 0.18765564262866974 2.4997500077006407E-05
vt 0.24868571758270264 2.4997500077006407E-05
vt 0.24868571758270264 0.50203251838684082
vt 0.18765564262866974 0.50203251838684082
vt 0.75074267387390137 2.4924265744630247E-05
vt 0.75074267387390137 0.4985102117061615
vt 0.25019991397857666 0.4985102117061615
vt 0.25019991397857666 2.4924265744630247E-05
vt 0.25019991397857666 0.99851024150848389
vt 0.25019991397857666 0.50002491474151611
vt 0.75074267387390137 0.99851024150848389
vt 0.75074267387390137 0.50002491474151611
vn 1 0 0
vn 1 0 0
vn 1 0 0
vn 1 0 0
vn 0 0 1
vn 0 0 1
vn 0 0 1
vn 0 0 1
vn -1 0 0
vn -1 0 0
vn -1 0 0
vn -1 0 0
vn 0 0 -1
vn 0 0 -1
vn 0 0 -1
vn 0 0 -1
vn 0 -1 0
vn 0 -1 0
vn 0 -1 0
vn 0 -1 0
vn 0 1 0
vn 0 1 0
vn 0 1 0
vn 0 1 0
f 843/843/843 841/841/841 842/842/842
f 841/841/841 843/843/843 844/844/844
f 846/846/846 847/847/847 848/848/848 845/845/845
f 849/849/849 850/850/850 851/851/851
f 851/851/851 852/852/852 849/849/849
f 856/856/856 853/853/853 854/854/854 855/855/855
f 858/858/858 859/859/859 860/860/860
f 860/860/860 857/857/857 858/858/858
f 863/863/863 861/861/861 862/862/862
f 862/862/862 864/864/864 863/863/863
v 476.38372802734375 2569.5 48063.1328125 255 255 0
v 763.88372802734375 2569.5 48063.1328125 255 255 0
v 763.88372802734375 2469.5 48063.1328125 255 255 0
v 476.38372802734375 2469.5 48063.1328125 255 255 0
v 763.88372802734375 2469.5 48063.1328125 255 255 0
v 763.88372802734375 2569.5 48063.1328125 255 255 0
v 763.88372802734375 2569.5 48350.6328125 255 255 0
v 763.88372802734375 2469.5 48350.6328125 255 255 0
v 763.88372802734375 2469.5 48350.6328125 255 255 0
v 763.88372802734375 2569.5 48350.6328125 255 255 0
v 476.38372802734375 2569.5 48350.6328125 255 255 0
v 476.38372802734375 2469.5 48350.6328125 255 255 0
v 476.38372802734375 2569.5 48063.1328125 255 255 0
v 476.38372802734375 2469.5 48063.1328125 255 255 0
v 476.38372802734375 2469.5 48350.6328125 255 255 0
v 476.38372802734375 2569.5 48350.6328125 255 255 0
v 476.38372802734375 2469.5 48063.1328125 255 255 0
v 763.88372802734375 2469.5 48063.1328125 255 255 0
v 763.88372802734375 2469.5 48350.6328125 255 255 0
v 476.38372802734375 2469.5 48350.6328125 255 255 0
v 763.88372802734375 2569.5 48063.1328125 255 255 0
v 476.38372802734375 2569.5 48063.1328125 255 255 0
v 763.88372802734375 2569.5 48350.6328125 255 255 0
v 476.38372802734375 2569.5 48350.6328125 255 255 0
vt 8.6767831817269325E-06 0.25000870227813721
vt 0.49852648377418518 0.25000870227813721
vt 0.49852648377418518 0.42391568422317505
vt 8.6767831817269325E-06 0.42391568422317505
vt 8.6767831817269325E-06 0.92391568422317505
vt 8.6767831817269325E-06 0.75000870227813721
vt 0.49852648377418518 0.75000870227813721
vt 0.49852648377418518 0.92391568422317505
vt 8.6767831817269325E-06 0.17391568422317505
vt 8.6767831817269325E-06 8.6953496065689251E-06
vt 0.49852648377418518 8.6953496065689251E-06
vt 0.49852648377418518 0.17391568422317505
vt 0.49852648377418518 0.50000870227813721
vt 0.49852648377418518 0.67391568422317505
vt 8.6767831817269325E-06 0.67391568422317505
vt 8.6767831817269325E-06 0.50000870227813721
vt 0.99852651357650757 0.99852645397186279
vt 0.50000870227813721 0.99852645397186279
vt 0.50000870227813721 0.50000864267349243
vt 0.99852651357650757 0.50000864267349243
vt 0.50000870227813721 8.6698746599722654E-06
vt 0.99852651357650757 8.6698746599722654E-06
vt 0.50000870227813721 0.49852648377418518
vt 0.99852651357650757 0.49852648377418518
vn 0 0 -1
vn 0 0 -1
vn 0 0 -1
vn 0 0 -1
vn 1 0 0
vn 1 0 0
vn 1 0 0
vn 1 0 0
vn 0 0 1
vn 0 0 1
vn 0 0 1
vn 0 0 1
vn -1 0 0
vn -1 0 0
vn -1 0 0
vn -1 0 0
vn 0 -1 0
vn 0 -1 0
vn 0 -1 0
vn 0 -1 0
vn 0 1 0
vn 0 1 0
vn 0 1 0
vn 0 1 0
f 865/865/865 866/866/866 867/867/867 868/868/868
f 869/869/869 870/870/870 871/871/871
f 871/871/871 872/872/872 869/869/869
f 874/874/874 875/875/875 876/876/876 873/873/873
f 878/878/878 880/880/880 877/877/877
f 880/880/880 878/878/878 879/879/879
f 883/883/883 884/884/884 881/881/881 882/882/882
f 885/885/885 886/886/886 888/888/888 887/887/887
v 486.38372802734375 2469.5 48073.1328125 255 255 0
v 753.88372802734375 2469.5 48073.1328125 255 255 0
v 753.88372802734375 2434.5 48073.1328125 255 255 0
v 486.38372802734375 2434.5 48073.1328125 255 255 0
v 753.88372802734375 2434.5 48073.1328125 255 255 0
v 753.88372802734375 2469.5 48073.1328125 255 255 0
v 753.88372802734375 2469.5 48340.6328125 255 255 0
v 753.88372802734375 2434.5 48340.6328125 255 255 0
v 753.88372802734375 2434.5 48340.6328125 255 255 0
v 753.88372802734375 2469.5 48340.6328125 255 255 0
v 486.38372802734375 2469.5 48340.6328125 255 255 0
v 486.38372802734375 2434.5 48340.6328125 255 255 0
v 486.38372802734375 2469.5 48073.1328125 255 255 0
v 486.38372802734375 2434.5 48073.1328125 255 255 0
v 486.38372802734375 2434.5 48340.6328125 255 255 0
v 486.38372802734375 2469.5 48340.6328125 255 255 0
v 486.38372802734375 2434.5 48073.1328125 255 255 0
v 753.88372802734375 2434.5 48073.1328125 255 255 0
v 753.88372802734375 2434.5 48340.6328125 255 255 0
v 486.38372802734375 2434.5 48340.6328125 255 255 0
v 753.88372802734375 2469.5 48073.1328125 255 255 0
v 486.38372802734375 2469.5 48073.1328125 255 255 0
v 753.88372802734375 2469.5 48340.6328125 255 255 0
v 486.38372802734375 2469.5 48340.6328125 255 255 0
vt 0.065445944666862488 0.49999064207077026
vt 0.065445944666862488 9.3454445959650911E-06
vt 0.1293996274471283 9.3454445959650911E-06
vt 0.1293996274471283 0.49999064207077026
vt 0.063962824642658234 0.49999064207077026
vt 9.1362417151685804E-06 0.49999064207077026
vt 9.1362417151685804E-06 9.3454445959650911E-06
vt 0.063962824642658234 9.3454445959650911E-06
vt 0.26027324795722961 0.49999064207077026
vt 0.19631955027580261 0.49999064207077026
vt 0.19631955027580261 9.3454445959650911E-06
vt 0.26027324795722961 9.3454445959650911E-06
vt 0.13088275492191315 9.3454445959650911E-06
vt 0.19483643770217896 9.3454445959650911E-06
vt 0.19483643770217896 0.49999064207077026
vt 0.13088275492191315 0.49999064207077026
vt 0.7602730393409729 0.99852579832077026
vt 0.26175656914710999 0.99852579832077026
vt 0.26175656914710999 0.50000929832458496
vt 0.7602730393409729 0.50000929832458496
vt 0.26175656914710999 9.3180651674629189E-06
vt 0.7602730393409729 9.3180651674629189E-06
vt 0.26175656914710999 0.49852582812309265
vt 0.7602730393409729 0.49852582812309265
vn 0 0 -1
vn 0 0 -1
vn 0 0 -1
vn 0 0 -1
vn 1 0 0
vn 1 0 0
vn 1 0 0
vn 1 0 0
vn 0 0 1
vn 0 0 1
vn 0 0 1
vn 0 0 1
vn -1 0 0
vn -1 0 0
vn -1 0 0
vn -1 0 0
vn 0 -1 0
vn 0 -1 0
vn 0 -1 0
vn 0 -1 0
vn 0 1 0
vn 0 1 0
vn 0 1 0
vn 0 1 0
f 889/889/889 890/890/890 891/891/891 892/892/892
f 894/894/894 895/895/895 896/896/896 893/893/893
f 898/898/898 899/899/899 900/900/900 897/897/897
f 904/904/904 901/901/901 902/902/902 903/903/903
f 907/907/907 908/908/908 905/905/905 906/906/906
f 909/909/909 910/910/910 912/912/912 911/911/911
v 753.88372802734375 2469.5 48340.6328125 255 255 0
v 753.88372802734375 2469.5 48073.1328125 255 255 0
v 753.88372802734375 2434.5 48073.1328125 255 255 0
v 753.88372802734375 2434.5 48340.6328125 255 255 0
v 753.88372802734375 2434.5 48073.1328125 255 255 0
v 753.88372802734375 2469.5 48073.1328125 255 255 0
v 486.38372802734375 2469.5 48073.1328125 255 255 0
v 486.38372802734375 2434.5 48073.1328125 255 255 0
v 486.38372802734375 2434.5 48073.1328125 255 255 0
v 486.38372802734375 2469.5 48073.1328125 255 255 0
v 486.38372802734375 2469.5 48340.6328125 255 255 0
v 486.38372802734375 2434.5 48340.6328125 255 255 0
v 753.88372802734375 2469.5 48340.6328125 255 255 0
v 753.88372802734375 2434.5 48340.6328125 255 255 0
v 486.38372802734375 2434.5 48340.6328125 255 255 0
v 486.38372802734375 2469.5 48340.6328125 255 255 0
v 476.38372802734375 2469.5 48063.1328125 255 255 0
v 763.88372802734375 2469.5 48063.1328125 255 255 0
v 763.88372802734375 2434.5 48063.1328125 255 255 0
v 476.38372802734375 2434.5 48063.1328125 255 255 0
v 763.88372802734375 2434.5 48063.1328125 255 255 0
v 763.88372802734375 2469.5 48063.1328125 255 255 0
v 763.88372802734375 2469.5 48350.6328125 255 255 0
v 763.88372802734375 2434.5 48350.6328125 255 255 0
v 763.88372802734375 2434.5 48350.6328125 255 255 0
v 763.88372802734375 2469.5 48350.6328125 255 255 0
v 476.38372802734375 2469.5 48350.6328125 255 255 0
v 476.38372802734375 2434.5 48350.6328125 255 255 0
v 476.38372802734375 2469.5 48063.1328125 255 255 0
v 476.38372802734375 2434.5 48063.1328125 255 255 0
v 476.38372802734375 2434.5 48350.6328125 255 255 0
v 476.38372802734375 2469.5 48350.6328125 255 255 0
v 753.88372802734375 2434.5 48340.6328125 255 255 0
v 753.88372802734375 2434.5 48073.1328125 255 255 0
v 486.38372802734375 2434.5 48073.1328125 255 255 0
v 486.38372802734375 2434.5 48340.6328125 255 255 0
v 476.38372802734375 2434.5 48063.1328125 255 255 0
v 763.88372802734375 2434.5 48063.1328125 255 255 0
v 763.88372802734375 2434.5 48350.6328125 255 255 0
v 476.38372802734375 2434.5 48350.6328125 255 255 0
v 753.88372802734375 2469.5 48073.1328125 255 255 0
v 753.88372802734375 2469.5 48340.6328125 255 255 0
v 486.38372802734375 2469.5 48073.1328125 255 255 0
v 486.38372802734375 2469.5 48340.6328125 255 255 0
v 763.88372802734375 2469.5 48063.1328125 255 255 0
v 476.38372802734375 2469.5 48063.1328125 255 255 0
v 763.88372802734375 2469.5 48350.6328125 255 255 0
v 476.38372802734375 2469.5 48350.6328125 255 255 0
vt 0.06089332327246666 0.46520990133285522
vt 0.06089332327246666 8.6953496065689251E-06
vt 0.12029635161161423 8.6953496065689251E-06
vt 0.12029635161161423 0.46520990133285522
vt 0.059411510825157166 0.46520990133285522
vt 8.4861458162777126E-06 0.46520990133285522
vt 8.4861458162777126E-06 8.6953496065689251E-06
vt 0.059411510825157166 8.6953496065689251E-06
vt 0.24206602573394775 0.46520990133285522
vt 0.18266300857067108 0.46520990133285522
vt 0.18266300857067108 8.6953496065689251E-06
vt 0.24206602573394775 8.6953496065689251E-06
vt 0.12177816033363342 8.6953496065689251E-06
vt 0.18118119239807129 8.6953496065689251E-06
vt 0.18118119239807129 0.46520990133285522
vt 0.12177816033363342 0.46520990133285522
vt 0.30443269014358521 0.49999129772186279
vt 0.30443269014358521 8.6953496065689251E-06
vt 0.36383569240570068 8.6953496065689251E-06
vt 0.36383569240570068 0.49999129772186279
vt 0.30295085906982422 0.49999129772186279
vt 0.24354784190654755 0.49999129772186279
vt 0.24354784190654755 8.6953496065689251E-06
vt 0.30295085906982422 8.6953496065689251E-06
vt 0.485605388879776 0.49999129772186279
vt 0.42620235681533813 0.49999129772186279
vt 0.42620235681533813 8.6953496065689251E-06
vt 0.485605388879776 8.6953496065689251E-06
vt 0.36531752347946167 8.6953496065689251E-06
vt 0.42472055554389954 8.6953496065689251E-06
vt 0.42472055554389954 0.49999129772186279
vt 0.36531752347946167 0.49999129772186279
vt 0.50442713499069214 0.51734840869903564
vt 0.50442713499069214 0.98118674755096436
vt 0.96826547384262085 0.98118674755096436
vt 0.96826547384262085 0.51734840869903564
vt 0.98560518026351929 0.99852645397186279
vt 0.48708739876747131 0.99852645397186279
vt 0.48708739876747131 0.50000864267349243
vt 0.98560518026351929 0.50000864267349243
vt 0.50442713499069214 0.01734841987490654
vt 0.50442713499069214 0.48118671774864197
vt 0.96826547384262085 0.01734841987490654
vt 0.96826547384262085 0.48118671774864197
vt 0.48708739876747131 8.6698746599722654E-06
vt 0.98560518026351929 8.6698746599722654E-06
vt 0.48708739876747131 0.49852648377418518
vt 0.98560518026351929 0.49852648377418518
vn -1 0 0
vn -1 0 0
vn -1 0 0
vn -1 0 0
vn 0 0 1
vn 0 0 1
vn 0 0 1
vn 0 0 1
vn 1 0 0
vn 1 0 0
vn 1 0 0
vn 1 0 0
vn 0 0 -1
vn 0 0 -1
vn 0 0 -1
vn 0 0 -1
vn 0 0 -1
vn 0 0 -1
vn 0 0 -1
vn 0 0 -1
vn 1 0 0
vn 1 0 0
vn 1 0 0
vn 1 0 0
vn 0 0 1
vn 0 0 1
vn 0 0 1
vn 0 0 1
vn -1 0 0
vn -1 0 0
vn -1 0 0
vn -1 0 0
vn 0 -1 0
vn 0 -1 0
vn 0 -1 0
vn 0 -1 0
vn 0 -1 0
vn 0 -1 0
vn 0 -1 0
vn 0 -1 0
vn 0 1 0
vn 0 1 0
vn 0 1 0
vn 0 1 0
vn 0 1 0
vn 0 1 0
vn 0 1 0
vn 0 1 0
f 913/913/913 914/914/914 915/915/915 916/916/916
f 918/918/918 919/919/919 920/920/920 917/917/917
f 922/922/922 923/923/923 924/924/924 921/921/921
f 928/928/928 925/925/925 926/926/926 927/927/927
f 929/929/929 930/930/930 931/931/931 932/932/932
f 934/934/934 935/935/935 936/936/936 933/933/933
f 938/938/938 939/939/939 940/940/940 937/937/937
f 944/944/944 941/941/941 942/942/942 943/943/943
f 948/948/948 945/945/945 951/951/951 952/952/952
f 947/947/947 948/948/948 952/952/952 949/949/949
f 945/945/945 946/946/946 950/950/950 951/951/951
f 946/946/946 947/947/947 949/949/949 950/950/950
f 955/955/955 953/953/953 957/957/957 958/958/958
f 958/958/958 960/960/960 956/956/956 955/955/955
f 959/959/959 957/957/957 953/953/953 954/954/954
f 954/954/954 956/956/956 960/960/960 959/959/959
v 560.13372802734375 2632 49836.8828125 255 255 0
v 680.13372802734375 2632 49836.8828125 255 255 0
v 680.13372802734375 2582 49836.8828125 255 255 0
v 560.13372802734375 2582 49836.8828125 255 255 0
v 680.13372802734375 2582 49836.8828125 255 255 0
v 680.13372802734375 2632 49836.8828125 255 255 0
v 680.13372802734375 2632 49936.8828125 255 255 0
v 680.13372802734375 2582 49936.8828125 255 255 0
v 680.13372802734375 2582 49936.8828125 255 255 0
v 680.13372802734375 2632 49936.8828125 255 255 0
v 560.13372802734375 2632 49936.8828125 255 255 0
v 560.13372802734375 2582 49936.8828125 255 255 0
v 560.13372802734375 2632 49836.8828125 255 255 0
v 560.13372802734375 2582 49836.8828125 255 255 0
v 560.13372802734375 2582 49936.8828125 255 255 0
v 560.13372802734375 2632 49936.8828125 255 255 0
v 560.13372802734375 2582 49836.8828125 255 255 0
v 680.13372802734375 2582 49836.8828125 255 255 0
v 680.13372802734375 2582 49936.8828125 255 255 0
v 560.13372802734375 2582 49936.8828125 255 255 0
v 680.13372802734375 2632 49836.8828125 255 255 0
v 560.13372802734375 2632 49836.8828125 255 255 0
v 680.13372802734375 2632 49936.8828125 255 255 0
v 560.13372802734375 2632 49936.8828125 255 255 0
vt 0.50002074241638184 0.62505191564559937
vt 0.99851441383361816 0.62505191564559937
vt 0.99851441383361816 0.83190333843231201
vt 0.50002074241638184 0.83190333843231201
vt 0.95833683013916016 0.4151880145072937
vt 0.75002080202102661 0.4151880145072937
vt 0.75002080202102661 2.075836164294742E-05
vt 0.95833683013916016 2.075836164294742E-05
vt 0.50002074241638184 0.62354570627212524
vt 0.50002074241638184 0.4166942834854126
vt 0.99851441383361816 0.4166942834854126
vt 0.99851441383361816 0.62354570627212524
vt 0.50002080202102661 2.075836164294742E-05
vt 0.70833683013916016 2.075836164294742E-05
vt 0.70833683013916016 0.4151880145072937
vt 0.50002080202102661 0.4151880145072937
vt 0.49851438403129578 0.83190327882766724
vt 2.0770792616531253E-05 0.83190327882766724
vt 2.0770792616531253E-05 0.41671520471572876
vt 0.49851438403129578 0.41671520471572876
vt 2.0770792616531253E-05 2.0759403923875652E-05
vt 0.49851438403129578 2.0759403923875652E-05
vt 2.0770792616531253E-05 0.4152088463306427
vt 0.49851438403129578 0.4152088463306427
vn 0 0 -1
vn 0 0 -1
vn 0 0 -1
vn 0 0 -1
vn 1 0 0
vn 1 0 0
vn 1 0 0
vn 1 0 0
vn 0 0 1
vn 0 0 1
vn 0 0 1
vn 0 0 1
vn -1 0 0
vn -1 0 0
vn -1 0 0
vn -1 0 0
vn 0 -1 0
vn 0 -1 0
vn 0 -1 0
vn 0 -1 0
vn 0 1 0
vn 0 1 0
vn 0 1 0
vn 0 1 0
f 961/961/961 962/962/962 963/963/963 964/964/964
f 965/965/965 966/966/966 967/967/967
f 967/967/967 968/968/968 965/965/965
f 970/970/970 971/971/971 972/972/972 969/969/969
f 974/974/974 976/976/976 973/973/973
f 976/976/976 974/974/974 975/975/975
f 979/979/979 980/980/980 977/977/977 978/978/978
f 981/981/981 982/982/982 984/984/984 983/983/983
v 730.75872802734375 2582 49786.2578125 255 255 0
v 730.75872802734375 2582 49987.5078125 255 255 0
v 730.75872802734375 2569.5 49987.5078125 255 255 0
v 730.75872802734375 2569.5 49786.2578125 255 255 0
v 730.75872802734375 2569.5 49987.5078125 255 255 0
v 730.75872802734375 2582 49987.5078125 255 255 0
v 713.50872802734375 2582 49987.5078125 255 255 0
v 713.50872802734375 2569.5 49987.5078125 255 255 0
v 713.50872802734375 2569.5 49987.5078125 255 255 0
v 713.50872802734375 2582 49987.5078125 255 255 0
v 713.50872802734375 2582 49786.2578125 255 255 0
v 713.50872802734375 2569.5 49786.2578125 255 255 0
v 730.75872802734375 2582 49786.2578125 255 255 0
v 730.75872802734375 2569.5 49786.2578125 255 255 0
v 713.50872802734375 2569.5 49786.2578125 255 255 0
v 713.50872802734375 2582 49786.2578125 255 255 0
v 730.75872802734375 2569.5 49786.2578125 255 255 0
v 730.75872802734375 2569.5 49987.5078125 255 255 0
v 713.50872802734375 2569.5 49987.5078125 255 255 0
v 713.50872802734375 2569.5 49786.2578125 255 255 0
v 730.75872802734375 2582 49987.5078125 255 255 0
v 730.75872802734375 2582 49786.2578125 255 255 0
v 713.50872802734375 2582 49987.5078125 255 255 0
v 713.50872802734375 2582 49786.2578125 255 255 0
vt 0.079008758068084717 0.72752189636230469
vt 0.99851232767105103 0.72752189636230469
vt 0.99851232767105103 0.78472495079040527
vt 0.079008758068084717 0.78472495079040527
vt 0.59671884775161743 0.078963026404380798
vt 0.53951585292816162 0.078963026404380798
vt 0.53951585292816162 2.2881200493429787E-05
vt 0.59671884775161743 2.2881200493429787E-05
vt 0.079008758068084717 0.59120988845825195
vt 0.079008758068084717 0.53400689363479614
vt 0.99851232767105103 0.53400689363479614
vt 0.99851232767105103 0.59120988845825195
vt 0.079008787870407104 2.2881200493429787E-05
vt 0.13621178269386292 2.2881200493429787E-05
vt 0.13621178269386292 0.078963026404380798
vt 0.079008787870407104 0.078963026404380798
vt 0.99851232767105103 0.3459550142288208
vt 0.079008758068084717 0.3459550142288208
vt 0.079008758068084717 0.26701486110687256
vt 0.99851232767105103 0.26701486110687256
vt 2.2456853912444785E-05 0.91952639818191528
vt 2.2456853912444785E-05 2.2844809791422449E-05
vt 0.077498607337474823 0.91952639818191528
vt 0.077498607337474823 2.2844809791422449E-05
vn 1 0 0
vn 1 0 0
vn 1 0 0
vn 1 0 0
vn 0 0 1
vn 0 0 1
vn 0 0 1
vn 0 0 1
vn -1 0 0
vn -1 0 0
vn -1 0 0
vn -1 0 0
vn 0 0 -1
vn 0 0 -1
vn 0 0 -1
vn 0 0 -1
vn 0 -1 0
vn 0 -1 0
vn 0 -1 0
vn 0 -1 0
vn 0 1 0
vn 0 1 0
vn 0 1 0
vn 0 1 0
f 988/988/988 985/985/985 986/986/986
f 986/986/986 987/987/987 988/988/988
f 990/990/990 991/991/991 992/992/992 989/989/989
f 996/996/996 994/994/994 995/995/995
f 994/994/994 996/996/996 993/993/993
f 1000/1000/1000 997/997/997 998/998/998 999/999/999
f 1003/1003/1003 1004/1004/1004 1001/1001/1001 1002/1002/1002
f 1005/1005/1005 1006/1006/1006 1008/1008/1008 1007/1007/1007
v 529.50872802734375 2582 49786.2578125 255 255 0
v 546.75872802734375 2582 49786.2578125 255 255 0
v 546.75872802734375 2569.5 49786.2578125 255 255 0
v 529.50872802734375 2569.5 49786.2578125 255 255 0
v 546.75872802734375 2569.5 49786.2578125 255 255 0
v 546.75872802734375 2582 49786.2578125 255 255 0
v 546.75872802734375 2582 49987.5078125 255 255 0
v 546.75872802734375 2569.5 49987.5078125 255 255 0
v 546.75872802734375 2569.5 49987.5078125 255 255 0
v 546.75872802734375 2582 49987.5078125 255 255 0
v 529.50872802734375 2582 49987.5078125 255 255 0
v 529.50872802734375 2569.5 49987.5078125 255 255 0
v 529.50872802734375 2582 49786.2578125 255 255 0
v 529.50872802734375 2569.5 49786.2578125 255 255 0
v 529.50872802734375 2569.5 49987.5078125 255 255 0
v 529.50872802734375 2582 49987.5078125 255 255 0
v 529.50872802734375 2569.5 49786.2578125 255 255 0
v 546.75872802734375 2569.5 49786.2578125 255 255 0
v 546.75872802734375 2569.5 49987.5078125 255 255 0
v 529.50872802734375 2569.5 49987.5078125 255 255 0
v 546.75872802734375 2582 49786.2578125 255 255 0
v 529.50872802734375 2582 49786.2578125 255 255 0
v 546.75872802734375 2582 49987.5078125 255 255 0
v 529.50872802734375 2582 49987.5078125 255 255 0
vt 0.53951585292816162 0.078963026404380798
vt 0.53951585292816162 2.2881200493429787E-05
vt 0.59671884775161743 2.2881200493429787E-05
vt 0.59671884775161743 0.078963026404380798
vt 0.079008758068084717 0.78472495079040527
vt 0.079008758068084717 0.72752189636230469
vt 0.99851232767105103 0.72752189636230469
vt 0.99851232767105103 0.78472495079040527
vt 0.13621178269386292 0.078963026404380798
vt 0.079008787870407104 0.078963026404380798
vt 0.079008787870407104 2.2881200493429787E-05
vt 0.13621178269386292 2.2881200493429787E-05
vt 0.99851232767105103 0.53400689363479614
vt 0.99851232767105103 0.59120988845825195
vt 0.079008758068084717 0.59120988845825195
vt 0.079008758068084717 0.53400689363479614
vt 0.99851232767105103 0.26701486110687256
vt 0.99851232767105103 0.3459550142288208
vt 0.07900875061750412 0.3459550142288208
vt 0.07900875061750412 0.26701486110687256
vt 2.2456189981312491E-05 2.2844809791422449E-05
vt 0.077498607337474823 2.2844809791422449E-05
vt 2.2456189981312491E-05 0.91952639818191528
vt 0.077498607337474823 0.91952639818191528
vn 0 0 -1
vn 0 0 -1
vn 0 0 -1
vn 0 0 -1
vn 1 0 0
vn 1 0 0
vn 1 0 0
vn 1 0 0
vn 0 0 1
vn 0 0 1
vn 0 0 1
vn 0 0 1
vn -1 0 0
vn -1 0 0
vn -1 0 0
vn -1 0 0
vn 0 -1 0
vn 0 -1 0
vn 0 -1 0
vn 0 -1 0
vn 0 1 0
vn 0 1 0
vn 0 1 0
vn 0 1 0
f 1009/1009/1009 1010/1010/1010 1011/1011/1011 1012/1012/1012
f 1013/1013/1013 1014/1014/1014 1015/1015/1015
f 1015/1015/1015 1016/1016/1016 1013/1013/1013
f 1018/1018/1018 1019/1019/1019 1020/1020/1020 1017/1017/1017
f 1022/1022/1022 1024/1024/1024 1021/1021/1021
f 1024/1024/1024 1022/1022/1022 1023/1023/1023
f 1027/1027/1027 1028/1028/1028 1025/1025/1025 1026/1026/1026
f 1029/1029/1029 1030/1030/1030 1032/1032/1032 1031/1031/1031
v 680.13372802734375 2582 49836.8828125 255 255 0
v 680.13372802734375 2582 49936.8828125 255 255 0
v 680.13372802734375 2569.5 49936.8828125 255 255 0
v 680.13372802734375 2569.5 49836.8828125 255 255 0
v 680.13372802734375 2569.5 49936.8828125 255 255 0
v 680.13372802734375 2582 49936.8828125 255 255 0
v 579.72216796875 2582 49936.8828125 255 255 0
v 579.72216796875 2569.5 49936.8828125 255 255 0
v 579.72216796875 2569.5 49936.8828125 255 255 0
v 579.72216796875 2582 49936.8828125 255 255 0
v 579.72216796875 2582 49836.8828125 255 255 0
v 579.72216796875 2569.5 49836.8828125 255 255 0
v 680.13372802734375 2582 49836.8828125 255 255 0
v 680.13372802734375 2569.5 49836.8828125 255 255 0
v 579.72216796875 2569.5 49836.8828125 255 255 0
v 579.72216796875 2582 49836.8828125 255 255 0
v 680.13372802734375 2569.5 49836.8828125 255 255 0
v 680.13372802734375 2569.5 49936.8828125 255 255 0
v 579.72216796875 2569.5 49936.8828125 255 255 0
v 579.72216796875 2569.5 49836.8828125 255 255 0
v 680.13372802734375 2582 49936.8828125 255 255 0
v 680.13372802734375 2582 49836.8828125 255 255 0
v 579.72216796875 2582 49936.8828125 255 255 0
v 579.72216796875 2582 49836.8828125 255 255 0
vt 0.062568157911300659 0.49997499585151672
vt 0.062568157911300659 2.4997500077006407E-05
vt 0.12359823286533356 2.4997500077006407E-05
vt 0.12359823286533356 0.49997499585151672
vt 0.18614198267459869 0.50203251838684082
vt 0.1251119077205658 0.50203251838684082
vt 0.1251119077205658 2.4997500077006407E-05
vt 0.18614198267459869 2.4997500077006407E-05
vt 0.061054486781358719 0.49997499585151672
vt 2.441203105263412E-05 0.49997499585151672
vt 2.441203105263412E-05 2.4997500077006407E-05
vt 0.061054486781358719 2.4997500077006407E-05
vt 0.18765564262866974 2.4997500077006407E-05
vt 0.24868571758270264 2.4997500077006407E-05
vt 0.24868571758270264 0.50203251838684082
vt 0.18765564262866974 0.50203251838684082
vt 0.75074267387390137 2.4924265744630247E-05
vt 0.75074267387390137 0.4985102117061615
vt 0.25019991397857666 0.4985102117061615
vt 0.25019991397857666 2.4924265744630247E-05
vt 0.25019991397857666 0.99851024150848389
vt 0.25019991397857666 0.50002491474151611
vt 0.75074267387390137 0.99851024150848389
vt 0.75074267387390137 0.50002491474151611
vn 1 0 0
vn 1 0 0
vn 1 0 0
vn 1 0 0
vn 0 0 1
vn 0 0 1
vn 0 0 1
vn 0 0 1
vn -1 0 0
vn -1 0 0
vn -1 0 0
vn -1 0 0
vn 0 0 -1
vn 0 0 -1
vn 0 0 -1
vn 0 0 -1
vn 0 -1 0
vn 0 -1 0
vn 0 -1 0
vn 0 -1 0
vn 0 1 0
vn 0 1 0
vn 0 1 0
vn 0 1 0
f 1035/1035/1035 1033/1033/1033 1034/1034/1034
f 1033/1033/1033 1035/1035/1035 1036/1036/1036
f 1038/1038/1038 1039/1039/1039 1040/1040/1040 1037/1037/1037
f 1041/1041/1041 1042/1042/1042 1043/1043/1043
f 1043/1043/1043 1044/1044/1044 1041/1041/1041
f 1048/1048/1048 1045/1045/1045 1046/1046/1046 1047/1047/1047
f 1050/1050/1050 1051/1051/1051 1052/1052/1052
f 1052/1052/1052 1049/1049/1049 1050/1050/1050
f 1055/1055/1055 1053/1053/1053 1054/1054/1054
f 1054/1054/1054 1056/1056/1056 1055/1055/1055
v 486.38372802734375 2569.5 49743.1328125 255 255 0
v 773.88372802734375 2569.5 49743.1328125 255 255 0
v 773.88372802734375 2469.5 49743.1328125 255 255 0
v 486.38372802734375 2469.5 49743.1328125 255 255 0
v 773.88372802734375 2469.5 49743.1328125 255 255 0
v 773.88372802734375 2569.5 49743.1328125 255 255 0
v 773.88372802734375 2569.5 50030.6328125 255 255 0
v 773.88372802734375 2469.5 50030.6328125 255 255 0
v 773.88372802734375 2469.5 50030.6328125 255 255 0
v 773.88372802734375 2569.5 50030.6328125 255 255 0
v 486.38372802734375 2569.5 50030.6328125 255 255 0
v 486.38372802734375 2469.5 50030.6328125 255 255 0
v 486.38372802734375 2569.5 49743.1328125 255 255 0
v 486.38372802734375 2469.5 49743.1328125 255 255 0
v 486.38372802734375 2469.5 50030.6328125 255 255 0
v 486.38372802734375 2569.5 50030.6328125 255 255 0
v 486.38372802734375 2469.5 49743.1328125 255 255 0
v 773.88372802734375 2469.5 49743.1328125 255 255 0
v 773.88372802734375 2469.5 50030.6328125 255 255 0
v 486.38372802734375 2469.5 50030.6328125 255 255 0
v 773.88372802734375 2569.5 49743.1328125 255 255 0
v 486.38372802734375 2569.5 49743.1328125 255 255 0
v 773.88372802734375 2569.5 50030.6328125 255 255 0
v 486.38372802734375 2569.5 50030.6328125 255 255 0
vt 8.6767831817269325E-06 0.25000870227813721
vt 0.49852648377418518 0.25000870227813721
vt 0.49852648377418518 0.42391568422317505
vt 8.6767831817269325E-06 0.42391568422317505
vt 8.6767831817269325E-06 0.92391568422317505
vt 8.6767831817269325E-06 0.75000870227813721
vt 0.49852648377418518 0.75000870227813721
vt 0.49852648377418518 0.92391568422317505
vt 8.6767831817269325E-06 0.17391568422317505
vt 8.6767831817269325E-06 8.6953496065689251E-06
vt 0.49852648377418518 8.6953496065689251E-06
vt 0.49852648377418518 0.17391568422317505
vt 0.49852648377418518 0.50000870227813721
vt 0.49852648377418518 0.67391568422317505
vt 8.6767831817269325E-06 0.67391568422317505
vt 8.6767831817269325E-06 0.50000870227813721
vt 0.99852651357650757 0.99852645397186279
vt 0.50000870227813721 0.99852645397186279
vt 0.50000870227813721 0.50000864267349243
vt 0.99852651357650757 0.50000864267349243
vt 0.50000870227813721 8.6698746599722654E-06
vt 0.99852651357650757 8.6698746599722654E-06
vt 0.50000870227813721 0.49852648377418518
vt 0.99852651357650757 0.49852648377418518
vn 0 0 -1
vn 0 0 -1
vn 0 0 -1
vn 0 0 -1
vn 1 0 0
vn 1 0 0
vn 1 0 0
vn 1 0 0
vn 0 0 1
vn 0 0 1
vn 0 0 1
vn 0 0 1
vn -1 0 0
vn -1 0 0
vn -1 0 0
vn -1 0 0
vn 0 -1 0
vn 0 -1 0
vn 0 -1 0
vn 0 -1 0
vn 0 1 0
vn 0 1 0
vn 0 1 0
vn 0 1 0
f 1057/1057/1057 1058/1058/1058 1059/1059/1059 1060/1060/1060
f 1061/1061/1061 1062/1062/1062 1063/1063/1063
f 1063/1063/1063 1064/1064/1064 1061/1061/1061
f 1066/1066/1066 1067/1067/1067 1068/1068/1068 1065/1065/1065
f 1070/1070/1070 1072/1072/1072 1069/1069/1069
f 1072/1072/1072 1070/1070/1070 1071/1071/1071
f 1075/1075/1075 1076/1076/1076 1073/1073/1073 1074/1074/1074
f 1077/1077/1077 1078/1078/1078 1080/1080/1080 1079/1079/1079
v 496.38372802734375 2469.5 49753.1328125 255 255 0
v 763.88372802734375 2469.5 49753.1328125 255 255 0
v 763.88372802734375 2434.5 49753.1328125 255 255 0
v 496.38372802734375 2434.5 49753.1328125 255 255 0
v 763.88372802734375 2434.5 49753.1328125 255 255 0
v 763.88372802734375 2469.5 49753.1328125 255 255 0
v 763.88372802734375 2469.5 50020.6328125 255 255 0
v 763.88372802734375 2434.5 50020.6328125 255 255 0
v 763.88372802734375 2434.5 50020.6328125 255 255 0
v 763.88372802734375 2469.5 50020.6328125 255 255 0
v 496.38372802734375 2469.5 50020.6328125 255 255 0
v 496.38372802734375 2434.5 50020.6328125 255 255 0
v 496.38372802734375 2469.5 49753.1328125 255 255 0
v 496.38372802734375 2434.5 49753.1328125 255 255 0
v 496.38372802734375 2434.5 50020.6328125 255 255 0
v 496.38372802734375 2469.5 50020.6328125 255 255 0
v 496.38372802734375 2434.5 49753.1328125 255 255 0
v 763.88372802734375 2434.5 49753.1328125 255 255 0
v 763.88372802734375 2434.5 50020.6328125 255 255 0
v 496.38372802734375 2434.5 50020.6328125 255 255 0
v 763.88372802734375 2469.5 49753.1328125 255 255 0
v 496.38372802734375 2469.5 49753.1328125 255 255 0
v 763.88372802734375 2469.5 50020.6328125 255 255 0
v 496.38372802734375 2469.5 50020.6328125 255 255 0
vt 0.065445944666862488 0.49999064207077026
vt 0.065445944666862488 9.3454445959650911E-06
vt 0.1293996274471283 9.3454445959650911E-06
vt 0.1293996274471283 0.49999064207077026
vt 0.063962824642658234 0.49999064207077026
vt 9.1362417151685804E-06 0.49999064207077026
vt 9.1362417151685804E-06 9.3454445959650911E-06
vt 0.063962824642658234 9.3454445959650911E-06
vt 0.26027324795722961 0.49999064207077026
vt 0.19631955027580261 0.49999064207077026
vt 0.19631955027580261 9.3454445959650911E-06
vt 0.26027324795722961 9.3454445959650911E-06
vt 0.13088275492191315 9.3454445959650911E-06
vt 0.19483643770217896 9.3454445959650911E-06
vt 0.19483643770217896 0.49999064207077026
vt 0.13088275492191315 0.49999064207077026
vt 0.7602730393409729 0.99852579832077026
vt 0.26175656914710999 0.99852579832077026
vt 0.26175656914710999 0.50000929832458496
vt 0.7602730393409729 0.50000929832458496
vt 0.26175656914710999 9.3180651674629189E-06
vt 0.7602730393409729 9.3180651674629189E-06
vt 0.26175656914710999 0.49852582812309265
vt 0.7602730393409729 0.49852582812309265
vn 0 0 -1
vn 0 0 -1
vn 0 0 -1
vn 0 0 -1
vn 1 0 0
vn 1 0 0
vn 1 0 0
vn 1 0 0
vn 0 0 1
vn 0 0 1
vn 0 0 1
vn 0 0 1
vn -1 0 0
vn -1 0 0
vn -1 0 0
vn -1 0 0
vn 0 -1 0
vn 0 -1 0
vn 0 -1 0
vn 0 -1 0
vn 0 1 0
vn 0 1 0
vn 0 1 0
vn 0 1 0
f 1081/1081/1081 1082/1082/1082 1083/1083/1083 1084/1084/1084
f 1086/1086/1086 1087/1087/1087 1088/1088/1088 1085/1085/1085
f 1090/1090/1090 1091/1091/1091 1092/1092/1092 1089/1089/1089
f 1096/1096/1096 1093/1093/1093 1094/1094/1094 1095/1095/1095
f 1099/1099/1099 1100/1100/1100 1097/1097/1097 1098/1098/1098
f 1101/1101/1101 1102/1102/1102 1104/1104/1104 1103/1103/1103
v 763.88372802734375 2469.5 50020.6328125 255 255 0
v 763.88372802734375 2469.5 49753.1328125 255 255 0
v 763.88372802734375 2434.5 49753.1328125 255 255 0
v 763.88372802734375 2434.5 50020.6328125 255 255 0
v 763.88372802734375 2434.5 49753.1328125 255 255 0
v 763.88372802734375 2469.5 49753.1328125 255 255 0
v 496.38372802734375 2469.5 49753.1328125 255 255 0
v 496.38372802734375 2434.5 49753.1328125 255 255 0
v 496.38372802734375 2434.5 49753.1328125 255 255 0
v 496.38372802734375 2469.5 49753.1328125 255 255 0
v 496.38372802734375 2469.5 50020.6328125 255 255 0
v 496.38372802734375 2434.5 50020.6328125 255 255 0
v 763.88372802734375 2469.5 50020.6328125 255 255 0
v 763.88372802734375 2434.5 50020.6328125 255 255 0
v 496.38372802734375 2434.5 50020.6328125 255 255 0
v 496.38372802734375 2469.5 50020.6328125 255 255 0
v 486.38372802734375 2469.5 49743.1328125 255 255 0
v 773.88372802734375 2469.5 49743.1328125 255 255 0
v 773.88372802734375 2434.5 49743.1328125 255 255 0
v 486.38372802734375 2434.5 49743.1328125 255 255 0
v 773.88372802734375 2434.5 49743.1328125 255 255 0
v 773.88372802734375 2469.5 49743.1328125 255 255 0
v 773.88372802734375 2469.5 50030.6328125 255 255 0
v 773.88372802734375 2434.5 50030.6328125 255 255 0
v 773.88372802734375 2434.5 50030.6328125 255 255 0
v 773.88372802734375 2469.5 50030.6328125 255 255 0
v 486.38372802734375 2469.5 50030.6328125 255 255 0
v 486.38372802734375 2434.5 50030.6328125 255 255 0
v 486.38372802734375 2469.5 49743.1328125 255 255 0
v 486.38372802734375 2434.5 49743.1328125 255 255 0
v 486.38372802734375 2434.5 50030.6328125 255 255 0
v 486.38372802734375 2469.5 50030.6328125 255 255 0
v 763.88372802734375 2434.5 50020.6328125 255 255 0
v 763.88372802734375 2434.5 49753.1328125 255 255 0
v 496.38372802734375 2434.5 49753.1328125 255 255 0
v 496.38372802734375 2434.5 50020.6328125 255 255 0
v 486.38372802734375 2434.5 49743.1328125 255 255 0
v 773.88372802734375 2434.5 49743.1328125 255 255 0
v 773.88372802734375 2434.5 50030.6328125 255 255 0
v 486.38372802734375 2434.5 50030.6328125 255 255 0
v 763.88372802734375 2469.5 49753.1328125 255 255 0
v 763.88372802734375 2469.5 50020.6328125 255 255 0
v 496.38372802734375 2469.5 49753.1328125 255 255 0
v 496.38372802734375 2469.5 50020.6328125 255 255 0
v 773.88372802734375 2469.5 49743.1328125 255 255 0
v 486.38372802734375 2469.5 49743.1328125 255 255 0
v 773.88372802734375 2469.5 50030.6328125 255 255 0
v 486.38372802734375 2469.5 50030.6328125 255 255 0
vt 0.06089332327246666 0.46520990133285522
vt 0.06089332327246666 8.6953496065689251E-06
vt 0.12029635161161423 8.6953496065689251E-06
vt 0.12029635161161423 0.46520990133285522
vt 0.059411510825157166 0.46520990133285522
vt 8.4861458162777126E-06 0.46520990133285522
vt 8.4861458162777126E-06 8.6953496065689251E-06
vt 0.059411510825157166 8.6953496065689251E-06
vt 0.24206602573394775 0.46520990133285522
vt 0.18266300857067108 0.46520990133285522
vt 0.18266300857067108 8.6953496065689251E-06
vt 0.24206602573394775 8.6953496065689251E-06
vt 0.12177816033363342 8.6953496065689251E-06
vt 0.18118119239807129 8.6953496065689251E-06
vt 0.18118119239807129 0.46520990133285522
vt 0.12177816033363342 0.46520990133285522
vt 0.30443269014358521 0.49999129772186279
vt 0.30443269014358521 8.6953496065689251E-06
vt 0.36383569240570068 8.6953496065689251E-06
vt 0.36383569240570068 0.49999129772186279
vt 0.30295085906982422 0.49999129772186279
vt 0.24354784190654755 0.49999129772186279
vt 0.24354784190654755 8.6953496065689251E-06
vt 0.30295085906982422 8.6953496065689251E-06
vt 0.485605388879776 0.49999129772186279
vt 0.42620235681533813 0.49999129772186279
vt 0.42620235681533813 8.6953496065689251E-06
vt 0.485605388879776 8.6953496065689251E-06
vt 0.36531752347946167 8.6953496065689251E-06
vt 0.42472055554389954 8.6953496065689251E-06
vt 0.42472055554389954 0.49999129772186279
vt 0.36531752347946167 0.49999129772186279
vt 0.50442713499069214 0.51734840869903564
vt 0.50442713499069214 0.98118674755096436
vt 0.96826547384262085 0.98118674755096436
vt 0.96826547384262085 0.51734840869903564
vt 0.98560518026351929 0.99852645397186279
vt 0.48708739876747131 0.99852645397186279
vt 0.48708739876747131 0.50000864267349243
vt 0.98560518026351929 0.50000864267349243
vt 0.50442713499069214 0.01734841987490654
vt 0.50442713499069214 0.48118671774864197
vt 0.96826547384262085 0.01734841987490654
vt 0.96826547384262085 0.48118671774864197
vt 0.48708739876747131 8.6698746599722654E-06
vt 0.98560518026351929 8.6698746599722654E-06
vt 0.48708739876747131 0.49852648377418518
vt 0.98560518026351929 0.49852648377418518
vn -1 0 0
vn -1 0 0
vn -1 0 0
vn -1 0 0
vn 0 0 1
vn 0 0 1
vn 0 0 1
vn 0 0 1
vn 1 0 0
vn 1 0 0
vn 1 0 0
vn 1 0 0
vn 0 0 -1
vn 0 0 -1
vn 0 0 -1
vn 0 0 -1
vn 0 0 -1
vn 0 0 -1
vn 0 0 -1
vn 0 0 -1
vn 1 0 0
vn 1 0 0
vn 1 0 0
vn 1 0 0
vn 0 0 1
vn 0 0 1
vn 0 0 1
vn 0 0 1
vn -1 0 0
vn -1 0 0
vn -1 0 0
vn -1 0 0
vn 0 -1 0
vn 0 -1 0
vn 0 -1 0
vn 0 -1 0
vn 0 -1 0
vn 0 -1 0
vn 0 -1 0
vn 0 -1 0
vn 0 1 0
vn 0 1 0
vn 0 1 0
vn 0 1 0
vn 0 1 0
vn 0 1 0
vn 0 1 0
vn 0 1 0
f 1105/1105/1105 1106/1106/1106 1107/1107/1107 1108/1108/1108
f 1110/1110/1110 1111/1111/1111 1112/1112/1112 1109/1109/1109
f 1114/1114/1114 1115/1115/1115 1116/1116/1116 1113/1113/1113
f 1120/1120/1120 1117/1117/1117 1118/1118/1118 1119/1119/1119
f 1121/1121/1121 1122/1122/1122 1123/1123/1123 1124/1124/1124
f 1126/1126/1126 1127/1127/1127 1128/1128/1128 1125/1125/1125
f 1130/1130/1130 1131/1131/1131 1132/1132/1132 1129/1129/1129
f 1136/1136/1136 1133/1133/1133 1134/1134/1134 1135/1135/1135
f 1140/1140/1140 1137/1137/1137 1143/1143/1143 1144/1144/1144
f 1139/1139/1139 1140/1140/1140 1144/1144/1144 1141/1141/1141
f 1137/1137/1137 1138/1138/1138 1142/1142/1142 1143/1143/1143
f 1138/1138/1138 1139/1139/1139 1141/1141/1141 1142/1142/1142
f 1147/1147/1147 1145/1145/1145 1149/1149/1149 1150/1150/1150
f 1150/1150/1150 1152/1152/1152 1148/1148/1148 1147/1147/1147
f 1151/1151/1151 1149/1149/1149 1145/1145/1145 1146/1146/1146
f 1146/1146/1146 1148/1148/1148 1152/1152/1152 1151/1151/1151
v -382.03903198242188 2632 53075.5390625 255 255 0
v -502.03903198242188 2632 53075.5390625 255 255 0
v -502.03903198242188 2582 53075.5390625 255 255 0
v -382.03903198242188 2582 53075.5390625 255 255 0
v -502.03903198242188 2582 53075.5390625 255 255 0
v -502.03903198242188 2632 53075.5390625 255 255 0
v -502.03903198242188 2632 52975.5390625 255 255 0
v -502.03903198242188 2582 52975.5390625 255 255 0
v -502.03903198242188 2582 52975.5390625 255 255 0
v -502.03903198242188 2632 52975.5390625 255 255 0
v -382.03903198242188 2632 52975.5390625 255 255 0
v -382.03903198242188 2582 52975.5390625 255 255 0
v -382.03903198242188 2632 53075.5390625 255 255 0
v -382.03903198242188 2582 53075.5390625 255 255 0
v -382.03903198242188 2582 52975.5390625 255 255 0
v -382.03903198242188 2632 52975.5390625 255 255 0
v -382.03903198242188 2582 53075.5390625 255 255 0
v -502.03903198242188 2582 53075.5390625 255 255 0
v -502.03903198242188 2582 52975.5390625 255 255 0
v -382.03903198242188 2582 52975.5390625 255 255 0
v -502.03903198242188 2632 53075.5390625 255 255 0
v -382.03903198242188 2632 53075.5390625 255 255 0
v -502.03903198242188 2632 52975.5390625 255 255 0
v -382.03903198242188 2632 52975.5390625 255 255 0
vt 0.50002074241638184 0.62505191564559937
vt 0.99851441383361816 0.62505191564559937
vt 0.99851441383361816 0.83190333843231201
vt 0.50002074241638184 0.83190333843231201
vt 0.95833683013916016 0.4151880145072937
vt 0.75002080202102661 0.4151880145072937
vt 0.75002080202102661 2.075836164294742E-05
vt 0.95833683013916016 2.075836164294742E-05
vt 0.50002074241638184 0.62354570627212524
vt 0.50002074241638184 0.4166942834854126
vt 0.99851441383361816 0.4166942834854126
vt 0.99851441383361816 0.62354570627212524
vt 0.50002080202102661 2.075836164294742E-05
vt 0.70833683013916016 2.075836164294742E-05
vt 0.70833683013916016 0.4151880145072937
vt 0.50002080202102661 0.4151880145072937
vt 0.49851438403129578 0.83190327882766724
vt 2.0770792616531253E-05 0.83190327882766724
vt 2.0770792616531253E-05 0.41671520471572876
vt 0.49851438403129578 0.41671520471572876
vt 2.0770792616531253E-05 2.0759403923875652E-05
vt 0.49851438403129578 2.0759403923875652E-05
vt 2.0770792616531253E-05 0.4152088463306427
vt 0.49851438403129578 0.4152088463306427
vn 0 0 1
vn 0 0 1
vn 0 0 1
vn 0 0 1
vn -1 0 0
vn -1 0 0
vn -1 0 0
vn -1 0 0
vn 0 0 -1
vn 0 0 -1
vn 0 0 -1
vn 0 0 -1
vn 1 0 0
vn 1 0 0
vn 1 0 0
vn 1 0 0
vn 0 -1 0
vn 0 -1 0
vn 0 -1 0
vn 0 -1 0
vn 0 1 0
vn 0 1 0
vn 0 1 0
vn 0 1 0
f 1153/1153/1153 1154/1154/1154 1155/1155/1155 1156/1156/1156
f 1157/1157/1157 1158/1158/1158 1159/1159/1159
f 1159/1159/1159 1160/1160/1160 1157/1157/1157
f 1162/1162/1162 1163/1163/1163 1164/1164/1164 1161/1161/1161
f 1166/1166/1166 1168/1168/1168 1165/1165/1165
f 1168/1168/1168 1166/1166/1166 1167/1167/1167
f 1171/1171/1171 1172/1172/1172 1169/1169/1169 1170/1170/1170
f 1173/1173/1173 1174/1174/1174 1176/1176/1176 1175/1175/1175
v -552.6640625 2582 53126.1640625 255 255 0
v -552.6640625 2582 52924.9140625 255 255 0
v -552.6640625 2569.5 52924.9140625 255 255 0
v -552.6640625 2569.5 53126.1640625 255 255 0
v -552.6640625 2569.5 52924.9140625 255 255 0
v -552.6640625 2582 52924.9140625 255 255 0
v -535.4140625 2582 52924.9140625 255 255 0
v -535.4140625 2569.5 52924.9140625 255 255 0
v -535.4140625 2569.5 52924.9140625 255 255 0
v -535.4140625 2582 52924.9140625 255 255 0
v -535.4140625 2582 53126.1640625 255 255 0
v -535.4140625 2569.5 53126.1640625 255 255 0
v -552.6640625 2582 53126.1640625 255 255 0
v -552.6640625 2569.5 53126.1640625 255 255 0
v -535.4140625 2569.5 53126.1640625 255 255 0
v -535.4140625 2582 53126.1640625 255 255 0
v -552.6640625 2569.5 53126.1640625 255 255 0
v -552.6640625 2569.5 52924.9140625 255 255 0
v -535.4140625 2569.5 52924.9140625 255 255 0
v -535.4140625 2569.5 53126.1640625 255 255 0
v -552.6640625 2582 52924.9140625 255 255 0
v -552.6640625 2582 53126.1640625 255 255 0
v -535.4140625 2582 52924.9140625 255 255 0
v -535.4140625 2582 53126.1640625 255 255 0
vt 0.079008758068084717 0.72752189636230469
vt 0.99851232767105103 0.72752189636230469
vt 0.99851232767105103 0.78472495079040527
vt 0.079008758068084717 0.78472495079040527
vt 0.59671884775161743 0.078963026404380798
vt 0.53951585292816162 0.078963026404380798
vt 0.53951585292816162 2.2881200493429787E-05
vt 0.59671884775161743 2.2881200493429787E-05
vt 0.079008758068084717 0.59120988845825195
vt 0.079008758068084717 0.53400689363479614
vt 0.99851232767105103 0.53400689363479614
vt 0.99851232767105103 0.59120988845825195
vt 0.079008787870407104 2.2881200493429787E-05
vt 0.13621178269386292 2.2881200493429787E-05
vt 0.13621178269386292 0.078963026404380798
vt 0.079008787870407104 0.078963026404380798
vt 0.99851232767105103 0.3459550142288208
vt 0.079008758068084717 0.3459550142288208
vt 0.079008758068084717 0.26701486110687256
vt 0.99851232767105103 0.26701486110687256
vt 2.2456853912444785E-05 0.91952639818191528
vt 2.2456853912444785E-05 2.2844809791422449E-05
vt 0.077498607337474823 0.91952639818191528
vt 0.077498607337474823 2.2844809791422449E-05
vn -1 0 0
vn -1 0 0
vn -1 0 0
vn -1 0 0
vn 0 0 -1
vn 0 0 -1
vn 0 0 -1
vn 0 0 -1
vn 1 0 0
vn 1 0 0
vn 1 0 0
vn 1 0 0
vn 0 0 1
vn 0 0 1
vn 0 0 1
vn 0 0 1
vn 0 -1 0
vn 0 -1 0
vn 0 -1 0
vn 0 -1 0
vn 0 1 0
vn 0 1 0
vn 0 1 0
vn 0 1 0
f 1180/1180/1180 1177/1177/1177 1178/1178/1178
f 1178/1178/1178 1179/1179/1179 1180/1180/1180
f 1182/1182/1182 1183/1183/1183 1184/1184/1184 1181/1181/1181
f 1188/1188/1188 1186/1186/1186 1187/1187/1187
f 1186/1186/1186 1188/1188/1188 1185/1185/1185
f 1192/1192/1192 1189/1189/1189 1190/1190/1190 1191/1191/1191
f 1195/1195/1195 1196/1196/1196 1193/1193/1193 1194/1194/1194
f 1197/1197/1197 1198/1198/1198 1200/1200/1200 1199/1199/1199
v -351.41403198242188 2582 53126.1640625 255 255 0
v -368.66403198242188 2582 53126.1640625 255 255 0
v -368.66403198242188 2569.5 53126.1640625 255 255 0
v -351.41403198242188 2569.5 53126.1640625 255 255 0
v -368.66403198242188 2569.5 53126.1640625 255 255 0
v -368.66403198242188 2582 53126.1640625 255 255 0
v -368.66403198242188 2582 52924.9140625 255 255 0
v -368.66403198242188 2569.5 52924.9140625 255 255 0
v -368.66403198242188 2569.5 52924.9140625 255 255 0
v -368.66403198242188 2582 52924.9140625 255 255 0
v -351.41403198242188 2582 52924.9140625 255 255 0
v -351.41403198242188 2569.5 52924.9140625 255 255 0
v -351.41403198242188 2582 53126.1640625 255 255 0
v -351.41403198242188 2569.5 53126.1640625 255 255 0
v -351.41403198242188 2569.5 52924.9140625 255 255 0
v -351.41403198242188 2582 52924.9140625 255 255 0
v -351.41403198242188 2569.5 53126.1640625 255 255 0
v -368.66403198242188 2569.5 53126.1640625 255 255 0
v -368.66403198242188 2569.5 52924.9140625 255 255 0
v -351.41403198242188 2569.5 52924.9140625 255 255 0
v -368.66403198242188 2582 53126.1640625 255 255 0
v -351.41403198242188 2582 53126.1640625 255 255 0
v -368.66403198242188 2582 52924.9140625 255 255 0
v -351.41403198242188 2582 52924.9140625 255 255 0
vt 0.53951585292816162 0.078963026404380798
vt 0.53951585292816162 2.2881200493429787E-05
vt 0.59671884775161743 2.2881200493429787E-05
vt 0.59671884775161743 0.078963026404380798
vt 0.079008758068084717 0.78472495079040527
vt 0.079008758068084717 0.72752189636230469
vt 0.99851232767105103 0.72752189636230469
vt 0.99851232767105103 0.78472495079040527
vt 0.13621178269386292 0.078963026404380798
vt 0.079008787870407104 0.078963026404380798
vt 0.079008787870407104 2.2881200493429787E-05
vt 0.13621178269386292 2.2881200493429787E-05
vt 0.99851232767105103 0.53400689363479614
vt 0.99851232767105103 0.59120988845825195
vt 0.079008758068084717 0.59120988845825195
vt 0.079008758068084717 0.53400689363479614
vt 0.99851232767105103 0.26701486110687256
vt 0.99851232767105103 0.3459550142288208
vt 0.07900875061750412 0.3459550142288208
vt 0.07900875061750412 0.26701486110687256
vt 2.2456189981312491E-05 2.2844809791422449E-05
vt 0.077498607337474823 2.2844809791422449E-05
vt 2.2456189981312491E-05 0.91952639818191528
vt 0.077498607337474823 0.91952639818191528
vn 0 0 1
vn 0 0 1
vn 0 0 1
vn 0 0 1
vn -1 0 0
vn -1 0 0
vn -1 0 0
vn -1 0 0
vn 0 0 -1
vn 0 0 -1
vn 0 0 -1
vn 0 0 -1
vn 1 0 0
vn 1 0 0
vn 1 0 0
vn 1 0 0
vn 0 -1 0
vn 0 -1 0
vn 0 -1 0
vn 0 -1 0
vn 0 1 0
vn 0 1 0
vn 0 1 0
vn 0 1 0
f 1201/1201/1201 1202/1202/1202 1203/1203/1203 1204/1204/1204
f 1205/1205/1205 1206/1206/1206 1207/1207/1207
f 1207/1207/1207 1208/1208/1208 1205/1205/1205
f 1210/1210/1210 1211/1211/1211 1212/1212/1212 1209/1209/1209
f 1214/1214/1214 1216/1216/1216 1213/1213/1213
f 1216/1216/1216 1214/1214/1214 1215/1215/1215
f 1219/1219/1219 1220/1220/1220 1217/1217/1217 1218/1218/1218
f 1221/1221/1221 1222/1222/1222 1224/1224/1224 1223/1223/1223
v -502.03903198242188 2582 53075.5390625 255 255 0
v -502.03903198242188 2582 52975.5390625 255 255 0
v -502.03903198242188 2569.5 52975.5390625 255 255 0
v -502.03903198242188 2569.5 53075.5390625 255 255 0
v -502.03903198242188 2569.5 52975.5390625 255 255 0
v -502.03903198242188 2582 52975.5390625 255 255 0
v -401.62750244140625 2582 52975.5390625 255 255 0
v -401.62750244140625 2569.5 52975.5390625 255 255 0
v -401.62750244140625 2569.5 52975.5390625 255 255 0
v -401.62750244140625 2582 52975.5390625 255 255 0
v -401.62750244140625 2582 53075.5390625 255 255 0
v -401.62750244140625 2569.5 53075.5390625 255 255 0
v -502.03903198242188 2582 53075.5390625 255 255 0
v -502.03903198242188 2569.5 53075.5390625 255 255 0
v -401.62750244140625 2569.5 53075.5390625 255 255 0
v -401.62750244140625 2582 53075.5390625 255 255 0
v -502.03903198242188 2569.5 53075.5390625 255 255 0
v -502.03903198242188 2569.5 52975.5390625 255 255 0
v -401.62750244140625 2569.5 52975.5390625 255 255 0
v -401.62750244140625 2569.5 53075.5390625 255 255 0
v -502.03903198242188 2582 52975.5390625 255 255 0
v -502.03903198242188 2582 53075.5390625 255 255 0
v -401.62750244140625 2582 52975.5390625 255 255 0
v -401.62750244140625 2582 53075.5390625 255 255 0
vt 0.062568157911300659 0.49997499585151672
vt 0.062568157911300659 2.4997500077006407E-05
vt 0.12359823286533356 2.4997500077006407E-05
vt 0.12359823286533356 0.49997499585151672
vt 0.18614198267459869 0.50203251838684082
vt 0.1251119077205658 0.50203251838684082
vt 0.1251119077205658 2.4997500077006407E-05
vt 0.18614198267459869 2.4997500077006407E-05
vt 0.061054486781358719 0.49997499585151672
vt 2.441203105263412E-05 0.49997499585151672
vt 2.441203105263412E-05 2.4997500077006407E-05
vt 0.061054486781358719 2.4997500077006407E-05
vt 0.18765564262866974 2.4997500077006407E-05
vt 0.24868571758270264 2.4997500077006407E-05
vt 0.24868571758270264 0.50203251838684082
vt 0.18765564262866974 0.50203251838684082
vt 0.75074267387390137 2.4924265744630247E-05
vt 0.75074267387390137 0.4985102117061615
vt 0.25019991397857666 0.4985102117061615
vt 0.25019991397857666 2.4924265744630247E-05
vt 0.25019991397857666 0.99851024150848389
vt 0.25019991397857666 0.50002491474151611
vt 0.75074267387390137 0.99851024150848389
vt 0.75074267387390137 0.50002491474151611
vn -1 0 0
vn -1 0 0
vn -1 0 0
vn -1 0 0
vn 0 0 -1
vn 0 0 -1
vn 0 0 -1
vn 0 0 -1
vn 1 0 0
vn 1 0 0
vn 1 0 0
vn 1 0 0
vn 0 0 1
vn 0 0 1
vn 0 0 1
vn 0 0 1
vn 0 -1 0
vn 0 -1 0
vn 0 -1 0
vn 0 -1 0
vn 0 1 0
vn 0 1 0
vn 0 1 0
vn 0 1 0
f 1227/1227/1227 1225/1225/1225 1226/1226/1226
f 1225/1225/1225 1227/1227/1227 1228/1228/1228
f 1230/1230/1230 1231/1231/1231 1232/1232/1232 1229/1229/1229
f 1233/1233/1233 1234/1234/1234 1235/1235/1235
f 1235/1235/1235 1236/1236/1236 1233/1233/1233
f 1240/1240/1240 1237/1237/1237 1238/1238/1238 1239/1239/1239
f 1242/1242/1242 1243/1243/1243 1244/1244/1244
f 1244/1244/1244 1241/1241/1241 1242/1242/1242
f 1247/1247/1247 1245/1245/1245 1246/1246/1246
f 1246/1246/1246 1248/1248/1248 1247/1247/1247
v -308.28903198242188 2569.5 53169.2890625 255 255 0
v -595.7890625 2569.5 53169.2890625 255 255 0
v -595.7890625 2469.5 53169.2890625 255 255 0
v -308.28903198242188 2469.5 53169.2890625 255 255 0
v -595.7890625 2469.5 53169.2890625 255 255 0
v -595.7890625 2569.5 53169.2890625 255 255 0
v -595.7890625 2569.5 52881.7890625 255 255 0
v -595.7890625 2469.5 52881.7890625 255 255 0
v -595.7890625 2469.5 52881.7890625 255 255 0
v -595.7890625 2569.5 52881.7890625 255 255 0
v -308.28903198242188 2569.5 52881.7890625 255 255 0
v -308.28903198242188 2469.5 52881.7890625 255 255 0
v -308.28903198242188 2569.5 53169.2890625 255 255 0
v -308.28903198242188 2469.5 53169.2890625 255 255 0
v -308.28903198242188 2469.5 52881.7890625 255 255 0
v -308.28903198242188 2569.5 52881.7890625 255 255 0
v -308.28903198242188 2469.5 53169.2890625 255 255 0
v -595.7890625 2469.5 53169.2890625 255 255 0
v -595.7890625 2469.5 52881.7890625 255 255 0
v -308.28903198242188 2469.5 52881.7890625 255 255 0
v -595.7890625 2569.5 53169.2890625 255 255 0
v -308.28903198242188 2569.5 53169.2890625 255 255 0
v -595.7890625 2569.5 52881.7890625 255 255 0
v -308.28903198242188 2569.5 52881.7890625 255 255 0
vt 8.6767831817269325E-06 0.25000870227813721
vt 0.49852648377418518 0.25000870227813721
vt 0.49852648377418518 0.42391568422317505
vt 8.6767831817269325E-06 0.42391568422317505
vt 8.6767831817269325E-06 0.92391568422317505
vt 8.6767831817269325E-06 0.75000870227813721
vt 0.49852648377418518 0.75000870227813721
vt 0.49852648377418518 0.92391568422317505
vt 8.6767831817269325E-06 0.17391568422317505
vt 8.6767831817269325E-06 8.6953496065689251E-06
vt 0.49852648377418518 8.6953496065689251E-06
vt 0.49852648377418518 0.17391568422317505
vt 0.49852648377418518 0.50000870227813721
vt 0.49852648377418518 0.67391568422317505
vt 8.6767831817269325E-06 0.67391568422317505
vt 8.6767831817269325E-06 0.50000870227813721
vt 0.99852651357650757 0.99852645397186279
vt 0.50000870227813721 0.99852645397186279
vt 0.50000870227813721 0.50000864267349243
vt 0.99852651357650757 0.50000864267349243
vt 0.50000870227813721 8.6698746599722654E-06
vt 0.99852651357650757 8.6698746599722654E-06
vt 0.50000870227813721 0.49852648377418518
vt 0.99852651357650757 0.49852648377418518
vn 0 0 1
vn 0 0 1
vn 0 0 1
vn 0 0 1
vn -1 0 0
vn -1 0 0
vn -1 0 0
vn -1 0 0
vn 0 0 -1
vn 0 0 -1
vn 0 0 -1
vn 0 0 -1
vn 1 0 0
vn 1 0 0
vn 1 0 0
vn 1 0 0
vn 0 -1 0
vn 0 -1 0
vn 0 -1 0
vn 0 -1 0
vn 0 1 0
vn 0 1 0
vn 0 1 0
vn 0 1 0
f 1249/1249/1249 1250/1250/1250 1251/1251/1251 1252/1252/1252
f 1253/1253/1253 1254/1254/1254 1255/1255/1255
f 1255/1255/1255 1256/1256/1256 1253/1253/1253
f 1258/1258/1258 1259/1259/1259 1260/1260/1260 1257/1257/1257
f 1262/1262/1262 1264/1264/1264 1261/1261/1261
f 1264/1264/1264 1262/1262/1262 1263/1263/1263
f 1267/1267/1267 1268/1268/1268 1265/1265/1265 1266/1266/1266
f 1269/1269/1269 1270/1270/1270 1272/1272/1272 1271/1271/1271
v -318.28903198242188 2469.5 53159.2890625 255 255 0
v -585.7890625 2469.5 53159.2890625 255 255 0
v -585.7890625 2434.5 53159.2890625 255 255 0
v -318.28903198242188 2434.5 53159.2890625 255 255 0
v -585.7890625 2434.5 53159.2890625 255 255 0
v -585.7890625 2469.5 53159.2890625 255 255 0
v -585.7890625 2469.5 52891.7890625 255 255 0
v -585.7890625 2434.5 52891.7890625 255 255 0
v -585.7890625 2434.5 52891.7890625 255 255 0
v -585.7890625 2469.5 52891.7890625 255 255 0
v -318.28903198242188 2469.5 52891.7890625 255 255 0
v -318.28903198242188 2434.5 52891.7890625 255 255 0
v -318.28903198242188 2469.5 53159.2890625 255 255 0
v -318.28903198242188 2434.5 53159.2890625 255 255 0
v -318.28903198242188 2434.5 52891.7890625 255 255 0
v -318.28903198242188 2469.5 52891.7890625 255 255 0
v -318.28903198242188 2434.5 53159.2890625 255 255 0
v -585.7890625 2434.5 53159.2890625 255 255 0
v -585.7890625 2434.5 52891.7890625 255 255 0
v -318.28903198242188 2434.5 52891.7890625 255 255 0
v -585.7890625 2469.5 53159.2890625 255 255 0
v -318.28903198242188 2469.5 53159.2890625 255 255 0
v -585.7890625 2469.5 52891.7890625 255 255 0
v -318.28903198242188 2469.5 52891.7890625 255 255 0
vt 0.065445944666862488 0.49999064207077026
vt 0.065445944666862488 9.3454445959650911E-06
vt 0.1293996274471283 9.3454445959650911E-06
vt 0.1293996274471283 0.49999064207077026
vt 0.063962824642658234 0.49999064207077026
vt 9.1362417151685804E-06 0.49999064207077026
vt 9.1362417151685804E-06 9.3454445959650911E-06
vt 0.063962824642658234 9.3454445959650911E-06
vt 0.26027324795722961 0.49999064207077026
vt 0.19631955027580261 0.49999064207077026
vt 0.19631955027580261 9.3454445959650911E-06
vt 0.26027324795722961 9.3454445959650911E-06
vt 0.13088275492191315 9.3454445959650911E-06
vt 0.19483643770217896 9.3454445959650911E-06
vt 0.19483643770217896 0.49999064207077026
vt 0.13088275492191315 0.49999064207077026
vt 0.7602730393409729 0.99852579832077026
vt 0.26175656914710999 0.99852579832077026
vt 0.26175656914710999 0.50000929832458496
vt 0.7602730393409729 0.50000929832458496
vt 0.26175656914710999 9.3180651674629189E-06
vt 0.7602730393409729 9.3180651674629189E-06
vt 0.26175656914710999 0.49852582812309265
vt 0.7602730393409729 0.49852582812309265
vn 0 0 1
vn 0 0 1
vn 0 0 1
vn 0 0 1
vn -1 0 0
vn -1 0 0
vn -1 0 0
vn -1 0 0
vn 0 0 -1
vn 0 0 -1
vn 0 0 -1
vn 0 0 -1
vn 1 0 0
vn 1 0 0
vn 1 0 0
vn 1 0 0
vn 0 -1 0
vn 0 -1 0
vn 0 -1 0
vn 0 -1 0
vn 0 1 0
vn 0 1 0
vn 0 1 0
vn 0 1 0
f 1273/1273/1273 1274/1274/1274 1275/1275/1275 1276/1276/1276
f 1278/1278/1278 1279/1279/1279 1280/1280/1280 1277/1277/1277
f 1282/1282/1282 1283/1283/1283 1284/1284/1284 1281/1281/1281
f 1288/1288/1288 1285/1285/1285 1286/1286/1286 1287/1287/1287
f 1291/1291/1291 1292/1292/1292 1289/1289/1289 1290/1290/1290
f 1293/1293/1293 1294/1294/1294 1296/1296/1296 1295/1295/1295
v -585.7890625 2469.5 52891.7890625 255 255 0
v -585.7890625 2469.5 53159.2890625 255 255 0
v -585.7890625 2434.5 53159.2890625 255 255 0
v -585.7890625 2434.5 52891.7890625 255 255 0
v -585.7890625 2434.5 53159.2890625 255 255 0
v -585.7890625 2469.5 53159.2890625 255 255 0
v -318.28903198242188 2469.5 53159.2890625 255 255 0
v -318.28903198242188 2434.5 53159.2890625 255 255 0
v -318.28903198242188 2434.5 53159.2890625 255 255 0
v -318.28903198242188 2469.5 53159.2890625 255 255 0
v -318.28903198242188 2469.5 52891.7890625 255 255 0
v -318.28903198242188 2434.5 52891.7890625 255 255 0
v -585.7890625 2469.5 52891.7890625 255 255 0
v -585.7890625 2434.5 52891.7890625 255 255 0
v -318.28903198242188 2434.5 52891.7890625 255 255 0
v -318.28903198242188 2469.5 52891.7890625 255 255 0
v -308.28903198242188 2469.5 53169.2890625 255 255 0
v -595.7890625 2469.5 53169.2890625 255 255 0
v -595.7890625 2434.5 53169.2890625 255 255 0
v -308.28903198242188 2434.5 53169.2890625 255 255 0
v -595.7890625 2434.5 53169.2890625 255 255 0
v -595.7890625 2469.5 53169.2890625 255 255 0
v -595.7890625 2469.5 52881.7890625 255 255 0
v -595.7890625 2434.5 52881.7890625 255 255 0
v -595.7890625 2434.5 52881.7890625 255 255 0
v -595.7890625 2469.5 52881.7890625 255 255 0
v -308.28903198242188 2469.5 52881.7890625 255 255 0
v -308.28903198242188 2434.5 52881.7890625 255 255 0
v -308.28903198242188 2469.5 53169.2890625 255 255 0
v -308.28903198242188 2434.5 53169.2890625 255 255 0
v -308.28903198242188 2434.5 52881.7890625 255 255 0
v -308.28903198242188 2469.5 52881.7890625 255 255 0
v -585.7890625 2434.5 52891.7890625 255 255 0
v -585.7890625 2434.5 53159.2890625 255 255 0
v -318.28903198242188 2434.5 53159.2890625 255 255 0
v -318.28903198242188 2434.5 52891.7890625 255 255 0
v -308.28903198242188 2434.5 53169.2890625 255 255 0
v -595.7890625 2434.5 53169.2890625 255 255 0
v -595.7890625 2434.5 52881.7890625 255 255 0
v -308.28903198242188 2434.5 52881.7890625 255 255 0
v -585.7890625 2469.5 53159.2890625 255 255 0
v -585.7890625 2469.5 52891.7890625 255 255 0
v -318.28903198242188 2469.5 53159.2890625 255 255 0
v -318.28903198242188 2469.5 52891.7890625 255 255 0
v -595.7890625 2469.5 53169.2890625 255 255 0
v -308.28903198242188 2469.5 53169.2890625 255 255 0
v -595.7890625 2469.5 52881.7890625 255 255 0
v -308.28903198242188 2469.5 52881.7890625 255 255 0
vt 0.06089332327246666 0.46520990133285522
vt 0.06089332327246666 8.6953496065689251E-06
vt 0.12029635161161423 8.6953496065689251E-06
vt 0.12029635161161423 0.46520990133285522
vt 0.059411510825157166 0.46520990133285522
vt 8.4861458162777126E-06 0.46520990133285522
vt 8.4861458162777126E-06 8.6953496065689251E-06
vt 0.059411510825157166 8.6953496065689251E-06
vt 0.24206602573394775 0.46520990133285522
vt 0.18266300857067108 0.46520990133285522
vt 0.18266300857067108 8.6953496065689251E-06
vt 0.24206602573394775 8.6953496065689251E-06
vt 0.12177816033363342 8.6953496065689251E-06
vt 0.18118119239807129 8.6953496065689251E-06
vt 0.18118119239807129 0.46520990133285522
vt 0.12177816033363342 0.46520990133285522
vt 0.30443269014358521 0.49999129772186279
vt 0.30443269014358521 8.6953496065689251E-06
vt 0.36383569240570068 8.6953496065689251E-06
vt 0.36383569240570068 0.49999129772186279
vt 0.30295085906982422 0.49999129772186279
vt 0.24354784190654755 0.49999129772186279
vt 0.24354784190654755 8.6953496065689251E-06
vt 0.30295085906982422 8.6953496065689251E-06
vt 0.485605388879776 0.49999129772186279
vt 0.42620235681533813 0.49999129772186279
vt 0.42620235681533813 8.6953496065689251E-06
vt 0.485605388879776 8.6953496065689251E-06
vt 0.36531752347946167 8.6953496065689251E-06
vt 0.42472055554389954 8.6953496065689251E-06
vt 0.42472055554389954 0.49999129772186279
vt 0.36531752347946167 0.49999129772186279
vt 0.50442713499069214 0.51734840869903564
vt 0.50442713499069214 0.98118674755096436
vt 0.96826547384262085 0.98118674755096436
vt 0.96826547384262085 0.51734840869903564
vt 0.98560518026351929 0.99852645397186279
vt 0.48708739876747131 0.99852645397186279
vt 0.48708739876747131 0.50000864267349243
vt 0.98560518026351929 0.50000864267349243
vt 0.50442713499069214 0.01734841987490654
vt 0.50442713499069214 0.48118671774864197
vt 0.96826547384262085 0.01734841987490654
vt 0.96826547384262085 0.48118671774864197
vt 0.48708739876747131 8.6698746599722654E-06
vt 0.98560518026351929 8.6698746599722654E-06
vt 0.48708739876747131 0.49852648377418518
vt 0.98560518026351929 0.49852648377418518
vn 1 0 0
vn 1 0 0
vn 1 0 0
vn 1 0 0
vn 0 0 -1
vn 0 0 -1
vn 0 0 -1
vn 0 0 -1
vn -1 0 0
vn -1 0 0
vn -1 0 0
vn -1 0 0
vn 0 0 1
vn 0 0 1
vn 0 0 1
vn 0 0 1
vn 0 0 1
vn 0 0 1
vn 0 0 1
vn 0 0 1
vn -1 0 0
vn -1 0 0
vn -1 0 0
vn -1 0 0
vn 0 0 -1
vn 0 0 -1
vn 0 0 -1
vn 0 0 -1
vn 1 0 0
vn 1 0 0
vn 1 0 0
vn 1 0 0
vn 0 -1 0
vn 0 -1 0
vn 0 -1 0
vn 0 -1 0
vn 0 -1 0
vn 0 -1 0
vn 0 -1 0
vn 0 -1 0
vn 0 1 0
vn 0 1 0
vn 0 1 0
vn 0 1 0
vn 0 1 0
vn 0 1 0
vn 0 1 0
vn 0 1 0
f 1297/1297/1297 1298/1298/1298 1299/1299/1299 1300/1300/1300
f 1302/1302/1302 1303/1303/1303 1304/1304/1304 1301/1301/1301
f 1306/1306/1306 1307/1307/1307 1308/1308/1308 1305/1305/1305
f 1312/1312/1312 1309/1309/1309 1310/1310/1310 1311/1311/1311
f 1313/1313/1313 1314/1314/1314 1315/1315/1315 1316/1316/1316
f 1318/1318/1318 1319/1319/1319 1320/1320/1320 1317/1317/1317
f 1322/1322/1322 1323/1323/1323 1324/1324/1324 1321/1321/1321
f 1328/1328/1328 1325/1325/1325 1326/1326/1326 1327/1327/1327
f 1332/1332/1332 1329/1329/1329 1335/1335/1335 1336/1336/1336
f 1331/1331/1331 1332/1332/1332 1336/1336/1336 1333/1333/1333
f 1329/1329/1329 1330/1330/1330 1334/1334/1334 1335/1335/1335
f 1330/1330/1330 1331/1331/1331 1333/1333/1333 1334/1334/1334
f 1339/1339/1339 1337/1337/1337 1341/1341/1341 1342/1342/1342
f 1342/1342/1342 1344/1344/1344 1340/1340/1340 1339/1339/1339
f 1343/1343/1343 1341/1341/1341 1337/1337/1337 1338/1338/1338
f 1338/1338/1338 1340/1340/1340 1344/1344/1344 1343/1343/1343
v -372.03903198242188 2632 54755.5390625 255 255 0
v -492.03903198242188 2632 54755.5390625 255 255 0
v -492.03903198242188 2582 54755.5390625 255 255 0
v -372.03903198242188 2582 54755.5390625 255 255 0
v -492.03903198242188 2582 54755.5390625 255 255 0
v -492.03903198242188 2632 54755.5390625 255 255 0
v -492.03903198242188 2632 54655.5390625 255 255 0
v -492.03903198242188 2582 54655.5390625 255 255 0
v -492.03903198242188 2582 54655.5390625 255 255 0
v -492.03903198242188 2632 54655.5390625 255 255 0
v -372.03903198242188 2632 54655.5390625 255 255 0
v -372.03903198242188 2582 54655.5390625 255 255 0
v -372.03903198242188 2632 54755.5390625 255 255 0
v -372.03903198242188 2582 54755.5390625 255 255 0
v -372.03903198242188 2582 54655.5390625 255 255 0
v -372.03903198242188 2632 54655.5390625 255 255 0
v -372.03903198242188 2582 54755.5390625 255 255 0
v -492.03903198242188 2582 54755.5390625 255 255 0
v -492.03903198242188 2582 54655.5390625 255 255 0
v -372.03903198242188 2582 54655.5390625 255 255 0
v -492.03903198242188 2632 54755.5390625 255 255 0
v -372.03903198242188 2632 54755.5390625 255 255 0
v -492.03903198242188 2632 54655.5390625 255 255 0
v -372.03903198242188 2632 54655.5390625 255 255 0
vt 0.50002074241638184 0.62505191564559937
vt 0.99851441383361816 0.62505191564559937
vt 0.99851441383361816 0.83190333843231201
vt 0.50002074241638184 0.83190333843231201
vt 0.95833683013916016 0.4151880145072937
vt 0.75002080202102661 0.4151880145072937
vt 0.75002080202102661 2.075836164294742E-05
vt 0.95833683013916016 2.075836164294742E-05
vt 0.50002074241638184 0.62354570627212524
vt 0.50002074241638184 0.4166942834854126
vt 0.99851441383361816 0.4166942834854126
vt 0.99851441383361816 0.62354570627212524
vt 0.50002080202102661 2.075836164294742E-05
vt 0.70833683013916016 2.075836164294742E-05
vt 0.70833683013916016 0.4151880145072937
vt 0.50002080202102661 0.4151880145072937
vt 0.49851438403129578 0.83190327882766724
vt 2.0770792616531253E-05 0.83190327882766724
vt 2.0770792616531253E-05 0.41671520471572876
vt 0.49851438403129578 0.41671520471572876
vt 2.0770792616531253E-05 2.0759403923875652E-05
vt 0.49851438403129578 2.0759403923875652E-05
vt 2.0770792616531253E-05 0.4152088463306427
vt 0.49851438403129578 0.4152088463306427
vn 0 0 1
vn 0 0 1
vn 0 0 1
vn 0 0 1
vn -1 0 0
vn -1 0 0
vn -1 0 0
vn -1 0 0
vn 0 0 -1
vn 0 0 -1
vn 0 0 -1
vn 0 0 -1
vn 1 0 0
vn 1 0 0
vn 1 0 0
vn 1 0 0
vn 0 -1 0
vn 0 -1 0
vn 0 -1 0
vn 0 -1 0
vn 0 1 0
vn 0 1 0
vn 0 1 0
vn 0 1 0
f 1345/1345/1345 1346/1346/1346 1347/1347/1347 1348/1348/1348
f 1349/1349/1349 1350/1350/1350 1351/1351/1351
f 1351/1351/1351 1352/1352/1352 1349/1349/1349
f 1354/1354/1354 1355/1355/1355 1356/1356/1356 1353/1353/1353
f 1358/1358/1358 1360/1360/1360 1357/1357/1357
f 1360/1360/1360 1358/1358/1358 1359/1359/1359
f 1363/1363/1363 1364/1364/1364 1361/1361/1361 1362/1362/1362
f 1365/1365/1365 1366/1366/1366 1368/1368/1368 1367/1367/1367
v -542.6640625 2582 54806.1640625 255 255 0
v -542.6640625 2582 54604.9140625 255 255 0
v -542.6640625 2569.5 54604.9140625 255 255 0
v -542.6640625 2569.5 54806.1640625 255 255 0
v -542.6640625 2569.5 54604.9140625 255 255 0
v -542.6640625 2582 54604.9140625 255 255 0
v -525.4140625 2582 54604.9140625 255 255 0
v -525.4140625 2569.5 54604.9140625 255 255 0
v -525.4140625 2569.5 54604.9140625 255 255 0
v -525.4140625 2582 54604.9140625 255 255 0
v -525.4140625 2582 54806.1640625 255 255 0
v -525.4140625 2569.5 54806.1640625 255 255 0
v -542.6640625 2582 54806.1640625 255 255 0
v -542.6640625 2569.5 54806.1640625 255 255 0
v -525.4140625 2569.5 54806.1640625 255 255 0
v -525.4140625 2582 54806.1640625 255 255 0
v -542.6640625 2569.5 54806.1640625 255 255 0
v -542.6640625 2569.5 54604.9140625 255 255 0
v -525.4140625 2569.5 54604.9140625 255 255 0
v -525.4140625 2569.5 54806.1640625 255 255 0
v -542.6640625 2582 54604.9140625 255 255 0
v -542.6640625 2582 54806.1640625 255 255 0
v -525.4140625 2582 54604.9140625 255 255 0
v -525.4140625 2582 54806.1640625 255 255 0
vt 0.079008758068084717 0.72752189636230469
vt 0.99851232767105103 0.72752189636230469
vt 0.99851232767105103 0.78472495079040527
vt 0.079008758068084717 0.78472495079040527
vt 0.59671884775161743 0.078963026404380798
vt 0.53951585292816162 0.078963026404380798
vt 0.53951585292816162 2.2881200493429787E-05
vt 0.59671884775161743 2.2881200493429787E-05
vt 0.079008758068084717 0.59120988845825195
vt 0.079008758068084717 0.53400689363479614
vt 0.99851232767105103 0.53400689363479614
vt 0.99851232767105103 0.59120988845825195
vt 0.079008787870407104 2.2881200493429787E-05
vt 0.13621178269386292 2.2881200493429787E-05
vt 0.13621178269386292 0.078963026404380798
vt 0.079008787870407104 0.078963026404380798
vt 0.99851232767105103 0.3459550142288208
vt 0.079008758068084717 0.3459550142288208
vt 0.079008758068084717 0.26701486110687256
vt 0.99851232767105103 0.26701486110687256
vt 2.2456853912444785E-05 0.91952639818191528
vt 2.2456853912444785E-05 2.2844809791422449E-05
vt 0.077498607337474823 0.91952639818191528
vt 0.077498607337474823 2.2844809791422449E-05
vn -1 0 0
vn -1 0 0
vn -1 0 0
vn -1 0 0
vn 0 0 -1
vn 0 0 -1
vn 0 0 -1
vn 0 0 -1
vn 1 0 0
vn 1 0 0
vn 1 0 0
vn 1 0 0
vn 0 0 1
vn 0 0 1
vn 0 0 1
vn 0 0 1
vn 0 -1 0
vn 0 -1 0
vn 0 -1 0
vn 0 -1 0
vn 0 1 0
vn 0 1 0
vn 0 1 0
vn 0 1 0
f 1372/1372/1372 1369/1369/1369 1370/1370/1370
f 1370/1370/1370 1371/1371/1371 1372/1372/1372
f 1374/1374/1374 1375/1375/1375 1376/1376/1376 1373/1373/1373
f 1380/1380/1380 1378/1378/1378 1379/1379/1379
f 1378/1378/1378 1380/1380/1380 1377/1377/1377
f 1384/1384/1384 1381/1381/1381 1382/1382/1382 1383/1383/1383
f 1387/1387/1387 1388/1388/1388 1385/1385/1385 1386/1386/1386
f 1389/1389/1389 1390/1390/1390 1392/1392/1392 1391/1391/1391
v -341.41403198242188 2582 54806.1640625 255 255 0
v -358.66403198242188 2582 54806.1640625 255 255 0
v -358.66403198242188 2569.5 54806.1640625 255 255 0
v -341.41403198242188 2569.5 54806.1640625 255 255 0
v -358.66403198242188 2569.5 54806.1640625 255 255 0
v -358.66403198242188 2582 54806.1640625 255 255 0
v -358.66403198242188 2582 54604.9140625 255 255 0
v -358.66403198242188 2569.5 54604.9140625 255 255 0
v -358.66403198242188 2569.5 54604.9140625 255 255 0
v -358.66403198242188 2582 54604.9140625 255 255 0
v -341.41403198242188 2582 54604.9140625 255 255 0
v -341.41403198242188 2569.5 54604.9140625 255 255 0
v -341.41403198242188 2582 54806.1640625 255 255 0
v -341.41403198242188 2569.5 54806.1640625 255 255 0
v -341.41403198242188 2569.5 54604.9140625 255 255 0
v -341.41403198242188 2582 54604.9140625 255 255 0
v -341.41403198242188 2569.5 54806.1640625 255 255 0
v -358.66403198242188 2569.5 54806.1640625 255 255 0
v -358.66403198242188 2569.5 54604.9140625 255 255 0
v -341.41403198242188 2569.5 54604.9140625 255 255 0
v -358.66403198242188 2582 54806.1640625 255 255 0
v -341.41403198242188 2582 54806.1640625 255 255 0
v -358.66403198242188 2582 54604.9140625 255 255 0
v -341.41403198242188 2582 54604.9140625 255 255 0
vt 0.53951585292816162 0.078963026404380798
vt 0.53951585292816162 2.2881200493429787E-05
vt 0.59671884775161743 2.2881200493429787E-05
vt 0.59671884775161743 0.078963026404380798
vt 0.079008758068084717 0.78472495079040527
vt 0.079008758068084717 0.72752189636230469
vt 0.99851232767105103 0.72752189636230469
vt 0.99851232767105103 0.78472495079040527
vt 0.13621178269386292 0.078963026404380798
vt 0.079008787870407104 0.078963026404380798
vt 0.079008787870407104 2.2881200493429787E-05
vt 0.13621178269386292 2.2881200493429787E-05
vt 0.99851232767105103 0.53400689363479614
vt 0.99851232767105103 0.59120988845825195
vt 0.079008758068084717 0.59120988845825195
vt 0.079008758068084717 0.53400689363479614
vt 0.99851232767105103 0.26701486110687256
vt 0.99851232767105103 0.3459550142288208
vt 0.07900875061750412 0.3459550142288208
vt 0.07900875061750412 0.26701486110687256
vt 2.2456189981312491E-05 2.2844809791422449E-05
vt 0.077498607337474823 2.2844809791422449E-05
vt 2.2456189981312491E-05 0.91952639818191528
vt 0.077498607337474823 0.91952639818191528
vn 0 0 1
vn 0 0 1
vn 0 0 1
vn 0 0 1
vn -1 0 0
vn -1 0 0
vn -1 0 0
vn -1 0 0
vn 0 0 -1
vn 0 0 -1
vn 0 0 -1
vn 0 0 -1
vn 1 0 0
vn 1 0 0
vn 1 0 0
vn 1 0 0
vn 0 -1 0
vn 0 -1 0
vn 0 -1 0
vn 0 -1 0
vn 0 1 0
vn 0 1 0
vn 0 1 0
vn 0 1 0
f 1393/1393/1393 1394/1394/1394 1395/1395/1395 1396/1396/1396
f 1397/1397/1397 1398/1398/1398 1399/1399/1399
f 1399/1399/1399 1400/1400/1400 1397/1397/1397
f 1402/1402/1402 1403/1403/1403 1404/1404/1404 1401/1401/1401
f 1406/1406/1406 1408/1408/1408 1405/1405/1405
f 1408/1408/1408 1406/1406/1406 1407/1407/1407
f 1411/1411/1411 1412/1412/1412 1409/1409/1409 1410/1410/1410
f 1413/1413/1413 1414/1414/1414 1416/1416/1416 1415/1415/1415
v -492.03903198242188 2582 54755.5390625 255 255 0
v -492.03903198242188 2582 54655.5390625 255 255 0
v -492.03903198242188 2569.5 54655.5390625 255 255 0
v -492.03903198242188 2569.5 54755.5390625 255 255 0
v -492.03903198242188 2569.5 54655.5390625 255 255 0
v -492.03903198242188 2582 54655.5390625 255 255 0
v -391.62750244140625 2582 54655.5390625 255 255 0
v -391.62750244140625 2569.5 54655.5390625 255 255 0
v -391.62750244140625 2569.5 54655.5390625 255 255 0
v -391.62750244140625 2582 54655.5390625 255 255 0
v -391.62750244140625 2582 54755.5390625 255 255 0
v -391.62750244140625 2569.5 54755.5390625 255 255 0
v -492.03903198242188 2582 54755.5390625 255 255 0
v -492.03903198242188 2569.5 54755.5390625 255 255 0
v -391.62750244140625 2569.5 54755.5390625 255 255 0
v -391.62750244140625 2582 54755.5390625 255 255 0
v -492.03903198242188 2569.5 54755.5390625 255 255 0
v -492.03903198242188 2569.5 54655.5390625 255 255 0
v -391.62750244140625 2569.5 54655.5390625 255 255 0
v -391.62750244140625 2569.5 54755.5390625 255 255 0
v -492.03903198242188 2582 54655.5390625 255 255 0
v -492.03903198242188 2582 54755.5390625 255 255 0
v -391.62750244140625 2582 54655.5390625 255 255 0
v -391.62750244140625 2582 54755.5390625 255 255 0
vt 0.062568157911300659 0.49997499585151672
vt 0.062568157911300659 2.4997500077006407E-05
vt 0.12359823286533356 2.4997500077006407E-05
vt 0.12359823286533356 0.49997499585151672
vt 0.18614198267459869 0.50203251838684082
vt 0.1251119077205658 0.50203251838684082
vt 0.1251119077205658 2.4997500077006407E-05
vt 0.18614198267459869 2.4997500077006407E-05
vt 0.061054486781358719 0.49997499585151672
vt 2.441203105263412E-05 0.49997499585151672
vt 2.441203105263412E-05 2.4997500077006407E-05
vt 0.061054486781358719 2.4997500077006407E-05
vt 0.18765564262866974 2.4997500077006407E-05
vt 0.24868571758270264 2.4997500077006407E-05
vt 0.24868571758270264 0.50203251838684082
vt 0.18765564262866974 0.50203251838684082
vt 0.75074267387390137 2.4924265744630247E-05
vt 0.75074267387390137 0.4985102117061615
vt 0.25019991397857666 0.4985102117061615
vt 0.25019991397857666 2.4924265744630247E-05
vt 0.25019991397857666 0.99851024150848389
vt 0.25019991397857666 0.50002491474151611
vt 0.75074267387390137 0.99851024150848389
vt 0.75074267387390137 0.50002491474151611
vn -1 0 0
vn -1 0 0
vn -1 0 0
vn -1 0 0
vn 0 0 -1
vn 0 0 -1
vn 0 0 -1
vn 0 0 -1
vn 1 0 0
vn 1 0 0
vn 1 0 0
vn 1 0 0
vn 0 0 1
vn 0 0 1
vn 0 0 1
vn 0 0 1
vn 0 -1 0
vn 0 -1 0
vn 0 -1 0
vn 0 -1 0
vn 0 1 0
vn 0 1 0
vn 0 1 0
vn 0 1 0
f 1419/1419/1419 1417/1417/1417 1418/1418/1418
f 1417/1417/1417 1419/1419/1419 1420/1420/1420
f 1422/1422/1422 1423/1423/1423 1424/1424/1424 1421/1421/1421
f 1425/1425/1425 1426/1426/1426 1427/1427/1427
f 1427/1427/1427 1428/1428/1428 1425/1425/1425
f 1432/1432/1432 1429/1429/1429 1430/1430/1430 1431/1431/1431
f 1434/1434/1434 1435/1435/1435 1436/1436/1436
f 1436/1436/1436 1433/1433/1433 1434/1434/1434
f 1439/1439/1439 1437/1437/1437 1438/1438/1438
f 1438/1438/1438 1440/1440/1440 1439/1439/1439
v -298.28903198242188 2569.5 54849.2890625 255 255 0
v -585.7890625 2569.5 54849.2890625 255 255 0
v -585.7890625 2469.5 54849.2890625 255 255 0
v -298.28903198242188 2469.5 54849.2890625 255 255 0
v -585.7890625 2469.5 54849.2890625 255 255 0
v -585.7890625 2569.5 54849.2890625 255 255 0
v -585.7890625 2569.5 54561.7890625 255 255 0
v -585.7890625 2469.5 54561.7890625 255 255 0
v -585.7890625 2469.5 54561.7890625 255 255 0
v -585.7890625 2569.5 54561.7890625 255 255 0
v -298.28903198242188 2569.5 54561.7890625 255 255 0
v -298.28903198242188 2469.5 54561.7890625 255 255 0
v -298.28903198242188 2569.5 54849.2890625 255 255 0
v -298.28903198242188 2469.5 54849.2890625 255 255 0
v -298.28903198242188 2469.5 54561.7890625 255 255 0
v -298.28903198242188 2569.5 54561.7890625 255 255 0
v -298.28903198242188 2469.5 54849.2890625 255 255 0
v -585.7890625 2469.5 54849.2890625 255 255 0
v -585.7890625 2469.5 54561.7890625 255 255 0
v -298.28903198242188 2469.5 54561.7890625 255 255 0
v -585.7890625 2569.5 54849.2890625 255 255 0
v -298.28903198242188 2569.5 54849.2890625 255 255 0
v -585.7890625 2569.5 54561.7890625 255 255 0
v -298.28903198242188 2569.5 54561.7890625 255 255 0
vt 8.6767831817269325E-06 0.25000870227813721
vt 0.49852648377418518 0.25000870227813721
vt 0.49852648377418518 0.42391568422317505
vt 8.6767831817269325E-06 0.42391568422317505
vt 8.6767831817269325E-06 0.92391568422317505
vt 8.6767831817269325E-06 0.75000870227813721
vt 0.49852648377418518 0.75000870227813721
vt 0.49852648377418518 0.92391568422317505
vt 8.6767831817269325E-06 0.17391568422317505
vt 8.6767831817269325E-06 8.6953496065689251E-06
vt 0.49852648377418518 8.6953496065689251E-06
vt 0.49852648377418518 0.17391568422317505
vt 0.49852648377418518 0.50000870227813721
vt 0.49852648377418518 0.67391568422317505
vt 8.6767831817269325E-06 0.67391568422317505
vt 8.6767831817269325E-06 0.50000870227813721
vt 0.99852651357650757 0.99852645397186279
vt 0.50000870227813721 0.99852645397186279
vt 0.50000870227813721 0.50000864267349243
vt 0.99852651357650757 0.50000864267349243
vt 0.50000870227813721 8.6698746599722654E-06
vt 0.99852651357650757 8.6698746599722654E-06
vt 0.50000870227813721 0.49852648377418518
vt 0.99852651357650757 0.49852648377418518
vn 0 0 1
vn 0 0 1
vn 0 0 1
vn 0 0 1
vn -1 0 0
vn -1 0 0
vn -1 0 0
vn -1 0 0
vn 0 0 -1
vn 0 0 -1
vn 0 0 -1
vn 0 0 -1
vn 1 0 0
vn 1 0 0
vn 1 0 0
vn 1 0 0
vn 0 -1 0
vn 0 -1 0
vn 0 -1 0
vn 0 -1 0
vn 0 1 0
vn 0 1 0
vn 0 1 0
vn 0 1 0
f 1441/1441/1441 1442/1442/1442 1443/1443/1443 1444/1444/1444
f 1445/1445/1445 1446/1446/1446 1447/1447/1447
f 1447/1447/1447 1448/1448/1448 1445/1445/1445
f 1450/1450/1450 1451/1451/1451 1452/1452/1452 1449/1449/1449
f 1454/1454/1454 1456/1456/1456 1453/1453/1453
f 1456/1456/1456 1454/1454/1454 1455/1455/1455
f 1459/1459/1459 1460/1460/1460 1457/1457/1457 1458/1458/1458
f 1461/1461/1461 1462/1462/1462 1464/1464/1464 1463/1463/1463
v -308.28903198242188 2469.5 54839.2890625 255 255 0
v -575.7890625 2469.5 54839.2890625 255 255 0
v -575.7890625 2434.5 54839.2890625 255 255 0
v -308.28903198242188 2434.5 54839.2890625 255 255 0
v -575.7890625 2434.5 54839.2890625 255 255 0
v -575.7890625 2469.5 54839.2890625 255 255 0
v -575.7890625 2469.5 54571.7890625 255 255 0
v -575.7890625 2434.5 54571.7890625 255 255 0
v -575.7890625 2434.5 54571.7890625 255 255 0
v -575.7890625 2469.5 54571.7890625 255 255 0
v -308.28903198242188 2469.5 54571.7890625 255 255 0
v -308.28903198242188 2434.5 54571.7890625 255 255 0
v -308.28903198242188 2469.5 54839.2890625 255 255 0
v -308.28903198242188 2434.5 54839.2890625 255 255 0
v -308.28903198242188 2434.5 54571.7890625 255 255 0
v -308.28903198242188 2469.5 54571.7890625 255 255 0
v -308.28903198242188 2434.5 54839.2890625 255 255 0
v -575.7890625 2434.5 54839.2890625 255 255 0
v -575.7890625 2434.5 54571.7890625 255 255 0
v -308.28903198242188 2434.5 54571.7890625 255 255 0
v -575.7890625 2469.5 54839.2890625 255 255 0
v -308.28903198242188 2469.5 54839.2890625 255 255 0
v -575.7890625 2469.5 54571.7890625 255 255 0
v -308.28903198242188 2469.5 54571.7890625 255 255 0
vt 0.065445944666862488 0.49999064207077026
vt 0.065445944666862488 9.3454445959650911E-06
vt 0.1293996274471283 9.3454445959650911E-06
vt 0.1293996274471283 0.49999064207077026
vt 0.063962824642658234 0.49999064207077026
vt 9.1362417151685804E-06 0.49999064207077026
vt 9.1362417151685804E-06 9.3454445959650911E-06
vt 0.063962824642658234 9.3454445959650911E-06
vt 0.26027324795722961 0.49999064207077026
vt 0.19631955027580261 0.49999064207077026
vt 0.19631955027580261 9.3454445959650911E-06
vt 0.26027324795722961 9.3454445959650911E-06
vt 0.13088275492191315 9.3454445959650911E-06
vt 0.19483643770217896 9.3454445959650911E-06
vt 0.19483643770217896 0.49999064207077026
vt 0.13088275492191315 0.49999064207077026
vt 0.7602730393409729 0.99852579832077026
vt 0.26175656914710999 0.99852579832077026
vt 0.26175656914710999 0.50000929832458496
vt 0.7602730393409729 0.50000929832458496
vt 0.26175656914710999 9.3180651674629189E-06
vt 0.7602730393409729 9.3180651674629189E-06
vt 0.26175656914710999 0.49852582812309265
vt 0.7602730393409729 0.49852582812309265
vn 0 0 1
vn 0 0 1
vn 0 0 1
vn 0 0 1
vn -1 0 0
vn -1 0 0
vn -1 0 0
vn -1 0 0
vn 0 0 -1
vn 0 0 -1
vn 0 0 -1
vn 0 0 -1
vn 1 0 0
vn 1 0 0
vn 1 0 0
vn 1 0 0
vn 0 -1 0
vn 0 -1 0
vn 0 -1 0
vn 0 -1 0
vn 0 1 0
vn 0 1 0
vn 0 1 0
vn 0 1 0
f 1465/1465/1465 1466/1466/1466 1467/1467/1467 1468/1468/1468
f 1470/1470/1470 1471/1471/1471 1472/1472/1472 1469/1469/1469
f 1474/1474/1474 1475/1475/1475 1476/1476/1476 1473/1473/1473
f 1480/1480/1480 1477/1477/1477 1478/1478/1478 1479/1479/1479
f 1483/1483/1483 1484/1484/1484 1481/1481/1481 1482/1482/1482
f 1485/1485/1485 1486/1486/1486 1488/1488/1488 1487/1487/1487
v -575.7890625 2469.5 54571.7890625 255 255 0
v -575.7890625 2469.5 54839.2890625 255 255 0
v -575.7890625 2434.5 54839.2890625 255 255 0
v -575.7890625 2434.5 54571.7890625 255 255 0
v -575.7890625 2434.5 54839.2890625 255 255 0
v -575.7890625 2469.5 54839.2890625 255 255 0
v -308.28903198242188 2469.5 54839.2890625 255 255 0
v -308.28903198242188 2434.5 54839.2890625 255 255 0
v -308.28903198242188 2434.5 54839.2890625 255 255 0
v -308.28903198242188 2469.5 54839.2890625 255 255 0
v -308.28903198242188 2469.5 54571.7890625 255 255 0
v -308.28903198242188 2434.5 54571.7890625 255 255 0
v -575.7890625 2469.5 54571.7890625 255 255 0
v -575.7890625 2434.5 54571.7890625 255 255 0
v -308.28903198242188 2434.5 54571.7890625 255 255 0
v -308.28903198242188 2469.5 54571.7890625 255 255 0
v -298.28903198242188 2469.5 54849.2890625 255 255 0
v -585.7890625 2469.5 54849.2890625 255 255 0
v -585.7890625 2434.5 54849.2890625 255 255 0
v -298.28903198242188 2434.5 54849.2890625 255 255 0
v -585.7890625 2434.5 54849.2890625 255 255 0
v -585.7890625 2469.5 54849.2890625 255 255 0
v -585.7890625 2469.5 54561.7890625 255 255 0
v -585.7890625 2434.5 54561.7890625 255 255 0
v -585.7890625 2434.5 54561.7890625 255 255 0
v -585.7890625 2469.5 54561.7890625 255 255 0
v -298.28903198242188 2469.5 54561.7890625 255 255 0
v -298.28903198242188 2434.5 54561.7890625 255 255 0
v -298.28903198242188 2469.5 54849.2890625 255 255 0
v -298.28903198242188 2434.5 54849.2890625 255 255 0
v -298.28903198242188 2434.5 54561.7890625 255 255 0
v -298.28903198242188 2469.5 54561.7890625 255 255 0
v -575.7890625 2434.5 54571.7890625 255 255 0
v -575.7890625 2434.5 54839.2890625 255 255 0
v -308.28903198242188 2434.5 54839.2890625 255 255 0
v -308.28903198242188 2434.5 54571.7890625 255 255 0
v -298.28903198242188 2434.5 54849.2890625 255 255 0
v -585.7890625 2434.5 54849.2890625 255 255 0
v -585.7890625 2434.5 54561.7890625 255 255 0
v -298.28903198242188 2434.5 54561.7890625 255 255 0
v -575.7890625 2469.5 54839.2890625 255 255 0
v -575.7890625 2469.5 54571.7890625 255 255 0
v -308.28903198242188 2469.5 54839.2890625 255 255 0
v -308.28903198242188 2469.5 54571.7890625 255 255 0
v -585.7890625 2469.5 54849.2890625 255 255 0
v -298.28903198242188 2469.5 54849.2890625 255 255 0
v -585.7890625 2469.5 54561.7890625 255 255 0
v -298.28903198242188 2469.5 54561.7890625 255 255 0
vt 0.06089332327246666 0.46520990133285522
vt 0.06089332327246666 8.6953496065689251E-06
vt 0.12029635161161423 8.6953496065689251E-06
vt 0.12029635161161423 0.46520990133285522
vt 0.059411510825157166 0.46520990133285522
vt 8.4861458162777126E-06 0.46520990133285522
vt 8.4861458162777126E-06 8.6953496065689251E-06
vt 0.059411510825157166 8.6953496065689251E-06
vt 0.24206602573394775 0.46520990133285522
vt 0.18266300857067108 0.46520990133285522
vt 0.18266300857067108 8.6953496065689251E-06
vt 0.24206602573394775 8.6953496065689251E-06
vt 0.12177816033363342 8.6953496065689251E-06
vt 0.18118119239807129 8.6953496065689251E-06
vt 0.18118119239807129 0.46520990133285522
vt 0.12177816033363342 0.46520990133285522
vt 0.30443269014358521 0.49999129772186279
vt 0.30443269014358521 8.6953496065689251E-06
vt 0.36383569240570068 8.6953496065689251E-06
vt 0.36383569240570068 0.49999129772186279
vt 0.30295085906982422 0.49999129772186279
vt 0.24354784190654755 0.49999129772186279
vt 0.24354784190654755 8.6953496065689251E-06
vt 0.30295085906982422 8.6953496065689251E-06
vt 0.485605388879776 0.49999129772186279
vt 0.42620235681533813 0.49999129772186279
vt 0.42620235681533813 8.6953496065689251E-06
vt 0.485605388879776 8.6953496065689251E-06
vt 0.36531752347946167 8.6953496065689251E-06
vt 0.42472055554389954 8.6953496065689251E-06
vt 0.42472055554389954 0.49999129772186279
vt 0.36531752347946167 0.49999129772186279
vt 0.50442713499069214 0.51734840869903564
vt 0.50442713499069214 0.98118674755096436
vt 0.96826547384262085 0.98118674755096436
vt 0.96826547384262085 0.51734840869903564
vt 0.98560518026351929 0.99852645397186279
vt 0.48708739876747131 0.99852645397186279
vt 0.48708739876747131 0.50000864267349243
vt 0.98560518026351929 0.50000864267349243
vt 0.50442713499069214 0.01734841987490654
vt 0.50442713499069214 0.48118671774864197
vt 0.96826547384262085 0.01734841987490654
vt 0.96826547384262085 0.48118671774864197
vt 0.48708739876747131 8.6698746599722654E-06
vt 0.98560518026351929 8.6698746599722654E-06
vt 0.48708739876747131 0.49852648377418518
vt 0.98560518026351929 0.49852648377418518
vn 1 0 0
vn 1 0 0
vn 1 0 0
vn 1 0 0
vn 0 0 -1
vn 0 0 -1
vn 0 0 -1
vn 0 0 -1
vn -1 0 0
vn -1 0 0
vn -1 0 0
vn -1 0 0
vn 0 0 1
vn 0 0 1
vn 0 0 1
vn 0 0 1
vn 0 0 1
vn 0 0 1
vn 0 0 1
vn 0 0 1
vn -1 0 0
vn -1 0 0
vn -1 0 0
vn -1 0 0
vn 0 0 -1
vn 0 0 -1
vn 0 0 -1
vn 0 0 -1
vn 1 0 0
vn 1 0 0
vn 1 0 0
vn 1 0 0
vn 0 -1 0
vn 0 -1 0
vn 0 -1 0
vn 0 -1 0
vn 0 -1 0
vn 0 -1 0
vn 0 -1 0
vn 0 -1 0
vn 0 1 0
vn 0 1 0
vn 0 1 0
vn 0 1 0
vn 0 1 0
vn 0 1 0
vn 0 1 0
vn 0 1 0
f 1489/1489/1489 1490/1490/1490 1491/1491/1491 1492/1492/1492
f 1494/1494/1494 1495/1495/1495 1496/1496/1496 1493/1493/1493
f 1498/1498/1498 1499/1499/1499 1500/1500/1500 1497/1497/1497
f 1504/1504/1504 1501/1501/1501 1502/1502/1502 1503/1503/1503
f 1505/1505/1505 1506/1506/1506 1507/1507/1507 1508/1508/1508
f 1510/1510/1510 1511/1511/1511 1512/1512/1512 1509/1509/1509
f 1514/1514/1514 1515/1515/1515 1516/1516/1516 1513/1513/1513
f 1520/1520/1520 1517/1517/1517 1518/1518/1518 1519/1519/1519
f 1524/1524/1524 1521/1521/1521 1527/1527/1527 1528/1528/1528
f 1523/1523/1523 1524/1524/1524 1528/1528/1528 1525/1525/1525
f 1521/1521/1521 1522/1522/1522 1526/1526/1526 1527/1527/1527
f 1522/1522/1522 1523/1523/1523 1525/1525/1525 1526/1526/1526
f 1531/1531/1531 1529/1529/1529 1533/1533/1533 1534/1534/1534
f 1534/1534/1534 1536/1536/1536 1532/1532/1532 1531/1531/1531
f 1535/1535/1535 1533/1533/1533 1529/1529/1529 1530/1530/1530
f 1530/1530/1530 1532/1532/1532 1536/1536/1536 1535/1535/1535
v 46.123817443847656 2599.39990234375 56155.3515625 255 255 0
v 46.123817443847656 2599.39990234375 56035.3515625 255 255 0
v 46.123817443847656 2561.89990234375 56035.3515625 255 255 0
v 46.123817443847656 2561.89990234375 56155.3515625 255 255 0
v 46.123817443847656 2561.89990234375 56035.3515625 255 255 0
v 46.123817443847656 2599.39990234375 56035.3515625 255 255 0
v 121.12381744384766 2599.39990234375 56035.3515625 255 255 0
v 121.12381744384766 2561.89990234375 56035.3515625 255 255 0
v 121.12381744384766 2561.89990234375 56035.3515625 255 255 0
v 121.12381744384766 2599.39990234375 56035.3515625 255 255 0
v 121.12381744384766 2599.39990234375 56155.3515625 255 255 0
v 121.12381744384766 2561.89990234375 56155.3515625 255 255 0
v 46.123817443847656 2599.39990234375 56155.3515625 255 255 0
v 46.123817443847656 2561.89990234375 56155.3515625 255 255 0
v 121.12381744384766 2561.89990234375 56155.3515625 255 255 0
v 121.12381744384766 2599.39990234375 56155.3515625 255 255 0
v 46.123817443847656 2561.89990234375 56155.3515625 255 255 0
v 46.123817443847656 2561.89990234375 56035.3515625 255 255 0
v 121.12381744384766 2561.89990234375 56035.3515625 255 255 0
v 121.12381744384766 2561.89990234375 56155.3515625 255 255 0
v 46.123817443847656 2599.39990234375 56035.3515625 255 255 0
v 46.123817443847656 2599.39990234375 56155.3515625 255 255 0
v 121.12381744384766 2599.39990234375 56035.3515625 255 255 0
v 121.12381744384766 2599.39990234375 56155.3515625 255 255 0
vt 2.2219501261133701E-05 0.16671091318130493
vt 0.53328442573547363 0.16671091318130493
vt 0.53328442573547363 0.33189091086387634
vt 2.2219501261133701E-05 0.33189091086387634
vt 2.2115049432613887E-05 0.76669776439666748
vt 2.2115049432613887E-05 0.60005331039428711
vt 0.33184635639190674 0.60005331039428711
vt 0.33184635639190674 0.76669776439666748
vt 2.2219501261133701E-05 0.16520202159881592
vt 2.2219501261133701E-05 2.2023998099029996E-05
vt 0.53328442573547363 2.2023998099029996E-05
vt 0.53328442573547363 0.16520202159881592
vt 0.33184635639190674 0.33339998126029968
vt 0.33184635639190674 0.50004446506500244
vt 2.2115049432613887E-05 0.50004446506500244
vt 2.2115049432613887E-05 0.33339998126029968
vt 0.99851304292678833 2.2219259335543029E-05
vt 0.99851304292678833 0.53328442573547363
vt 0.66668879985809326 0.53328442573547363
vt 0.66668879985809326 2.2219259335543029E-05
vt 0.33335545659065247 0.86519742012023926
vt 0.33335545659065247 0.33339992165565491
vt 0.66517972946166992 0.86519742012023926
vt 0.66517972946166992 0.33339992165565491
vn -1 0 0
vn -1 0 0
vn -1 0 0
vn -1 0 0
vn 0 0 -1
vn 0 0 -1
vn 0 0 -1
vn 0 0 -1
vn 1 0 0
vn 1 0 0
vn 1 0 0
vn 1 0 0
vn 0 0 1
vn 0 0 1
vn 0 0 1
vn 0 0 1
vn 0 -1 0
vn 0 -1 0
vn 0 -1 0
vn 0 -1 0
vn 0 1 0
vn 0 1 0
vn 0 1 0
vn 0 1 0
f 1537/1537/1537 1538/1538/1538 1539/1539/1539 1540/1540/1540
f 1541/1541/1541 1542/1542/1542 1543/1543/1543
f 1543/1543/1543 1544/1544/1544 1541/1541/1541
f 1546/1546/1546 1547/1547/1547 1548/1548/1548 1545/1545/1545
f 1550/1550/1550 1552/1552/1552 1549/1549/1549
f 1552/1552/1552 1550/1550/1550 1551/1551/1551
f 1555/1555/1555 1556/1556/1556 1553/1553/1553 1554/1554/1554
f 1557/1557/1557 1558/1558/1558 1560/1560/1560 1559/1559/1559
v 31.123817443847656 2561.89990234375 56032.8515625 255 255 0
v 136.12380981445312 2561.89990234375 56032.8515625 255 255 0
v 136.12380981445312 2549.5 56032.8515625 255 255 0
v 31.123817443847656 2549.5 56032.8515625 255 255 0
v 136.12380981445312 2549.5 56032.8515625 255 255 0
v 136.12380981445312 2561.89990234375 56032.8515625 255 255 0
v 136.12380981445312 2561.89990234375 56041.8515625 255 255 0
v 136.12380981445312 2549.5 56041.8515625 255 255 0
v 136.12380981445312 2549.5 56041.8515625 255 255 0
v 136.12380981445312 2561.89990234375 56041.8515625 255 255 0
v 31.123817443847656 2561.89990234375 56041.8515625 255 255 0
v 31.123817443847656 2549.5 56041.8515625 255 255 0
v 31.123817443847656 2561.89990234375 56032.8515625 255 255 0
v 31.123817443847656 2549.5 56032.8515625 255 255 0
v 31.123817443847656 2549.5 56041.8515625 255 255 0
v 31.123817443847656 2561.89990234375 56041.8515625 255 255 0
v 31.123817443847656 2549.5 56032.8515625 255 255 0
v 136.12380981445312 2549.5 56032.8515625 255 255 0
v 136.12380981445312 2549.5 56041.8515625 255 255 0
v 31.123817443847656 2549.5 56041.8515625 255 255 0
v 136.12380981445312 2561.89990234375 56032.8515625 255 255 0
v 31.123817443847656 2561.89990234375 56032.8515625 255 255 0
v 136.12380981445312 2561.89990234375 56041.8515625 255 255 0
v 31.123817443847656 2561.89990234375 56041.8515625 255 255 0
vt 0.10573150217533112 0.63528734445571899
vt 0.99849265813827515 0.63528734445571899
vt 0.99849265813827515 0.74089109897613525
vt 0.10573150217533112 0.74089109897613525
vt 0.55288708209991455 0.10564639419317245
vt 0.55288708209991455 4.2582181777106598E-05
vt 0.6295350193977356 4.2582181777106598E-05
vt 0.6295350193977356 0.10564639419317245
vt 0.10418213903903961 0.89280366897583008
vt 4.1991996113210917E-05 0.89280366897583008
vt 4.1991996113210917E-05 4.2512438085395843E-05
vt 0.10418213903903961 4.2512438085395843E-05
vt 0.18237949907779694 4.2582181777106598E-05
vt 0.18237949907779694 0.10564639419317245
vt 0.10573156177997589 0.10564639419317245
vt 0.10573156177997589 4.2582181777106598E-05
vt 0.99849265813827515 0.52384603023529053
vt 0.10573150217533112 0.52384603023529053
vt 0.10573150217533112 0.44719809293746948
vt 0.99849265813827515 0.44719809293746948
vt 0.10573150217533112 0.25910887122154236
vt 0.99849265813827515 0.25910887122154236
vt 0.10573150217533112 0.3357568085193634
vt 0.99849265813827515 0.3357568085193634
vn 0 0 -1
vn 0 0 -1
vn 0 0 -1
vn 0 0 -1
vn 1 0 0
vn 1 0 0
vn 1 0 0
vn 1 0 0
vn 0 0 1
vn 0 0 1
vn 0 0 1
vn 0 0 1
vn -1 0 0
vn -1 0 0
vn -1 0 0
vn -1 0 0
vn 0 -1 0
vn 0 -1 0
vn 0 -1 0
vn 0 -1 0
vn 0 1 0
vn 0 1 0
vn 0 1 0
vn 0 1 0
f 1563/1563/1563 1561/1561/1561 1562/1562/1562
f 1561/1561/1561 1563/1563/1563 1564/1564/1564
f 1566/1566/1566 1567/1567/1567 1568/1568/1568 1565/1565/1565
f 1569/1569/1569 1570/1570/1570 1571/1571/1571
f 1571/1571/1571 1572/1572/1572 1569/1569/1569
f 1576/1576/1576 1573/1573/1573 1574/1574/1574 1575/1575/1575
f 1579/1579/1579 1580/1580/1580 1577/1577/1577 1578/1578/1578
f 1581/1581/1581 1582/1582/1582 1584/1584/1584 1583/1583/1583
v 31.123817443847656 2561.89990234375 56137.8515625 255 255 0
v 31.123817443847656 2561.89990234375 56128.8515625 255 255 0
v 31.123817443847656 2549.5 56128.8515625 255 255 0
v 31.123817443847656 2549.5 56137.8515625 255 255 0
v 31.123817443847656 2549.5 56128.8515625 255 255 0
v 31.123817443847656 2561.89990234375 56128.8515625 255 255 0
v 136.12380981445312 2561.89990234375 56128.8515625 255 255 0
v 136.12380981445312 2549.5 56128.8515625 255 255 0
v 136.12380981445312 2549.5 56128.8515625 255 255 0
v 136.12380981445312 2561.89990234375 56128.8515625 255 255 0
v 136.12380981445312 2561.89990234375 56137.8515625 255 255 0
v 136.12380981445312 2549.5 56137.8515625 255 255 0
v 31.123817443847656 2561.89990234375 56137.8515625 255 255 0
v 31.123817443847656 2549.5 56137.8515625 255 255 0
v 136.12380981445312 2549.5 56137.8515625 255 255 0
v 136.12380981445312 2561.89990234375 56137.8515625 255 255 0
v 31.123817443847656 2549.5 56137.8515625 255 255 0
v 31.123817443847656 2549.5 56128.8515625 255 255 0
v 136.12380981445312 2549.5 56128.8515625 255 255 0
v 136.12380981445312 2549.5 56137.8515625 255 255 0
v 31.123817443847656 2561.89990234375 56128.8515625 255 255 0
v 31.123817443847656 2561.89990234375 56137.8515625 255 255 0
v 136.12380981445312 2561.89990234375 56128.8515625 255 255 0
v 136.12380981445312 2561.89990234375 56137.8515625 255 255 0
vt 0.55288708209991455 4.2582181777106598E-05
vt 0.6295350193977356 4.2582181777106598E-05
vt 0.6295350193977356 0.10564639419317245
vt 0.55288708209991455 0.10564639419317245
vt 0.10418213903903961 0.89280366897583008
vt 4.1991996113210917E-05 0.89280366897583008
vt 4.1991996113210917E-05 4.2512438085395843E-05
vt 0.10418213903903961 4.2512438085395843E-05
vt 0.10573156177997589 0.10564639419317245
vt 0.10573156177997589 4.2582181777106598E-05
vt 0.18237949907779694 4.2582181777106598E-05
vt 0.18237949907779694 0.10564639419317245
vt 0.99849265813827515 0.63528734445571899
vt 0.99849265813827515 0.74089109897613525
vt 0.10573150217533112 0.74089109897613525
vt 0.10573150217533112 0.63528734445571899
vt 0.99849265813827515 0.44719809293746948
vt 0.99849265813827515 0.52384603023529053
vt 0.10573149472475052 0.52384603023529053
vt 0.10573149472475052 0.44719809293746948
vt 0.10573149472475052 0.3357568085193634
vt 0.10573149472475052 0.25910887122154236
vt 0.99849265813827515 0.3357568085193634
vt 0.99849265813827515 0.25910887122154236
vn -1 0 0
vn -1 0 0
vn -1 0 0
vn -1 0 0
vn 0 0 -1
vn 0 0 -1
vn 0 0 -1
vn 0 0 -1
vn 1 0 0
vn 1 0 0
vn 1 0 0
vn 1 0 0
vn 0 0 1
vn 0 0 1
vn 0 0 1
vn 0 0 1
vn 0 -1 0
vn 0 -1 0
vn 0 -1 0
vn 0 -1 0
vn 0 1 0
vn 0 1 0
vn 0 1 0
vn 0 1 0
f 1585/1585/1585 1586/1586/1586 1587/1587/1587 1588/1588/1588
f 1592/1592/1592 1590/1590/1590 1591/1591/1591
f 1590/1590/1590 1592/1592/1592 1589/1589/1589
f 1594/1594/1594 1595/1595/1595 1596/1596/1596 1593/1593/1593
f 1599/1599/1599 1600/1600/1600 1597/1597/1597
f 1597/1597/1597 1598/1598/1598 1599/1599/1599
f 1603/1603/1603 1604/1604/1604 1601/1601/1601 1602/1602/1602
f 1605/1605/1605 1606/1606/1606 1608/1608/1608 1607/1607/1607
v 33.623817443847656 2561.89990234375 56035.3515625 255 255 0
v 133.62380981445312 2561.89990234375 56035.3515625 255 255 0
v 133.62380981445312 2549.5 56035.3515625 255 255 0
v 33.623817443847656 2549.5 56035.3515625 255 255 0
v 133.62380981445312 2549.5 56035.3515625 255 255 0
v 133.62380981445312 2561.89990234375 56035.3515625 255 255 0
v 133.62380981445312 2561.89990234375 56135.76171875 255 255 0
v 133.62380981445312 2549.5 56135.76171875 255 255 0
v 133.62380981445312 2549.5 56135.76171875 255 255 0
v 133.62380981445312 2561.89990234375 56135.76171875 255 255 0
v 33.623817443847656 2561.89990234375 56135.76171875 255 255 0
v 33.623817443847656 2549.5 56135.76171875 255 255 0
v 33.623817443847656 2561.89990234375 56035.3515625 255 255 0
v 33.623817443847656 2549.5 56035.3515625 255 255 0
v 33.623817443847656 2549.5 56135.76171875 255 255 0
v 33.623817443847656 2561.89990234375 56135.76171875 255 255 0
v 33.623817443847656 2549.5 56035.3515625 255 255 0
v 133.62380981445312 2549.5 56035.3515625 255 255 0
v 133.62380981445312 2549.5 56135.76171875 255 255 0
v 33.623817443847656 2549.5 56135.76171875 255 255 0
v 133.62380981445312 2561.89990234375 56035.3515625 255 255 0
v 33.623817443847656 2561.89990234375 56035.3515625 255 255 0
v 133.62380981445312 2561.89990234375 56135.76171875 255 255 0
v 33.623817443847656 2561.89990234375 56135.76171875 255 255 0
vt 0.06206820160150528 0.49997499585151672
vt 0.06206820160150528 2.4997500077006407E-05
vt 0.12259833514690399 2.4997500077006407E-05
vt 0.12259833514690399 0.49997499585151672
vt 0.2466859370470047 0.50203251838684082
vt 0.18615579605102539 0.50203251838684082
vt 0.18615579605102539 2.4997500077006407E-05
vt 0.2466859370470047 2.4997500077006407E-05
vt 0.060554541647434235 0.49997499585151672
vt 2.4407312594121322E-05 0.49997499585151672
vt 2.4407312594121322E-05 2.4997500077006407E-05
vt 0.060554541647434235 2.4997500077006407E-05
vt 0.12411199510097504 2.4997500077006407E-05
vt 0.18464213609695435 2.4997500077006407E-05
vt 0.18464213609695435 0.50203251838684082
vt 0.12411199510097504 0.50203251838684082
vt 0.74874287843704224 0.50002491474151611
vt 0.74874287843704224 0.99851024150848389
vt 0.24820010364055634 0.99851024150848389
vt 0.24820010364055634 0.50002491474151611
vt 0.24820010364055634 0.4985102117061615
vt 0.24820010364055634 2.4924265744630247E-05
vt 0.74874287843704224 0.4985102117061615
vt 0.74874287843704224 2.4924265744630247E-05
vn 0 0 -1
vn 0 0 -1
vn 0 0 -1
vn 0 0 -1
vn 1 0 0
vn 1 0 0
vn 1 0 0
vn 1 0 0
vn 0 0 1
vn 0 0 1
vn 0 0 1
vn 0 0 1
vn -1 0 0
vn -1 0 0
vn -1 0 0
vn -1 0 0
vn 0 -1 0
vn 0 -1 0
vn 0 -1 0
vn 0 -1 0
vn 0 1 0
vn 0 1 0
vn 0 1 0
vn 0 1 0
f 1611/1611/1611 1609/1609/1609 1610/1610/1610
f 1609/1609/1609 1611/1611/1611 1612/1612/1612
f 1614/1614/1614 1615/1615/1615 1616/1616/1616 1613/1613/1613
f 1617/1617/1617 1618/1618/1618 1619/1619/1619
f 1619/1619/1619 1620/1620/1620 1617/1617/1617
f 1624/1624/1624 1621/1621/1621 1622/1622/1622 1623/1623/1623
f 1628/1628/1628 1625/1625/1625 1626/1626/1626 1627/1627/1627
f 1631/1631/1631 1629/1629/1629 1630/1630/1630 1632/1632/1632
v 8.6238174438476562 2549.5 56160.3515625 255 255 0
v 8.6238174438476562 2549.5 56010.3515625 255 255 0
v 8.6238174438476562 2449.5 56010.3515625 255 255 0
v 8.6238174438476562 2449.5 56160.3515625 255 255 0
v 8.6238174438476562 2449.5 56010.3515625 255 255 0
v 8.6238174438476562 2549.5 56010.3515625 255 255 0
v 158.62380981445312 2549.5 56010.3515625 255 255 0
v 158.62380981445312 2449.5 56010.3515625 255 255 0
v 158.62380981445312 2449.5 56010.3515625 255 255 0
v 158.62380981445312 2549.5 56010.3515625 255 255 0
v 158.62380981445312 2549.5 56160.3515625 255 255 0
v 158.62380981445312 2449.5 56160.3515625 255 255 0
v 8.6238174438476562 2549.5 56160.3515625 255 255 0
v 8.6238174438476562 2449.5 56160.3515625 255 255 0
v 158.62380981445312 2449.5 56160.3515625 255 255 0
v 158.62380981445312 2549.5 56160.3515625 255 255 0
v 8.6238174438476562 2449.5 56160.3515625 255 255 0
v 8.6238174438476562 2449.5 56010.3515625 255 255 0
v 158.62380981445312 2449.5 56010.3515625 255 255 0
v 158.62380981445312 2449.5 56160.3515625 255 255 0
v 8.6238174438476562 2549.5 56010.3515625 255 255 0
v 8.6238174438476562 2549.5 56160.3515625 255 255 0
v 158.62380981445312 2549.5 56010.3515625 255 255 0
v 158.62380981445312 2549.5 56160.3515625 255 255 0
vt 0.71429586410522461 0.42708417773246765
vt 0.71429586410522461 1.4235664821171667E-05
vt 0.99852097034454346 1.4235664821171667E-05
vt 0.99852097034454346 0.42708417773246765
vt 0.99852097034454346 0.85564744472503662
vt 0.71429586410522461 0.85564744472503662
vt 0.71429586410522461 0.42857751250267029
vt 0.99852097034454346 0.42857751250267029
vt 0.71280258893966675 0.42708417773246765
vt 0.4285774827003479 0.42708417773246765
vt 0.4285774827003479 1.4235664821171667E-05
vt 0.71280258893966675 1.4235664821171667E-05
vt 0.4285774827003479 0.42857751250267029
vt 0.71280258893966675 0.42857751250267029
vt 0.71280258893966675 0.85564744472503662
vt 0.4285774827003479 0.85564744472503662
vt 0.42708417773246765 0.85564744472503662
vt 1.4230490705813281E-05 0.85564744472503662
vt 1.4230490705813281E-05 0.42857751250267029
vt 0.42708417773246765 0.42857751250267029
vt 1.4230490705813281E-05 1.4235664821171667E-05
vt 0.42708417773246765 1.4235664821171667E-05
vt 1.4230490705813281E-05 0.42708417773246765
vt 0.42708417773246765 0.42708417773246765
vn -1 0 0
vn -1 0 0
vn -1 0 0
vn -1 0 0
vn 0 0 -1
vn 0 0 -1
vn 0 0 -1
vn 0 0 -1
vn 1 0 0
vn 1 0 0
vn 1 0 0
vn 1 0 0
vn 0 0 1
vn 0 0 1
vn 0 0 1
vn 0 0 1
vn 0 -1 0
vn 0 -1 0
vn 0 -1 0
vn 0 -1 0
vn 0 1 0
vn 0 1 0
vn 0 1 0
vn 0 1 0
f 1633/1633/1633 1634/1634/1634 1635/1635/1635 1636/1636/1636
f 1637/1637/1637 1638/1638/1638 1639/1639/1639
f 1639/1639/1639 1640/1640/1640 1637/1637/1637
f 1642/1642/1642 1643/1643/1643 1644/1644/1644 1641/1641/1641
f 1646/1646/1646 1648/1648/1648 1645/1645/1645
f 1648/1648/1648 1646/1646/1646 1647/1647/1647
f 1651/1651/1651 1652/1652/1652 1649/1649/1649 1650/1650/1650
f 1653/1653/1653 1654/1654/1654 1656/1656/1656 1655/1655/1655
v 18.623817443847656 2449.5 56150.3515625 255 255 0
v 18.623817443847656 2449.5 56020.3515625 255 255 0
v 18.623817443847656 2444.5 56020.3515625 255 255 0
v 18.623817443847656 2444.5 56150.3515625 255 255 0
v 18.623817443847656 2444.5 56020.3515625 255 255 0
v 18.623817443847656 2449.5 56020.3515625 255 255 0
v 148.62380981445312 2449.5 56020.3515625 255 255 0
v 148.62380981445312 2444.5 56020.3515625 255 255 0
v 148.62380981445312 2444.5 56020.3515625 255 255 0
v 148.62380981445312 2449.5 56020.3515625 255 255 0
v 148.62380981445312 2449.5 56150.3515625 255 255 0
v 148.62380981445312 2444.5 56150.3515625 255 255 0
v 18.623817443847656 2449.5 56150.3515625 255 255 0
v 18.623817443847656 2444.5 56150.3515625 255 255 0
v 148.62380981445312 2444.5 56150.3515625 255 255 0
v 148.62380981445312 2449.5 56150.3515625 255 255 0
v 18.623817443847656 2444.5 56150.3515625 255 255 0
v 18.623817443847656 2444.5 56020.3515625 255 255 0
v 148.62380981445312 2444.5 56020.3515625 255 255 0
v 148.62380981445312 2444.5 56150.3515625 255 255 0
v 18.623817443847656 2449.5 56020.3515625 255 255 0
v 18.623817443847656 2449.5 56150.3515625 255 255 0
v 148.62380981445312 2449.5 56020.3515625 255 255 0
v 148.62380981445312 2449.5 56150.3515625 255 255 0
vt 0.019285516813397408 0.49998077750205994
vt 0.019285516813397408 1.9229290046496317E-05
vt 0.037052884697914124 1.9229290046496317E-05
vt 0.037052884697914124 0.49998077750205994
vt 0.017785137519240379 0.49998077750205994
vt 1.7767370081855915E-05 0.49998077750205994
vt 1.7767370081855915E-05 1.9229290046496317E-05
vt 0.017785137519240379 1.9229290046496317E-05
vt 0.07558838278055191 0.49998077750205994
vt 0.057821013033390045 0.49998077750205994
vt 0.057821013033390045 1.9229290046496317E-05
vt 0.07558838278055191 1.9229290046496317E-05
vt 0.038553263992071152 1.9229290046496317E-05
vt 0.056320633739233017 1.9229290046496317E-05
vt 0.056320633739233017 0.49998077750205994
vt 0.038553263992071152 0.49998077750205994
vt 0.57558697462081909 0.99851596355438232
vt 0.077090159058570862 0.99851596355438232
vt 0.077090159058570862 0.50001919269561768
vt 0.57558697462081909 0.50001919269561768
vt 0.077090159058570862 1.9172954125679098E-05
vt 0.57558697462081909 1.9172954125679098E-05
vt 0.077090159058570862 0.49851599335670471
vt 0.57558697462081909 0.49851599335670471
vn -1 0 0
vn -1 0 0
vn -1 0 0
vn -1 0 0
vn 0 0 -1
vn 0 0 -1
vn 0 0 -1
vn 0 0 -1
vn 1 0 0
vn 1 0 0
vn 1 0 0
vn 1 0 0
vn 0 0 1
vn 0 0 1
vn 0 0 1
vn 0 0 1
vn 0 -1 0
vn 0 -1 0
vn 0 -1 0
vn 0 -1 0
vn 0 1 0
vn 0 1 0
vn 0 1 0
vn 0 1 0
f 1657/1657/1657 1658/1658/1658 1659/1659/1659 1660/1660/1660
f 1662/1662/1662 1663/1663/1663 1664/1664/1664 1661/1661/1661
f 1666/1666/1666 1667/1667/1667 1668/1668/1668 1665/1665/1665
f 1672/1672/1672 1669/1669/1669 1670/1670/1670 1671/1671/1671
f 1675/1675/1675 1676/1676/1676 1673/1673/1673 1674/1674/1674
f 1677/1677/1677 1678/1678/1678 1680/1680/1680 1679/1679/1679
v 148.62380981445312 2449.5 56020.3515625 255 255 0
v 18.623817443847656 2449.5 56020.3515625 255 255 0
v 18.623817443847656 2444.5 56020.3515625 255 255 0
v 148.62380981445312 2444.5 56020.3515625 255 255 0
v 18.623817443847656 2444.5 56020.3515625 255 255 0
v 18.623817443847656 2449.5 56020.3515625 255 255 0
v 18.623817443847656 2449.5 56150.3515625 255 255 0
v 18.623817443847656 2444.5 56150.3515625 255 255 0
v 18.623817443847656 2444.5 56150.3515625 255 255 0
v 18.623817443847656 2449.5 56150.3515625 255 255 0
v 148.62380981445312 2449.5 56150.3515625 255 255 0
v 148.62380981445312 2444.5 56150.3515625 255 255 0
v 148.62380981445312 2449.5 56020.3515625 255 255 0
v 148.62380981445312 2444.5 56020.3515625 255 255 0
v 148.62380981445312 2444.5 56150.3515625 255 255 0
v 148.62380981445312 2449.5 56150.3515625 255 255 0
v 8.6238174438476562 2449.5 56160.3515625 255 255 0
v 8.6238174438476562 2449.5 56010.3515625 255 255 0
v 8.6238174438476562 2444.5 56010.3515625 255 255 0
v 8.6238174438476562 2444.5 56160.3515625 255 255 0
v 8.6238174438476562 2444.5 56010.3515625 255 255 0
v 8.6238174438476562 2449.5 56010.3515625 255 255 0
v 158.62380981445312 2449.5 56010.3515625 255 255 0
v 158.62380981445312 2444.5 56010.3515625 255 255 0
v 158.62380981445312 2444.5 56010.3515625 255 255 0
v 158.62380981445312 2449.5 56010.3515625 255 255 0
v 158.62380981445312 2449.5 56160.3515625 255 255 0
v 158.62380981445312 2444.5 56160.3515625 255 255 0
v 8.6238174438476562 2449.5 56160.3515625 255 255 0
v 8.6238174438476562 2444.5 56160.3515625 255 255 0
v 158.62380981445312 2444.5 56160.3515625 255 255 0
v 158.62380981445312 2449.5 56160.3515625 255 255 0
v 148.62380981445312 2444.5 56020.3515625 255 255 0
v 18.623817443847656 2444.5 56020.3515625 255 255 0
v 18.623817443847656 2444.5 56150.3515625 255 255 0
v 148.62380981445312 2444.5 56150.3515625 255 255 0
v 8.6238174438476562 2444.5 56160.3515625 255 255 0
v 8.6238174438476562 2444.5 56010.3515625 255 255 0
v 158.62380981445312 2444.5 56010.3515625 255 255 0
v 158.62380981445312 2444.5 56160.3515625 255 255 0
v 18.623817443847656 2449.5 56020.3515625 255 255 0
v 148.62380981445312 2449.5 56020.3515625 255 255 0
v 18.623817443847656 2449.5 56150.3515625 255 255 0
v 148.62380981445312 2449.5 56150.3515625 255 255 0
v 8.6238174438476562 2449.5 56010.3515625 255 255 0
v 8.6238174438476562 2449.5 56160.3515625 255 255 0
v 158.62380981445312 2449.5 56010.3515625 255 255 0
v 158.62380981445312 2449.5 56160.3515625 255 255 0
vt 0.01671409048140049 0.43332111835479736
vt 0.01671409048140049 1.6665555449435487E-05
vt 0.031917724758386612 1.6665555449435487E-05
vt 0.031917724758386612 0.43332111835479736
vt 0.015218839049339294 0.43332111835479736
vt 1.5203635484795086E-05 0.43332111835479736
vt 1.5203635484795086E-05 1.6665555449435487E-05
vt 0.015218839049339294 1.6665555449435487E-05
vt 0.065315499901771545 0.43332111835479736
vt 0.050111863762140274 0.43332111835479736
vt 0.050111863762140274 1.6665555449435487E-05
vt 0.065315499901771545 1.6665555449435487E-05
vt 0.033412978053092957 1.6665555449435487E-05
vt 0.048616614192724228 1.6665555449435487E-05
vt 0.048616614192724228 0.43332111835479736
vt 0.033412978053092957 0.43332111835479736
vt 0.083509638905525208 0.49998334050178528
vt 0.083509638905525208 1.6665555449435487E-05
vt 0.09871327131986618 1.6665555449435487E-05
vt 0.09871327131986618 0.49998334050178528
vt 0.082014389336109161 0.49998334050178528
vt 0.066810749471187592 0.49998334050178528
vt 0.066810749471187592 1.6665555449435487E-05
vt 0.082014389336109161 1.6665555449435487E-05
vt 0.13211104273796082 0.49998334050178528
vt 0.11690741032361984 0.49998334050178528
vt 0.11690741032361984 1.6665555449435487E-05
vt 0.13211104273796082 1.6665555449435487E-05
vt 0.10020852088928223 1.6665555449435487E-05
vt 0.1154121607542038 1.6665555449435487E-05
vt 0.1154121607542038 0.49998334050178528
vt 0.10020852088928223 0.49998334050178528
vt 0.16684117913246155 0.53325009346008301
vt 0.16684117913246155 0.96528506278991699
vt 0.59887617826461792 0.96528506278991699
vt 0.59887617826461792 0.53325009346008301
vt 0.63210964202880859 0.99851852655410767
vt 0.13360770046710968 0.99851852655410767
vt 0.13360770046710968 0.50001662969589233
vt 0.63210964202880859 0.50001662969589233
vt 0.16684117913246155 0.033250078558921814
vt 0.16684117913246155 0.46528506278991699
vt 0.59887617826461792 0.033250078558921814
vt 0.59887617826461792 0.46528506278991699
vt 0.13360770046710968 1.661673013586551E-05
vt 0.63210964202880859 1.661673013586551E-05
vt 0.13360770046710968 0.49851855635643005
vt 0.63210964202880859 0.49851855635643005
vn 0 0 1
vn 0 0 1
vn 0 0 1
vn 0 0 1
vn 1 0 0
vn 1 0 0
vn 1 0 0
vn 1 0 0
vn 0 0 -1
vn 0 0 -1
vn 0 0 -1
vn 0 0 -1
vn -1 0 0
vn -1 0 0
vn -1 0 0
vn -1 0 0
vn -1 0 0
vn -1 0 0
vn -1 0 0
vn -1 0 0
vn 0 0 -1
vn 0 0 -1
vn 0 0 -1
vn 0 0 -1
vn 1 0 0
vn 1 0 0
vn 1 0 0
vn 1 0 0
vn 0 0 1
vn 0 0 1
vn 0 0 1
vn 0 0 1
vn 0 -1 0
vn 0 -1 0
vn 0 -1 0
vn 0 -1 0
vn 0 -1 0
vn 0 -1 0
vn 0 -1 0
vn 0 -1 0
vn 0 1 0
vn 0 1 0
vn 0 1 0
vn 0 1 0
vn 0 1 0
vn 0 1 0
vn 0 1 0
vn 0 1 0
f 1681/1681/1681 1682/1682/1682 1683/1683/1683 1684/1684/1684
f 1686/1686/1686 1687/1687/1687 1688/1688/1688 1685/1685/1685
f 1690/1690/1690 1691/1691/1691 1692/1692/1692 1689/1689/1689
f 1696/1696/1696 1693/1693/1693 1694/1694/1694 1695/1695/1695
f 1697/1697/1697 1698/1698/1698 1699/1699/1699 1700/1700/1700
f 1702/1702/1702 1703/1703/1703 1704/1704/1704 1701/1701/1701
f 1706/1706/1706 1707/1707/1707 1708/1708/1708 1705/1705/1705
f 1712/1712/1712 1709/1709/1709 1710/1710/1710 1711/1711/1711
f 1716/1716/1716 1713/1713/1713 1719/1719/1719 1720/1720/1720
f 1715/1715/1715 1716/1716/1716 1720/1720/1720 1717/1717/1717
f 1713/1713/1713 1714/1714/1714 1718/1718/1718 1719/1719/1719
f 1714/1714/1714 1715/1715/1715 1717/1717/1717 1718/1718/1718
f 1723/1723/1723 1721/1721/1721 1725/1725/1725 1726/1726/1726
f 1726/1726/1726 1728/1728/1728 1724/1724/1724 1723/1723/1723
f 1727/1727/1727 1725/1725/1725 1721/1721/1721 1722/1722/1722
f 1722/1722/1722 1724/1724/1724 1728/1728/1728 1727/1727/1727
v 1746.123779296875 2599.39990234375 56155.3515625 255 255 0
v 1746.123779296875 2599.39990234375 56035.3515625 255 255 0
v 1746.123779296875 2561.89990234375 56035.3515625 255 255 0
v 1746.123779296875 2561.89990234375 56155.3515625 255 255 0
v 1746.123779296875 2561.89990234375 56035.3515625 255 255 0
v 1746.123779296875 2599.39990234375 56035.3515625 255 255 0
v 1821.123779296875 2599.39990234375 56035.3515625 255 255 0
v 1821.123779296875 2561.89990234375 56035.3515625 255 255 0
v 1821.123779296875 2561.89990234375 56035.3515625 255 255 0
v 1821.123779296875 2599.39990234375 56035.3515625 255 255 0
v 1821.123779296875 2599.39990234375 56155.3515625 255 255 0
v 1821.123779296875 2561.89990234375 56155.3515625 255 255 0
v 1746.123779296875 2599.39990234375 56155.3515625 255 255 0
v 1746.123779296875 2561.89990234375 56155.3515625 255 255 0
v 1821.123779296875 2561.89990234375 56155.3515625 255 255 0
v 1821.123779296875 2599.39990234375 56155.3515625 255 255 0
v 1746.123779296875 2561.89990234375 56155.3515625 255 255 0
v 1746.123779296875 2561.89990234375 56035.3515625 255 255 0
v 1821.123779296875 2561.89990234375 56035.3515625 255 255 0
v 1821.123779296875 2561.89990234375 56155.3515625 255 255 0
v 1746.123779296875 2599.39990234375 56035.3515625 255 255 0
v 1746.123779296875 2599.39990234375 56155.3515625 255 255 0
v 1821.123779296875 2599.39990234375 56035.3515625 255 255 0
v 1821.123779296875 2599.39990234375 56155.3515625 255 255 0
vt 2.2219501261133701E-05 0.16671091318130493
vt 0.53328442573547363 0.16671091318130493
vt 0.53328442573547363 0.33189091086387634
vt 2.2219501261133701E-05 0.33189091086387634
vt 2.2115049432613887E-05 0.76669776439666748
vt 2.2115049432613887E-05 0.60005331039428711
vt 0.33184635639190674 0.60005331039428711
vt 0.33184635639190674 0.76669776439666748
vt 2.2219501261133701E-05 0.16520202159881592
vt 2.2219501261133701E-05 2.2023998099029996E-05
vt 0.53328442573547363 2.2023998099029996E-05
vt 0.53328442573547363 0.16520202159881592
vt 0.33184635639190674 0.33339998126029968
vt 0.33184635639190674 0.50004446506500244
vt 2.2115049432613887E-05 0.50004446506500244
vt 2.2115049432613887E-05 0.33339998126029968
vt 0.99851304292678833 2.2219259335543029E-05
vt 0.99851304292678833 0.53328442573547363
vt 0.66668879985809326 0.53328442573547363
vt 0.66668879985809326 2.2219259335543029E-05
vt 0.33335545659065247 0.86519742012023926
vt 0.33335545659065247 0.33339992165565491
vt 0.66517972946166992 0.86519742012023926
vt 0.66517972946166992 0.33339992165565491
vn -1 0 0
vn -1 0 0
vn -1 0 0
vn -1 0 0
vn 0 0 -1
vn 0 0 -1
vn 0 0 -1
vn 0 0 -1
vn 1 0 0
vn 1 0 0
vn 1 0 0
vn 1 0 0
vn 0 0 1
vn 0 0 1
vn 0 0 1
vn 0 0 1
vn 0 -1 0
vn 0 -1 0
vn 0 -1 0
vn 0 -1 0
vn 0 1 0
vn 0 1 0
vn 0 1 0
vn 0 1 0
f 1729/1729/1729 1730/1730/1730 1731/1731/1731 1732/1732/1732
f 1733/1733/1733 1734/1734/1734 1735/1735/1735
f 1735/1735/1735 1736/1736/1736 1733/1733/1733
f 1738/1738/1738 1739/1739/1739 1740/1740/1740 1737/1737/1737
f 1742/1742/1742 1744/1744/1744 1741/1741/1741
f 1744/1744/1744 1742/1742/1742 1743/1743/1743
f 1747/1747/1747 1748/1748/1748 1745/1745/1745 1746/1746/1746
f 1749/1749/1749 1750/1750/1750 1752/1752/1752 1751/1751/1751
v 1731.123779296875 2561.89990234375 56032.8515625 255 255 0
v 1836.123779296875 2561.89990234375 56032.8515625 255 255 0
v 1836.123779296875 2549.5 56032.8515625 255 255 0
v 1731.123779296875 2549.5 56032.8515625 255 255 0
v 1836.123779296875 2549.5 56032.8515625 255 255 0
v 1836.123779296875 2561.89990234375 56032.8515625 255 255 0
v 1836.123779296875 2561.89990234375 56041.8515625 255 255 0
v 1836.123779296875 2549.5 56041.8515625 255 255 0
v 1836.123779296875 2549.5 56041.8515625 255 255 0
v 1836.123779296875 2561.89990234375 56041.8515625 255 255 0
v 1731.123779296875 2561.89990234375 56041.8515625 255 255 0
v 1731.123779296875 2549.5 56041.8515625 255 255 0
v 1731.123779296875 2561.89990234375 56032.8515625 255 255 0
v 1731.123779296875 2549.5 56032.8515625 255 255 0
v 1731.123779296875 2549.5 56041.8515625 255 255 0
v 1731.123779296875 2561.89990234375 56041.8515625 255 255 0
v 1731.123779296875 2549.5 56032.8515625 255 255 0
v 1836.123779296875 2549.5 56032.8515625 255 255 0
v 1836.123779296875 2549.5 56041.8515625 255 255 0
v 1731.123779296875 2549.5 56041.8515625 255 255 0
v 1836.123779296875 2561.89990234375 56032.8515625 255 255 0
v 1731.123779296875 2561.89990234375 56032.8515625 255 255 0
v 1836.123779296875 2561.89990234375 56041.8515625 255 255 0
v 1731.123779296875 2561.89990234375 56041.8515625 255 255 0
vt 0.10573150217533112 0.63528734445571899
vt 0.99849265813827515 0.63528734445571899
vt 0.99849265813827515 0.74089109897613525
vt 0.10573150217533112 0.74089109897613525
vt 0.55288708209991455 0.10564639419317245
vt 0.55288708209991455 4.2582181777106598E-05
vt 0.6295350193977356 4.2582181777106598E-05
vt 0.6295350193977356 0.10564639419317245
vt 0.10418213903903961 0.89280366897583008
vt 4.1991996113210917E-05 0.89280366897583008
vt 4.1991996113210917E-05 4.2512438085395843E-05
vt 0.10418213903903961 4.2512438085395843E-05
vt 0.18237949907779694 4.2582181777106598E-05
vt 0.18237949907779694 0.10564639419317245
vt 0.10573156177997589 0.10564639419317245
vt 0.10573156177997589 4.2582181777106598E-05
vt 0.99849265813827515 0.52384603023529053
vt 0.10573150217533112 0.52384603023529053
vt 0.10573150217533112 0.44719809293746948
vt 0.99849265813827515 0.44719809293746948
vt 0.10573150217533112 0.25910887122154236
vt 0.99849265813827515 0.25910887122154236
vt 0.10573150217533112 0.3357568085193634
vt 0.99849265813827515 0.3357568085193634
vn 0 0 -1
vn 0 0 -1
vn 0 0 -1
vn 0 0 -1
vn 1 0 0
vn 1 0 0
vn 1 0 0
vn 1 0 0
vn 0 0 1
vn 0 0 1
vn 0 0 1
vn 0 0 1
vn -1 0 0
vn -1 0 0
vn -1 0 0
vn -1 0 0
vn 0 -1 0
vn 0 -1 0
vn 0 -1 0
vn 0 -1 0
vn 0 1 0
vn 0 1 0
vn 0 1 0
vn 0 1 0
f 1755/1755/1755 1753/1753/1753 1754/1754/1754
f 1753/1753/1753 1755/1755/1755 1756/1756/1756
f 1758/1758/1758 1759/1759/1759 1760/1760/1760 1757/1757/1757
f 1761/1761/1761 1762/1762/1762 1763/1763/1763
f 1763/1763/1763 1764/1764/1764 1761/1761/1761
f 1768/1768/1768 1765/1765/1765 1766/1766/1766 1767/1767/1767
f 1771/1771/1771 1772/1772/1772 1769/1769/1769 1770/1770/1770
f 1773/1773/1773 1774/1774/1774 1776/1776/1776 1775/1775/1775
v 1731.123779296875 2561.89990234375 56137.8515625 255 255 0
v 1731.123779296875 2561.89990234375 56128.8515625 255 255 0
v 1731.123779296875 2549.5 56128.8515625 255 255 0
v 1731.123779296875 2549.5 56137.8515625 255 255 0
v 1731.123779296875 2549.5 56128.8515625 255 255 0
v 1731.123779296875 2561.89990234375 56128.8515625 255 255 0
v 1836.123779296875 2561.89990234375 56128.8515625 255 255 0
v 1836.123779296875 2549.5 56128.8515625 255 255 0
v 1836.123779296875 2549.5 56128.8515625 255 255 0
v 1836.123779296875 2561.89990234375 56128.8515625 255 255 0
v 1836.123779296875 2561.89990234375 56137.8515625 255 255 0
v 1836.123779296875 2549.5 56137.8515625 255 255 0
v 1731.123779296875 2561.89990234375 56137.8515625 255 255 0
v 1731.123779296875 2549.5 56137.8515625 255 255 0
v 1836.123779296875 2549.5 56137.8515625 255 255 0
v 1836.123779296875 2561.89990234375 56137.8515625 255 255 0
v 1731.123779296875 2549.5 56137.8515625 255 255 0
v 1731.123779296875 2549.5 56128.8515625 255 255 0
v 1836.123779296875 2549.5 56128.8515625 255 255 0
v 1836.123779296875 2549.5 56137.8515625 255 255 0
v 1731.123779296875 2561.89990234375 56128.8515625 255 255 0
v 1731.123779296875 2561.89990234375 56137.8515625 255 255 0
v 1836.123779296875 2561.89990234375 56128.8515625 255 255 0
v 1836.123779296875 2561.89990234375 56137.8515625 255 255 0
vt 0.55288708209991455 4.2582181777106598E-05
vt 0.6295350193977356 4.2582181777106598E-05
vt 0.6295350193977356 0.10564639419317245
vt 0.55288708209991455 0.10564639419317245
vt 0.10418213903903961 0.89280366897583008
vt 4.1991996113210917E-05 0.89280366897583008
vt 4.1991996113210917E-05 4.2512438085395843E-05
vt 0.10418213903903961 4.2512438085395843E-05
vt 0.10573156177997589 0.10564639419317245
vt 0.10573156177997589 4.2582181777106598E-05
vt 0.18237949907779694 4.2582181777106598E-05
vt 0.18237949907779694 0.10564639419317245
vt 0.99849265813827515 0.63528734445571899
vt 0.99849265813827515 0.74089109897613525
vt 0.10573150217533112 0.74089109897613525
vt 0.10573150217533112 0.63528734445571899
vt 0.99849265813827515 0.44719809293746948
vt 0.99849265813827515 0.52384603023529053
vt 0.10573149472475052 0.52384603023529053
vt 0.10573149472475052 0.44719809293746948
vt 0.10573149472475052 0.3357568085193634
vt 0.10573149472475052 0.25910887122154236
vt 0.99849265813827515 0.3357568085193634
vt 0.99849265813827515 0.25910887122154236
vn -1 0 0
vn -1 0 0
vn -1 0 0
vn -1 0 0
vn 0 0 -1
vn 0 0 -1
vn 0 0 -1
vn 0 0 -1
vn 1 0 0
vn 1 0 0
vn 1 0 0
vn 1 0 0
vn 0 0 1
vn 0 0 1
vn 0 0 1
vn 0 0 1
vn 0 -1 0
vn 0 -1 0
vn 0 -1 0
vn 0 -1 0
vn 0 1 0
vn 0 1 0
vn 0 1 0
vn 0 1 0
f 1777/1777/1777 1778/1778/1778 1779/1779/1779 1780/1780/1780
f 1784/1784/1784 1782/1782/1782 1783/1783/1783
f 1782/1782/1782 1784/1784/1784 1781/1781/1781
f 1786/1786/1786 1787/1787/1787 1788/1788/1788 1785/1785/1785
f 1791/1791/1791 1792/1792/1792 1789/1789/1789
f 1789/1789/1789 1790/1790/1790 1791/1791/1791
f 1795/1795/1795 1796/1796/1796 1793/1793/1793 1794/1794/1794
f 1797/1797/1797 1798/1798/1798 1800/1800/1800 1799/1799/1799
v 1733.623779296875 2561.89990234375 56035.3515625 255 255 0
v 1833.623779296875 2561.89990234375 56035.3515625 255 255 0
v 1833.623779296875 2549.5 56035.3515625 255 255 0
v 1733.623779296875 2549.5 56035.3515625 255 255 0
v 1833.623779296875 2549.5 56035.3515625 255 255 0
v 1833.623779296875 2561.89990234375 56035.3515625 255 255 0
v 1833.623779296875 2561.89990234375 56135.76171875 255 255 0
v 1833.623779296875 2549.5 56135.76171875 255 255 0
v 1833.623779296875 2549.5 56135.76171875 255 255 0
v 1833.623779296875 2561.89990234375 56135.76171875 255 255 0
v 1733.623779296875 2561.89990234375 56135.76171875 255 255 0
v 1733.623779296875 2549.5 56135.76171875 255 255 0
v 1733.623779296875 2561.89990234375 56035.3515625 255 255 0
v 1733.623779296875 2549.5 56035.3515625 255 255 0
v 1733.623779296875 2549.5 56135.76171875 255 255 0
v 1733.623779296875 2561.89990234375 56135.76171875 255 255 0
v 1733.623779296875 2549.5 56035.3515625 255 255 0
v 1833.623779296875 2549.5 56035.3515625 255 255 0
v 1833.623779296875 2549.5 56135.76171875 255 255 0
v 1733.623779296875 2549.5 56135.76171875 255 255 0
v 1833.623779296875 2561.89990234375 56035.3515625 255 255 0
v 1733.623779296875 2561.89990234375 56035.3515625 255 255 0
v 1833.623779296875 2561.89990234375 56135.76171875 255 255 0
v 1733.623779296875 2561.89990234375 56135.76171875 255 255 0
vt 0.06206820160150528 0.49997499585151672
vt 0.06206820160150528 2.4997500077006407E-05
vt 0.12259833514690399 2.4997500077006407E-05
vt 0.12259833514690399 0.49997499585151672
vt 0.2466859370470047 0.50203251838684082
vt 0.18615579605102539 0.50203251838684082
vt 0.18615579605102539 2.4997500077006407E-05
vt 0.2466859370470047 2.4997500077006407E-05
vt 0.060554541647434235 0.49997499585151672
vt 2.4407312594121322E-05 0.49997499585151672
vt 2.4407312594121322E-05 2.4997500077006407E-05
vt 0.060554541647434235 2.4997500077006407E-05
vt 0.12411199510097504 2.4997500077006407E-05
vt 0.18464213609695435 2.4997500077006407E-05
vt 0.18464213609695435 0.50203251838684082
vt 0.12411199510097504 0.50203251838684082
vt 0.74874287843704224 0.50002491474151611
vt 0.74874287843704224 0.99851024150848389
vt 0.24820010364055634 0.99851024150848389
vt 0.24820010364055634 0.50002491474151611
vt 0.24820010364055634 0.4985102117061615
vt 0.24820010364055634 2.4924265744630247E-05
vt 0.74874287843704224 0.4985102117061615
vt 0.74874287843704224 2.4924265744630247E-05
vn 0 0 -1
vn 0 0 -1
vn 0 0 -1
vn 0 0 -1
vn 1 0 0
vn 1 0 0
vn 1 0 0
vn 1 0 0
vn 0 0 1
vn 0 0 1
vn 0 0 1
vn 0 0 1
vn -1 0 0
vn -1 0 0
vn -1 0 0
vn -1 0 0
vn 0 -1 0
vn 0 -1 0
vn 0 -1 0
vn 0 -1 0
vn 0 1 0
vn 0 1 0
vn 0 1 0
vn 0 1 0
f 1803/1803/1803 1801/1801/1801 1802/1802/1802
f 1801/1801/1801 1803/1803/1803 1804/1804/1804
f 1806/1806/1806 1807/1807/1807 1808/1808/1808 1805/1805/1805
f 1809/1809/1809 1810/1810/1810 1811/1811/1811
f 1811/1811/1811 1812/1812/1812 1809/1809/1809
f 1816/1816/1816 1813/1813/1813 1814/1814/1814 1815/1815/1815
f 1820/1820/1820 1817/1817/1817 1818/1818/1818 1819/1819/1819
f 1823/1823/1823 1821/1821/1821 1822/1822/1822 1824/1824/1824
v 1708.623779296875 2549.5 56160.3515625 255 255 0
v 1708.623779296875 2549.5 56010.3515625 255 255 0
v 1708.623779296875 2449.5 56010.3515625 255 255 0
v 1708.623779296875 2449.5 56160.3515625 255 255 0
v 1708.623779296875 2449.5 56010.3515625 255 255 0
v 1708.623779296875 2549.5 56010.3515625 255 255 0
v 1858.623779296875 2549.5 56010.3515625 255 255 0
v 1858.623779296875 2449.5 56010.3515625 255 255 0
v 1858.623779296875 2449.5 56010.3515625 255 255 0
v 1858.623779296875 2549.5 56010.3515625 255 255 0
v 1858.623779296875 2549.5 56160.3515625 255 255 0
v 1858.623779296875 2449.5 56160.3515625 255 255 0
v 1708.623779296875 2549.5 56160.3515625 255 255 0
v 1708.623779296875 2449.5 56160.3515625 255 255 0
v 1858.623779296875 2449.5 56160.3515625 255 255 0
v 1858.623779296875 2549.5 56160.3515625 255 255 0
v 1708.623779296875 2449.5 56160.3515625 255 255 0
v 1708.623779296875 2449.5 56010.3515625 255 255 0
v 1858.623779296875 2449.5 56010.3515625 255 255 0
v 1858.623779296875 2449.5 56160.3515625 255 255 0
v 1708.623779296875 2549.5 56010.3515625 255 255 0
v 1708.623779296875 2549.5 56160.3515625 255 255 0
v 1858.623779296875 2549.5 56010.3515625 255 255 0
v 1858.623779296875 2549.5 56160.3515625 255 255 0
vt 0.71429586410522461 0.42708417773246765
vt 0.71429586410522461 1.4235664821171667E-05
vt 0.99852097034454346 1.4235664821171667E-05
vt 0.99852097034454346 0.42708417773246765
vt 0.99852097034454346 0.85564744472503662
vt 0.71429586410522461 0.85564744472503662
vt 0.71429586410522461 0.42857751250267029
vt 0.99852097034454346 0.42857751250267029
vt 0.71280258893966675 0.42708417773246765
vt 0.4285774827003479 0.42708417773246765
vt 0.4285774827003479 1.4235664821171667E-05
vt 0.71280258893966675 1.4235664821171667E-05
vt 0.4285774827003479 0.42857751250267029
vt 0.71280258893966675 0.42857751250267029
vt 0.71280258893966675 0.85564744472503662
vt 0.4285774827003479 0.85564744472503662
vt 0.42708417773246765 0.85564744472503662
vt 1.4230490705813281E-05 0.85564744472503662
vt 1.4230490705813281E-05 0.42857751250267029
vt 0.42708417773246765 0.42857751250267029
vt 1.4230490705813281E-05 1.4235664821171667E-05
vt 0.42708417773246765 1.4235664821171667E-05
vt 1.4230490705813281E-05 0.42708417773246765
vt 0.42708417773246765 0.42708417773246765
vn -1 0 0
vn -1 0 0
vn -1 0 0
vn -1 0 0
vn 0 0 -1
vn 0 0 -1
vn 0 0 -1
vn 0 0 -1
vn 1 0 0
vn 1 0 0
vn 1 0 0
vn 1 0 0
vn 0 0 1
vn 0 0 1
vn 0 0 1
vn 0 0 1
vn 0 -1 0
vn 0 -1 0
vn 0 -1 0
vn 0 -1 0
vn 0 1 0
vn 0 1 0
vn 0 1 0
vn 0 1 0
f 1825/1825/1825 1826/1826/1826 1827/1827/1827 1828/1828/1828
f 1829/1829/1829 1830/1830/1830 1831/1831/1831
f 1831/1831/1831 1832/1832/1832 1829/1829/1829
f 1834/1834/1834 1835/1835/1835 1836/1836/1836 1833/1833/1833
f 1838/1838/1838 1840/1840/1840 1837/1837/1837
f 1840/1840/1840 1838/1838/1838 1839/1839/1839
f 1843/1843/1843 1844/1844/1844 1841/1841/1841 1842/1842/1842
f 1845/1845/1845 1846/1846/1846 1848/1848/1848 1847/1847/1847
v 1718.623779296875 2449.5 56150.3515625 255 255 0
v 1718.623779296875 2449.5 56020.3515625 255 255 0
v 1718.623779296875 2444.5 56020.3515625 255 255 0
v 1718.623779296875 2444.5 56150.3515625 255 255 0
v 1718.623779296875 2444.5 56020.3515625 255 255 0
v 1718.623779296875 2449.5 56020.3515625 255 255 0
v 1848.623779296875 2449.5 56020.3515625 255 255 0
v 1848.623779296875 2444.5 56020.3515625 255 255 0
v 1848.623779296875 2444.5 56020.3515625 255 255 0
v 1848.623779296875 2449.5 56020.3515625 255 255 0
v 1848.623779296875 2449.5 56150.3515625 255 255 0
v 1848.623779296875 2444.5 56150.3515625 255 255 0
v 1718.623779296875 2449.5 56150.3515625 255 255 0
v 1718.623779296875 2444.5 56150.3515625 255 255 0
v 1848.623779296875 2444.5 56150.3515625 255 255 0
v 1848.623779296875 2449.5 56150.3515625 255 255 0
v 1718.623779296875 2444.5 56150.3515625 255 255 0
v 1718.623779296875 2444.5 56020.3515625 255 255 0
v 1848.623779296875 2444.5 56020.3515625 255 255 0
v 1848.623779296875 2444.5 56150.3515625 255 255 0
v 1718.623779296875 2449.5 56020.3515625 255 255 0
v 1718.623779296875 2449.5 56150.3515625 255 255 0
v 1848.623779296875 2449.5 56020.3515625 255 255 0
v 1848.623779296875 2449.5 56150.3515625 255 255 0
vt 0.019285516813397408 0.49998077750205994
vt 0.019285516813397408 1.9229290046496317E-05
vt 0.037052884697914124 1.9229290046496317E-05
vt 0.037052884697914124 0.49998077750205994
vt 0.017785137519240379 0.49998077750205994
vt 1.7767370081855915E-05 0.49998077750205994
vt 1.7767370081855915E-05 1.9229290046496317E-05
vt 0.017785137519240379 1.9229290046496317E-05
vt 0.07558838278055191 0.49998077750205994
vt 0.057821013033390045 0.49998077750205994
vt 0.057821013033390045 1.9229290046496317E-05
vt 0.07558838278055191 1.9229290046496317E-05
vt 0.038553263992071152 1.9229290046496317E-05
vt 0.056320633739233017 1.9229290046496317E-05
vt 0.056320633739233017 0.49998077750205994
vt 0.038553263992071152 0.49998077750205994
vt 0.57558697462081909 0.99851596355438232
vt 0.077090159058570862 0.99851596355438232
vt 0.077090159058570862 0.50001919269561768
vt 0.57558697462081909 0.50001919269561768
vt 0.077090159058570862 1.9172954125679098E-05
vt 0.57558697462081909 1.9172954125679098E-05
vt 0.077090159058570862 0.49851599335670471
vt 0.57558697462081909 0.49851599335670471
vn -1 0 0
vn -1 0 0
vn -1 0 0
vn -1 0 0
vn 0 0 -1
vn 0 0 -1
vn 0 0 -1
vn 0 0 -1
vn 1 0 0
vn 1 0 0
vn 1 0 0
vn 1 0 0
vn 0 0 1
vn 0 0 1
vn 0 0 1
vn 0 0 1
vn 0 -1 0
vn 0 -1 0
vn 0 -1 0
vn 0 -1 0
vn 0 1 0
vn 0 1 0
vn 0 1 0
vn 0 1 0
f 1849/1849/1849 1850/1850/1850 1851/1851/1851 1852/1852/1852
f 1854/1854/1854 1855/1855/1855 1856/1856/1856 1853/1853/1853
f 1858/1858/1858 1859/1859/1859 1860/1860/1860 1857/1857/1857
f 1864/1864/1864 1861/1861/1861 1862/1862/1862 1863/1863/1863
f 1867/1867/1867 1868/1868/1868 1865/1865/1865 1866/1866/1866
f 1869/1869/1869 1870/1870/1870 1872/1872/1872 1871/1871/1871
v 1848.623779296875 2449.5 56020.3515625 255 255 0
v 1718.623779296875 2449.5 56020.3515625 255 255 0
v 1718.623779296875 2444.5 56020.3515625 255 255 0
v 1848.623779296875 2444.5 56020.3515625 255 255 0
v 1718.623779296875 2444.5 56020.3515625 255 255 0
v 1718.623779296875 2449.5 56020.3515625 255 255 0
v 1718.623779296875 2449.5 56150.3515625 255 255 0
v 1718.623779296875 2444.5 56150.3515625 255 255 0
v 1718.623779296875 2444.5 56150.3515625 255 255 0
v 1718.623779296875 2449.5 56150.3515625 255 255 0
v 1848.623779296875 2449.5 56150.3515625 255 255 0
v 1848.623779296875 2444.5 56150.3515625 255 255 0
v 1848.623779296875 2449.5 56020.3515625 255 255 0
v 1848.623779296875 2444.5 56020.3515625 255 255 0
v 1848.623779296875 2444.5 56150.3515625 255 255 0
v 1848.623779296875 2449.5 56150.3515625 255 255 0
v 1708.623779296875 2449.5 56160.3515625 255 255 0
v 1708.623779296875 2449.5 56010.3515625 255 255 0
v 1708.623779296875 2444.5 56010.3515625 255 255 0
v 1708.623779296875 2444.5 56160.3515625 255 255 0
v 1708.623779296875 2444.5 56010.3515625 255 255 0
v 1708.623779296875 2449.5 56010.3515625 255 255 0
v 1858.623779296875 2449.5 56010.3515625 255 255 0
v 1858.623779296875 2444.5 56010.3515625 255 255 0
v 1858.623779296875 2444.5 56010.3515625 255 255 0
v 1858.623779296875 2449.5 56010.3515625 255 255 0
v 1858.623779296875 2449.5 56160.3515625 255 255 0
v 1858.623779296875 2444.5 56160.3515625 255 255 0
v 1708.623779296875 2449.5 56160.3515625 255 255 0
v 1708.623779296875 2444.5 56160.3515625 255 255 0
v 1858.623779296875 2444.5 56160.3515625 255 255 0
v 1858.623779296875 2449.5 56160.3515625 255 255 0
v 1848.623779296875 2444.5 56020.3515625 255 255 0
v 1718.623779296875 2444.5 56020.3515625 255 255 0
v 1718.623779296875 2444.5 56150.3515625 255 255 0
v 1848.623779296875 2444.5 56150.3515625 255 255 0
v 1708.623779296875 2444.5 56160.3515625 255 255 0
v 1708.623779296875 2444.5 56010.3515625 255 255 0
v 1858.623779296875 2444.5 56010.3515625 255 255 0
v 1858.623779296875 2444.5 56160.3515625 255 255 0
v 1718.623779296875 2449.5 56020.3515625 255 255 0
v 1848.623779296875 2449.5 56020.3515625 255 255 0
v 1718.623779296875 2449.5 56150.3515625 255 255 0
v 1848.623779296875 2449.5 56150.3515625 255 255 0
v 1708.623779296875 2449.5 56010.3515625 255 255 0
v 1708.623779296875 2449.5 56160.3515625 255 255 0
v 1858.623779296875 2449.5 56010.3515625 255 255 0
v 1858.623779296875 2449.5 56160.3515625 255 255 0
vt 0.01671409048140049 0.43332111835479736
vt 0.01671409048140049 1.6665555449435487E-05
vt 0.031917724758386612 1.6665555449435487E-05
vt 0.031917724758386612 0.43332111835479736
vt 0.015218839049339294 0.43332111835479736
vt 1.5203635484795086E-05 0.43332111835479736
vt 1.5203635484795086E-05 1.6665555449435487E-05
vt 0.015218839049339294 1.6665555449435487E-05
vt 0.065315499901771545 0.43332111835479736
vt 0.050111863762140274 0.43332111835479736
vt 0.050111863762140274 1.6665555449435487E-05
vt 0.065315499901771545 1.6665555449435487E-05
vt 0.033412978053092957 1.6665555449435487E-05
vt 0.048616614192724228 1.6665555449435487E-05
vt 0.048616614192724228 0.43332111835479736
vt 0.033412978053092957 0.43332111835479736
vt 0.083509638905525208 0.49998334050178528
vt 0.083509638905525208 1.6665555449435487E-05
vt 0.09871327131986618 1.6665555449435487E-05
vt 0.09871327131986618 0.49998334050178528
vt 0.082014389336109161 0.49998334050178528
vt 0.066810749471187592 0.49998334050178528
vt 0.066810749471187592 1.6665555449435487E-05
vt 0.082014389336109161 1.6665555449435487E-05
vt 0.13211104273796082 0.49998334050178528
vt 0.11690741032361984 0.49998334050178528
vt 0.11690741032361984 1.6665555449435487E-05
vt 0.13211104273796082 1.6665555449435487E-05
vt 0.10020852088928223 1.6665555449435487E-05
vt 0.1154121607542038 1.6665555449435487E-05
vt 0.1154121607542038 0.49998334050178528
vt 0.10020852088928223 0.49998334050178528
vt 0.16684117913246155 0.53325009346008301
vt 0.16684117913246155 0.96528506278991699
vt 0.59887617826461792 0.96528506278991699
vt 0.59887617826461792 0.53325009346008301
vt 0.63210964202880859 0.99851852655410767
vt 0.13360770046710968 0.99851852655410767
vt 0.13360770046710968 0.50001662969589233
vt 0.63210964202880859 0.50001662969589233
vt 0.16684117913246155 0.033250078558921814
vt 0.16684117913246155 0.46528506278991699
vt 0.59887617826461792 0.033250078558921814
vt 0.59887617826461792 0.46528506278991699
vt 0.13360770046710968 1.661673013586551E-05
vt 0.63210964202880859 1.661673013586551E-05
vt 0.13360770046710968 0.49851855635643005
vt 0.63210964202880859 0.49851855635643005
vn 0 0 1
vn 0 0 1
vn 0 0 1
vn 0 0 1
vn 1 0 0
vn 1 0 0
vn 1 0 0
vn 1 0 0
vn 0 0 -1
vn 0 0 -1
vn 0 0 -1
vn 0 0 -1
vn -1 0 0
vn -1 0 0
vn -1 0 0
vn -1 0 0
vn -1 0 0
vn -1 0 0
vn -1 0 0
vn -1 0 0
vn 0 0 -1
vn 0 0 -1
vn 0 0 -1
vn 0 0 -1
vn 1 0 0
vn 1 0 0
vn 1 0 0
vn 1 0 0
vn 0 0 1
vn 0 0 1
vn 0 0 1
vn 0 0 1
vn 0 -1 0
vn 0 -1 0
vn 0 -1 0
vn 0 -1 0
vn 0 -1 0
vn 0 -1 0
vn 0 -1 0
vn 0 -1 0
vn 0 1 0
vn 0 1 0
vn 0 1 0
vn 0 1 0
vn 0 1 0
vn 0 1 0
vn 0 1 0
vn 0 1 0
f 1873/1873/1873 1874/1874/1874 1875/1875/1875 1876/1876/1876
f 1878/1878/1878 1879/1879/1879 1880/1880/1880 1877/1877/1877
f 1882/1882/1882 1883/1883/1883 1884/1884/1884 1881/1881/1881
f 1888/1888/1888 1885/1885/1885 1886/1886/1886 1887/1887/1887
f 1889/1889/1889 1890/1890/1890 1891/1891/1891 1892/1892/1892
f 1894/1894/1894 1895/1895/1895 1896/1896/1896 1893/1893/1893
f 1898/1898/1898 1899/1899/1899 1900/1900/1900 1897/1897/1897
f 1904/1904/1904 1901/1901/1901 1902/1902/1902 1903/1903/1903
f 1908/1908/1908 1905/1905/1905 1911/1911/1911 1912/1912/1912
f 1907/1907/1907 1908/1908/1908 1912/1912/1912 1909/1909/1909
f 1905/1905/1905 1906/1906/1906 1910/1910/1910 1911/1911/1911
f 1906/1906/1906 1907/1907/1907 1909/1909/1909 1910/1910/1910
f 1915/1915/1915 1913/1913/1913 1917/1917/1917 1918/1918/1918
f 1918/1918/1918 1920/1920/1920 1916/1916/1916 1915/1915/1915
f 1919/1919/1919 1917/1917/1917 1913/1913/1913 1914/1914/1914
f 1914/1914/1914 1916/1916/1916 1920/1920/1920 1919/1919/1919
v 1327.9609375 2632 54755.5390625 255 255 0
v 1207.9609375 2632 54755.5390625 255 255 0
v 1207.9609375 2582 54755.5390625 255 255 0
v 1327.9609375 2582 54755.5390625 255 255 0
v 1207.9609375 2582 54755.5390625 255 255 0
v 1207.9609375 2632 54755.5390625 255 255 0
v 1207.9609375 2632 54655.5390625 255 255 0
v 1207.9609375 2582 54655.5390625 255 255 0
v 1207.9609375 2582 54655.5390625 255 255 0
v 1207.9609375 2632 54655.5390625 255 255 0
v 1327.9609375 2632 54655.5390625 255 255 0
v 1327.9609375 2582 54655.5390625 255 255 0
v 1327.9609375 2632 54755.5390625 255 255 0
v 1327.9609375 2582 54755.5390625 255 255 0
v 1327.9609375 2582 54655.5390625 255 255 0
v 1327.9609375 2632 54655.5390625 255 255 0
v 1327.9609375 2582 54755.5390625 255 255 0
v 1207.9609375 2582 54755.5390625 255 255 0
v 1207.9609375 2582 54655.5390625 255 255 0
v 1327.9609375 2582 54655.5390625 255 255 0
v 1207.9609375 2632 54755.5390625 255 255 0
v 1327.9609375 2632 54755.5390625 255 255 0
v 1207.9609375 2632 54655.5390625 255 255 0
v 1327.9609375 2632 54655.5390625 255 255 0
vt 0.50002074241638184 0.62505191564559937
vt 0.99851441383361816 0.62505191564559937
vt 0.99851441383361816 0.83190333843231201
vt 0.50002074241638184 0.83190333843231201
vt 0.95833683013916016 0.4151880145072937
vt 0.75002080202102661 0.4151880145072937
vt 0.75002080202102661 2.075836164294742E-05
vt 0.95833683013916016 2.075836164294742E-05
vt 0.50002074241638184 0.62354570627212524
vt 0.50002074241638184 0.4166942834854126
vt 0.99851441383361816 0.4166942834854126
vt 0.99851441383361816 0.62354570627212524
vt 0.50002080202102661 2.075836164294742E-05
vt 0.70833683013916016 2.075836164294742E-05
vt 0.70833683013916016 0.4151880145072937
vt 0.50002080202102661 0.4151880145072937
vt 0.49851438403129578 0.83190327882766724
vt 2.0770792616531253E-05 0.83190327882766724
vt 2.0770792616531253E-05 0.41671520471572876
vt 0.49851438403129578 0.41671520471572876
vt 2.0770792616531253E-05 2.0759403923875652E-05
vt 0.49851438403129578 2.0759403923875652E-05
vt 2.0770792616531253E-05 0.4152088463306427
vt 0.49851438403129578 0.4152088463306427
vn 0 0 1
vn 0 0 1
vn 0 0 1
vn 0 0 1
vn -1 0 0
vn -1 0 0
vn -1 0 0
vn -1 0 0
vn 0 0 -1
vn 0 0 -1
vn 0 0 -1
vn 0 0 -1
vn 1 0 0
vn 1 0 0
vn 1 0 0
vn 1 0 0
vn 0 -1 0
vn 0 -1 0
vn 0 -1 0
vn 0 -1 0
vn 0 1 0
vn 0 1 0
vn 0 1 0
vn 0 1 0
f 1921/1921/1921 1922/1922/1922 1923/1923/1923 1924/1924/1924
f 1925/1925/1925 1926/1926/1926 1927/1927/1927
f 1927/1927/1927 1928/1928/1928 1925/1925/1925
f 1930/1930/1930 1931/1931/1931 1932/1932/1932 1929/1929/1929
f 1934/1934/1934 1936/1936/1936 1933/1933/1933
f 1936/1936/1936 1934/1934/1934 1935/1935/1935
f 1939/1939/1939 1940/1940/1940 1937/1937/1937 1938/1938/1938
f 1941/1941/1941 1942/1942/1942 1944/1944/1944 1943/1943/1943
v 1157.3359375 2582 54806.1640625 255 255 0
v 1157.3359375 2582 54604.9140625 255 255 0
v 1157.3359375 2569.5 54604.9140625 255 255 0
v 1157.3359375 2569.5 54806.1640625 255 255 0
v 1157.3359375 2569.5 54604.9140625 255 255 0
v 1157.3359375 2582 54604.9140625 255 255 0
v 1174.5859375 2582 54604.9140625 255 255 0
v 1174.5859375 2569.5 54604.9140625 255 255 0
v 1174.5859375 2569.5 54604.9140625 255 255 0
v 1174.5859375 2582 54604.9140625 255 255 0
v 1174.5859375 2582 54806.1640625 255 255 0
v 1174.5859375 2569.5 54806.1640625 255 255 0
v 1157.3359375 2582 54806.1640625 255 255 0
v 1157.3359375 2569.5 54806.1640625 255 255 0
v 1174.5859375 2569.5 54806.1640625 255 255 0
v 1174.5859375 2582 54806.1640625 255 255 0
v 1157.3359375 2569.5 54806.1640625 255 255 0
v 1157.3359375 2569.5 54604.9140625 255 255 0
v 1174.5859375 2569.5 54604.9140625 255 255 0
v 1174.5859375 2569.5 54806.1640625 255 255 0
v 1157.3359375 2582 54604.9140625 255 255 0
v 1157.3359375 2582 54806.1640625 255 255 0
v 1174.5859375 2582 54604.9140625 255 255 0
v 1174.5859375 2582 54806.1640625 255 255 0
vt 0.079008758068084717 0.72752189636230469
vt 0.99851232767105103 0.72752189636230469
vt 0.99851232767105103 0.78472495079040527
vt 0.079008758068084717 0.78472495079040527
vt 0.59671884775161743 0.078963026404380798
vt 0.53951585292816162 0.078963026404380798
vt 0.53951585292816162 2.2881200493429787E-05
vt 0.59671884775161743 2.2881200493429787E-05
vt 0.079008758068084717 0.59120988845825195
vt 0.079008758068084717 0.53400689363479614
vt 0.99851232767105103 0.53400689363479614
vt 0.99851232767105103 0.59120988845825195
vt 0.079008787870407104 2.2881200493429787E-05
vt 0.13621178269386292 2.2881200493429787E-05
vt 0.13621178269386292 0.078963026404380798
vt 0.079008787870407104 0.078963026404380798
vt 0.99851232767105103 0.3459550142288208
vt 0.079008758068084717 0.3459550142288208
vt 0.079008758068084717 0.26701486110687256
vt 0.99851232767105103 0.26701486110687256
vt 2.2456853912444785E-05 0.91952639818191528
vt 2.2456853912444785E-05 2.2844809791422449E-05
vt 0.077498607337474823 0.91952639818191528
vt 0.077498607337474823 2.2844809791422449E-05
vn -1 0 0
vn -1 0 0
vn -1 0 0
vn -1 0 0
vn 0 0 -1
vn 0 0 -1
vn 0 0 -1
vn 0 0 -1
vn 1 0 0
vn 1 0 0
vn 1 0 0
vn 1 0 0
vn 0 0 1
vn 0 0 1
vn 0 0 1
vn 0 0 1
vn 0 -1 0
vn 0 -1 0
vn 0 -1 0
vn 0 -1 0
vn 0 1 0
vn 0 1 0
vn 0 1 0
vn 0 1 0
f 1948/1948/1948 1945/1945/1945 1946/1946/1946
f 1946/1946/1946 1947/1947/1947 1948/1948/1948
f 1950/1950/1950 1951/1951/1951 1952/1952/1952 1949/1949/1949
f 1956/1956/1956 1954/1954/1954 1955/1955/1955
f 1954/1954/1954 1956/1956/1956 1953/1953/1953
f 1960/1960/1960 1957/1957/1957 1958/1958/1958 1959/1959/1959
f 1963/1963/1963 1964/1964/1964 1961/1961/1961 1962/1962/1962
f 1965/1965/1965 1966/1966/1966 1968/1968/1968 1967/1967/1967
v 1358.5859375 2582 54806.1640625 255 255 0
v 1341.3359375 2582 54806.1640625 255 255 0
v 1341.3359375 2569.5 54806.1640625 255 255 0
v 1358.5859375 2569.5 54806.1640625 255 255 0
v 1341.3359375 2569.5 54806.1640625 255 255 0
v 1341.3359375 2582 54806.1640625 255 255 0
v 1341.3359375 2582 54604.9140625 255 255 0
v 1341.3359375 2569.5 54604.9140625 255 255 0
v 1341.3359375 2569.5 54604.9140625 255 255 0
v 1341.3359375 2582 54604.9140625 255 255 0
v 1358.5859375 2582 54604.9140625 255 255 0
v 1358.5859375 2569.5 54604.9140625 255 255 0
v 1358.5859375 2582 54806.1640625 255 255 0
v 1358.5859375 2569.5 54806.1640625 255 255 0
v 1358.5859375 2569.5 54604.9140625 255 255 0
v 1358.5859375 2582 54604.9140625 255 255 0
v 1358.5859375 2569.5 54806.1640625 255 255 0
v 1341.3359375 2569.5 54806.1640625 255 255 0
v 1341.3359375 2569.5 54604.9140625 255 255 0
v 1358.5859375 2569.5 54604.9140625 255 255 0
v 1341.3359375 2582 54806.1640625 255 255 0
v 1358.5859375 2582 54806.1640625 255 255 0
v 1341.3359375 2582 54604.9140625 255 255 0
v 1358.5859375 2582 54604.9140625 255 255 0
vt 0.53951585292816162 0.078963026404380798
vt 0.53951585292816162 2.2881200493429787E-05
vt 0.59671884775161743 2.2881200493429787E-05
vt 0.59671884775161743 0.078963026404380798
vt 0.079008758068084717 0.78472495079040527
vt 0.079008758068084717 0.72752189636230469
vt 0.99851232767105103 0.72752189636230469
vt 0.99851232767105103 0.78472495079040527
vt 0.13621178269386292 0.078963026404380798
vt 0.079008787870407104 0.078963026404380798
vt 0.079008787870407104 2.2881200493429787E-05
vt 0.13621178269386292 2.2881200493429787E-05
vt 0.99851232767105103 0.53400689363479614
vt 0.99851232767105103 0.59120988845825195
vt 0.079008758068084717 0.59120988845825195
vt 0.079008758068084717 0.53400689363479614
vt 0.99851232767105103 0.26701486110687256
vt 0.99851232767105103 0.3459550142288208
vt 0.07900875061750412 0.3459550142288208
vt 0.07900875061750412 0.26701486110687256
vt 2.2456189981312491E-05 2.2844809791422449E-05
vt 0.077498607337474823 2.2844809791422449E-05
vt 2.2456189981312491E-05 0.91952639818191528
vt 0.077498607337474823 0.91952639818191528
vn 0 0 1
vn 0 0 1
vn 0 0 1
vn 0 0 1
vn -1 0 0
vn -1 0 0
vn -1 0 0
vn -1 0 0
vn 0 0 -1
vn 0 0 -1
vn 0 0 -1
vn 0 0 -1
vn 1 0 0
vn 1 0 0
vn 1 0 0
vn 1 0 0
vn 0 -1 0
vn 0 -1 0
vn 0 -1 0
vn 0 -1 0
vn 0 1 0
vn 0 1 0
vn 0 1 0
vn 0 1 0
f 1969/1969/1969 1970/1970/1970 1971/1971/1971 1972/1972/1972
f 1973/1973/1973 1974/1974/1974 1975/1975/1975
f 1975/1975/1975 1976/1976/1976 1973/1973/1973
f 1978/1978/1978 1979/1979/1979 1980/1980/1980 1977/1977/1977
f 1982/1982/1982 1984/1984/1984 1981/1981/1981
f 1984/1984/1984 1982/1982/1982 1983/1983/1983
f 1987/1987/1987 1988/1988/1988 1985/1985/1985 1986/1986/1986
f 1989/1989/1989 1990/1990/1990 1992/1992/1992 1991/1991/1991
v 1207.9609375 2582 54755.5390625 255 255 0
v 1207.9609375 2582 54655.5390625 255 255 0
v 1207.9609375 2569.5 54655.5390625 255 255 0
v 1207.9609375 2569.5 54755.5390625 255 255 0
v 1207.9609375 2569.5 54655.5390625 255 255 0
v 1207.9609375 2582 54655.5390625 255 255 0
v 1308.3724365234375 2582 54655.5390625 255 255 0
v 1308.3724365234375 2569.5 54655.5390625 255 255 0
v 1308.3724365234375 2569.5 54655.5390625 255 255 0
v 1308.3724365234375 2582 54655.5390625 255 255 0
v 1308.3724365234375 2582 54755.5390625 255 255 0
v 1308.3724365234375 2569.5 54755.5390625 255 255 0
v 1207.9609375 2582 54755.5390625 255 255 0
v 1207.9609375 2569.5 54755.5390625 255 255 0
v 1308.3724365234375 2569.5 54755.5390625 255 255 0
v 1308.3724365234375 2582 54755.5390625 255 255 0
v 1207.9609375 2569.5 54755.5390625 255 255 0
v 1207.9609375 2569.5 54655.5390625 255 255 0
v 1308.3724365234375 2569.5 54655.5390625 255 255 0
v 1308.3724365234375 2569.5 54755.5390625 255 255 0
v 1207.9609375 2582 54655.5390625 255 255 0
v 1207.9609375 2582 54755.5390625 255 255 0
v 1308.3724365234375 2582 54655.5390625 255 255 0
v 1308.3724365234375 2582 54755.5390625 255 255 0
vt 0.062568157911300659 0.49997499585151672
vt 0.062568157911300659 2.4997500077006407E-05
vt 0.12359823286533356 2.4997500077006407E-05
vt 0.12359823286533356 0.49997499585151672
vt 0.18614198267459869 0.50203251838684082
vt 0.1251119077205658 0.50203251838684082
vt 0.1251119077205658 2.4997500077006407E-05
vt 0.18614198267459869 2.4997500077006407E-05
vt 0.061054486781358719 0.49997499585151672
vt 2.441203105263412E-05 0.49997499585151672
vt 2.441203105263412E-05 2.4997500077006407E-05
vt 0.061054486781358719 2.4997500077006407E-05
vt 0.18765564262866974 2.4997500077006407E-05
vt 0.24868571758270264 2.4997500077006407E-05
vt 0.24868571758270264 0.50203251838684082
vt 0.18765564262866974 0.50203251838684082
vt 0.75074267387390137 2.4924265744630247E-05
vt 0.75074267387390137 0.4985102117061615
vt 0.25019991397857666 0.4985102117061615
vt 0.25019991397857666 2.4924265744630247E-05
vt 0.25019991397857666 0.99851024150848389
vt 0.25019991397857666 0.50002491474151611
vt 0.75074267387390137 0.99851024150848389
vt 0.75074267387390137 0.50002491474151611
vn -1 0 0
vn -1 0 0
vn -1 0 0
vn -1 0 0
vn 0 0 -1
vn 0 0 -1
vn 0 0 -1
vn 0 0 -1
vn 1 0 0
vn 1 0 0
vn 1 0 0
vn 1 0 0
vn 0 0 1
vn 0 0 1
vn 0 0 1
vn 0 0 1
vn 0 -1 0
vn 0 -1 0
vn 0 -1 0
vn 0 -1 0
vn 0 1 0
vn 0 1 0
vn 0 1 0
vn 0 1 0
f 1995/1995/1995 1993/1993/1993 1994/1994/1994
f 1993/1993/1993 1995/1995/1995 1996/1996/1996
f 1998/1998/1998 1999/1999/1999 2000/2000/2000 1997/1997/1997
f 2001/2001/2001 2002/2002/2002 2003/2003/2003
f 2003/2003/2003 2004/2004/2004 2001/2001/2001
f 2008/2008/2008 2005/2005/2005 2006/2006/2006 2007/2007/2007
f 2010/2010/2010 2011/2011/2011 2012/2012/2012
f 2012/2012/2012 2009/2009/2009 2010/2010/2010
f 2015/2015/2015 2013/2013/2013 2014/2014/2014
f 2014/2014/2014 2016/2016/2016 2015/2015/2015
v 1401.7109375 2569.5 54849.2890625 255 255 0
v 1114.2109375 2569.5 54849.2890625 255 255 0
v 1114.2109375 2469.5 54849.2890625 255 255 0
v 1401.7109375 2469.5 54849.2890625 255 255 0
v 1114.2109375 2469.5 54849.2890625 255 255 0
v 1114.2109375 2569.5 54849.2890625 255 255 0
v 1114.2109375 2569.5 54561.7890625 255 255 0
v 1114.2109375 2469.5 54561.7890625 255 255 0
v 1114.2109375 2469.5 54561.7890625 255 255 0
v 1114.2109375 2569.5 54561.7890625 255 255 0
v 1401.7109375 2569.5 54561.7890625 255 255 0
v 1401.7109375 2469.5 54561.7890625 255 255 0
v 1401.7109375 2569.5 54849.2890625 255 255 0
v 1401.7109375 2469.5 54849.2890625 255 255 0
v 1401.7109375 2469.5 54561.7890625 255 255 0
v 1401.7109375 2569.5 54561.7890625 255 255 0
v 1401.7109375 2469.5 54849.2890625 255 255 0
v 1114.2109375 2469.5 54849.2890625 255 255 0
v 1114.2109375 2469.5 54561.7890625 255 255 0
v 1401.7109375 2469.5 54561.7890625 255 255 0
v 1114.2109375 2569.5 54849.2890625 255 255 0
v 1401.7109375 2569.5 54849.2890625 255 255 0
v 1114.2109375 2569.5 54561.7890625 255 255 0
v 1401.7109375 2569.5 54561.7890625 255 255 0
vt 8.6767831817269325E-06 0.25000870227813721
vt 0.49852648377418518 0.25000870227813721
vt 0.49852648377418518 0.42391568422317505
vt 8.6767831817269325E-06 0.42391568422317505
vt 8.6767831817269325E-06 0.92391568422317505
vt 8.6767831817269325E-06 0.75000870227813721
vt 0.49852648377418518 0.75000870227813721
vt 0.49852648377418518 0.92391568422317505
vt 8.6767831817269325E-06 0.17391568422317505
vt 8.6767831817269325E-06 8.6953496065689251E-06
vt 0.49852648377418518 8.6953496065689251E-06
vt 0.49852648377418518 0.17391568422317505
vt 0.49852648377418518 0.50000870227813721
vt 0.49852648377418518 0.67391568422317505
vt 8.6767831817269325E-06 0.67391568422317505
vt 8.6767831817269325E-06 0.50000870227813721
vt 0.99852651357650757 0.99852645397186279
vt 0.50000870227813721 0.99852645397186279
vt 0.50000870227813721 0.50000864267349243
vt 0.99852651357650757 0.50000864267349243
vt 0.50000870227813721 8.6698746599722654E-06
vt 0.99852651357650757 8.6698746599722654E-06
vt 0.50000870227813721 0.49852648377418518
vt 0.99852651357650757 0.49852648377418518
vn 0 0 1
vn 0 0 1
vn 0 0 1
vn 0 0 1
vn -1 0 0
vn -1 0 0
vn -1 0 0
vn -1 0 0
vn 0 0 -1
vn 0 0 -1
vn 0 0 -1
vn 0 0 -1
vn 1 0 0
vn 1 0 0
vn 1 0 0
vn 1 0 0
vn 0 -1 0
vn 0 -1 0
vn 0 -1 0
vn 0 -1 0
vn 0 1 0
vn 0 1 0
vn 0 1 0
vn 0 1 0
f 2017/2017/2017 2018/2018/2018 2019/2019/2019 2020/2020/2020
f 2021/2021/2021 2022/2022/2022 2023/2023/2023
f 2023/2023/2023 2024/2024/2024 2021/2021/2021
f 2026/2026/2026 2027/2027/2027 2028/2028/2028 2025/2025/2025
f 2030/2030/2030 2032/2032/2032 2029/2029/2029
f 2032/2032/2032 2030/2030/2030 2031/2031/2031
f 2035/2035/2035 2036/2036/2036 2033/2033/2033 2034/2034/2034
f 2037/2037/2037 2038/2038/2038 2040/2040/2040 2039/2039/2039
v 1391.7109375 2469.5 54839.2890625 255 255 0
v 1124.2109375 2469.5 54839.2890625 255 255 0
v 1124.2109375 2434.5 54839.2890625 255 255 0
v 1391.7109375 2434.5 54839.2890625 255 255 0
v 1124.2109375 2434.5 54839.2890625 255 255 0
v 1124.2109375 2469.5 54839.2890625 255 255 0
v 1124.2109375 2469.5 54571.7890625 255 255 0
v 1124.2109375 2434.5 54571.7890625 255 255 0
v 1124.2109375 2434.5 54571.7890625 255 255 0
v 1124.2109375 2469.5 54571.7890625 255 255 0
v 1391.7109375 2469.5 54571.7890625 255 255 0
v 1391.7109375 2434.5 54571.7890625 255 255 0
v 1391.7109375 2469.5 54839.2890625 255 255 0
v 1391.7109375 2434.5 54839.2890625 255 255 0
v 1391.7109375 2434.5 54571.7890625 255 255 0
v 1391.7109375 2469.5 54571.7890625 255 255 0
v 1391.7109375 2434.5 54839.2890625 255 255 0
v 1124.2109375 2434.5 54839.2890625 255 255 0
v 1124.2109375 2434.5 54571.7890625 255 255 0
v 1391.7109375 2434.5 54571.7890625 255 255 0
v 1124.2109375 2469.5 54839.2890625 255 255 0
v 1391.7109375 2469.5 54839.2890625 255 255 0
v 1124.2109375 2469.5 54571.7890625 255 255 0
v 1391.7109375 2469.5 54571.7890625 255 255 0
vt 0.065445944666862488 0.49999064207077026
vt 0.065445944666862488 9.3454445959650911E-06
vt 0.1293996274471283 9.3454445959650911E-06
vt 0.1293996274471283 0.49999064207077026
vt 0.063962824642658234 0.49999064207077026
vt 9.1362417151685804E-06 0.49999064207077026
vt 9.1362417151685804E-06 9.3454445959650911E-06
vt 0.063962824642658234 9.3454445959650911E-06
vt 0.26027324795722961 0.49999064207077026
vt 0.19631955027580261 0.49999064207077026
vt 0.19631955027580261 9.3454445959650911E-06
vt 0.26027324795722961 9.3454445959650911E-06
vt 0.13088275492191315 9.3454445959650911E-06
vt 0.19483643770217896 9.3454445959650911E-06
vt 0.19483643770217896 0.49999064207077026
vt 0.13088275492191315 0.49999064207077026
vt 0.7602730393409729 0.99852579832077026
vt 0.26175656914710999 0.99852579832077026
vt 0.26175656914710999 0.50000929832458496
vt 0.7602730393409729 0.50000929832458496
vt 0.26175656914710999 9.3180651674629189E-06
vt 0.7602730393409729 9.3180651674629189E-06
vt 0.26175656914710999 0.49852582812309265
vt 0.7602730393409729 0.49852582812309265
vn 0 0 1
vn 0 0 1
vn 0 0 1
vn 0 0 1
vn -1 0 0
vn -1 0 0
vn -1 0 0
vn -1 0 0
vn 0 0 -1
vn 0 0 -1
vn 0 0 -1
vn 0 0 -1
vn 1 0 0
vn 1 0 0
vn 1 0 0
vn 1 0 0
vn 0 -1 0
vn 0 -1 0
vn 0 -1 0
vn 0 -1 0
vn 0 1 0
vn 0 1 0
vn 0 1 0
vn 0 1 0
f 2041/2041/2041 2042/2042/2042 2043/2043/2043 2044/2044/2044
f 2046/2046/2046 2047/2047/2047 2048/2048/2048 2045/2045/2045
f 2050/2050/2050 2051/2051/2051 2052/2052/2052 2049/2049/2049
f 2056/2056/2056 2053/2053/2053 2054/2054/2054 2055/2055/2055
f 2059/2059/2059 2060/2060/2060 2057/2057/2057 2058/2058/2058
f 2061/2061/2061 2062/2062/2062 2064/2064/2064 2063/2063/2063
v 1124.2109375 2469.5 54571.7890625 255 255 0
v 1124.2109375 2469.5 54839.2890625 255 255 0
v 1124.2109375 2434.5 54839.2890625 255 255 0
v 1124.2109375 2434.5 54571.7890625 255 255 0
v 1124.2109375 2434.5 54839.2890625 255 255 0
v 1124.2109375 2469.5 54839.2890625 255 255 0
v 1391.7109375 2469.5 54839.2890625 255 255 0
v 1391.7109375 2434.5 54839.2890625 255 255 0
v 1391.7109375 2434.5 54839.2890625 255 255 0
v 1391.7109375 2469.5 54839.2890625 255 255 0
v 1391.7109375 2469.5 54571.7890625 255 255 0
v 1391.7109375 2434.5 54571.7890625 255 255 0
v 1124.2109375 2469.5 54571.7890625 255 255 0
v 1124.2109375 2434.5 54571.7890625 255 255 0
v 1391.7109375 2434.5 54571.7890625 255 255 0
v 1391.7109375 2469.5 54571.7890625 255 255 0
v 1401.7109375 2469.5 54849.2890625 255 255 0
v 1114.2109375 2469.5 54849.2890625 255 255 0
v 1114.2109375 2434.5 54849.2890625 255 255 0
v 1401.7109375 2434.5 54849.2890625 255 255 0
v 1114.2109375 2434.5 54849.2890625 255 255 0
v 1114.2109375 2469.5 54849.2890625 255 255 0
v 1114.2109375 2469.5 54561.7890625 255 255 0
v 1114.2109375 2434.5 54561.7890625 255 255 0
v 1114.2109375 2434.5 54561.7890625 255 255 0
v 1114.2109375 2469.5 54561.7890625 255 255 0
v 1401.7109375 2469.5 54561.7890625 255 255 0
v 1401.7109375 2434.5 54561.7890625 255 255 0
v 1401.7109375 2469.5 54849.2890625 255 255 0
v 1401.7109375 2434.5 54849.2890625 255 255 0
v 1401.7109375 2434.5 54561.7890625 255 255 0
v 1401.7109375 2469.5 54561.7890625 255 255 0
v 1124.2109375 2434.5 54571.7890625 255 255 0
v 1124.2109375 2434.5 54839.2890625 255 255 0
v 1391.7109375 2434.5 54839.2890625 255 255 0
v 1391.7109375 2434.5 54571.7890625 255 255 0
v 1401.7109375 2434.5 54849.2890625 255 255 0
v 1114.2109375 2434.5 54849.2890625 255 255 0
v 1114.2109375 2434.5 54561.7890625 255 255 0
v 1401.7109375 2434.5 54561.7890625 255 255 0
v 1124.2109375 2469.5 54839.2890625 255 255 0
v 1124.2109375 2469.5 54571.7890625 255 255 0
v 1391.7109375 2469.5 54839.2890625 255 255 0
v 1391.7109375 2469.5 54571.7890625 255 255 0
v 1114.2109375 2469.5 54849.2890625 255 255 0
v 1401.7109375 2469.5 54849.2890625 255 255 0
v 1114.2109375 2469.5 54561.7890625 255 255 0
v 1401.7109375 2469.5 54561.7890625 255 255 0
vt 0.06089332327246666 0.46520990133285522
vt 0.06089332327246666 8.6953496065689251E-06
vt 0.12029635161161423 8.6953496065689251E-06
vt 0.12029635161161423 0.46520990133285522
vt 0.059411510825157166 0.46520990133285522
vt 8.4861458162777126E-06 0.46520990133285522
vt 8.4861458162777126E-06 8.6953496065689251E-06
vt 0.059411510825157166 8.6953496065689251E-06
vt 0.24206602573394775 0.46520990133285522
vt 0.18266300857067108 0.46520990133285522
vt 0.18266300857067108 8.6953496065689251E-06
vt 0.24206602573394775 8.6953496065689251E-06
vt 0.12177816033363342 8.6953496065689251E-06
vt 0.18118119239807129 8.6953496065689251E-06
vt 0.18118119239807129 0.46520990133285522
vt 0.12177816033363342 0.46520990133285522
vt 0.30443269014358521 0.49999129772186279
vt 0.30443269014358521 8.6953496065689251E-06
vt 0.36383569240570068 8.6953496065689251E-06
vt 0.36383569240570068 0.49999129772186279
vt 0.30295085906982422 0.49999129772186279
vt 0.24354784190654755 0.49999129772186279
vt 0.24354784190654755 8.6953496065689251E-06
vt 0.30295085906982422 8.6953496065689251E-06
vt 0.485605388879776 0.49999129772186279
vt 0.42620235681533813 0.49999129772186279
vt 0.42620235681533813 8.6953496065689251E-06
vt 0.485605388879776 8.6953496065689251E-06
vt 0.36531752347946167 8.6953496065689251E-06
vt 0.42472055554389954 8.6953496065689251E-06
vt 0.42472055554389954 0.49999129772186279
vt 0.36531752347946167 0.49999129772186279
vt 0.50442713499069214 0.51734840869903564
vt 0.50442713499069214 0.98118674755096436
vt 0.96826547384262085 0.98118674755096436
vt 0.96826547384262085 0.51734840869903564
vt 0.98560518026351929 0.99852645397186279
vt 0.48708739876747131 0.99852645397186279
vt 0.48708739876747131 0.50000864267349243
vt 0.98560518026351929 0.50000864267349243
vt 0.50442713499069214 0.01734841987490654
vt 0.50442713499069214 0.48118671774864197
vt 0.96826547384262085 0.01734841987490654
vt 0.96826547384262085 0.48118671774864197
vt 0.48708739876747131 8.6698746599722654E-06
vt 0.98560518026351929 8.6698746599722654E-06
vt 0.48708739876747131 0.49852648377418518
vt 0.98560518026351929 0.49852648377418518
vn 1 0 0
vn 1 0 0
vn 1 0 0
vn 1 0 0
vn 0 0 -1
vn 0 0 -1
vn 0 0 -1
vn 0 0 -1
vn -1 0 0
vn -1 0 0
vn -1 0 0
vn -1 0 0
vn 0 0 1
vn 0 0 1
vn 0 0 1
vn 0 0 1
vn 0 0 1
vn 0 0 1
vn 0 0 1
vn 0 0 1
vn -1 0 0
vn -1 0 0
vn -1 0 0
vn -1 0 0
vn 0 0 -1
vn 0 0 -1
vn 0 0 -1
vn 0 0 -1
vn 1 0 0
vn 1 0 0
vn 1 0 0
vn 1 0 0
vn 0 -1 0
vn 0 -1 0
vn 0 -1 0
vn 0 -1 0
vn 0 -1 0
vn 0 -1 0
vn 0 -1 0
vn 0 -1 0
vn 0 1 0
vn 0 1 0
vn 0 1 0
vn 0 1 0
vn 0 1 0
vn 0 1 0
vn 0 1 0
vn 0 1 0
f 2065/2065/2065 2066/2066/2066 2067/2067/2067 2068/2068/2068
f 2070/2070/2070 2071/2071/2071 2072/2072/2072 2069/2069/2069
f 2074/2074/2074 2075/2075/2075 2076/2076/2076 2073/2073/2073
f 2080/2080/2080 2077/2077/2077 2078/2078/2078 2079/2079/2079
f 2081/2081/2081 2082/2082/2082 2083/2083/2083 2084/2084/2084
f 2086/2086/2086 2087/2087/2087 2088/2088/2088 2085/2085/2085
f 2090/2090/2090 2091/2091/2091 2092/2092/2092 2089/2089/2089
f 2096/2096/2096 2093/2093/2093 2094/2094/2094 2095/2095/2095
f 2100/2100/2100 2097/2097/2097 2103/2103/2103 2104/2104/2104
f 2099/2099/2099 2100/2100/2100 2104/2104/2104 2101/2101/2101
f 2097/2097/2097 2098/2098/2098 2102/2102/2102 2103/2103/2103
f 2098/2098/2098 2099/2099/2099 2101/2101/2101 2102/2102/2102
f 2107/2107/2107 2105/2105/2105 2109/2109/2109 2110/2110/2110
f 2110/2110/2110 2112/2112/2112 2108/2108/2108 2107/2107/2107
f 2111/2111/2111 2109/2109/2109 2105/2105/2105 2106/2106/2106
f 2106/2106/2106 2108/2108/2108 2112/2112/2112 2111/2111/2111
v 1317.9609375 2632 53075.5390625 255 255 0
v 1197.9609375 2632 53075.5390625 255 255 0
v 1197.9609375 2582 53075.5390625 255 255 0
v 1317.9609375 2582 53075.5390625 255 255 0
v 1197.9609375 2582 53075.5390625 255 255 0
v 1197.9609375 2632 53075.5390625 255 255 0
v 1197.9609375 2632 52975.5390625 255 255 0
v 1197.9609375 2582 52975.5390625 255 255 0
v 1197.9609375 2582 52975.5390625 255 255 0
v 1197.9609375 2632 52975.5390625 255 255 0
v 1317.9609375 2632 52975.5390625 255 255 0
v 1317.9609375 2582 52975.5390625 255 255 0
v 1317.9609375 2632 53075.5390625 255 255 0
v 1317.9609375 2582 53075.5390625 255 255 0
v 1317.9609375 2582 52975.5390625 255 255 0
v 1317.9609375 2632 52975.5390625 255 255 0
v 1317.9609375 2582 53075.5390625 255 255 0
v 1197.9609375 2582 53075.5390625 255 255 0
v 1197.9609375 2582 52975.5390625 255 255 0
v 1317.9609375 2582 52975.5390625 255 255 0
v 1197.9609375 2632 53075.5390625 255 255 0
v 1317.9609375 2632 53075.5390625 255 255 0
v 1197.9609375 2632 52975.5390625 255 255 0
v 1317.9609375 2632 52975.5390625 255 255 0
vt 0.50002074241638184 0.62505191564559937
vt 0.99851441383361816 0.62505191564559937
vt 0.99851441383361816 0.83190333843231201
vt 0.50002074241638184 0.83190333843231201
vt 0.95833683013916016 0.4151880145072937
vt 0.75002080202102661 0.4151880145072937
vt 0.75002080202102661 2.075836164294742E-05
vt 0.95833683013916016 2.075836164294742E-05
vt 0.50002074241638184 0.62354570627212524
vt 0.50002074241638184 0.4166942834854126
vt 0.99851441383361816 0.4166942834854126
vt 0.99851441383361816 0.62354570627212524
vt 0.50002080202102661 2.075836164294742E-05
vt 0.70833683013916016 2.075836164294742E-05
vt 0.70833683013916016 0.4151880145072937
vt 0.50002080202102661 0.4151880145072937
vt 0.49851438403129578 0.83190327882766724
vt 2.0770792616531253E-05 0.83190327882766724
vt 2.0770792616531253E-05 0.41671520471572876
vt 0.49851438403129578 0.41671520471572876
vt 2.0770792616531253E-05 2.0759403923875652E-05
vt 0.49851438403129578 2.0759403923875652E-05
vt 2.0770792616531253E-05 0.4152088463306427
vt 0.49851438403129578 0.4152088463306427
vn 0 0 1
vn 0 0 1
vn 0 0 1
vn 0 0 1
vn -1 0 0
vn -1 0 0
vn -1 0 0
vn -1 0 0
vn 0 0 -1
vn 0 0 -1
vn 0 0 -1
vn 0 0 -1
vn 1 0 0
vn 1 0 0
vn 1 0 0
vn 1 0 0
vn 0 -1 0
vn 0 -1 0
vn 0 -1 0
vn 0 -1 0
vn 0 1 0
vn 0 1 0
vn 0 1 0
vn 0 1 0
f 2113/2113/2113 2114/2114/2114 2115/2115/2115 2116/2116/2116
f 2117/2117/2117 2118/2118/2118 2119/2119/2119
f 2119/2119/2119 2120/2120/2120 2117/2117/2117
f 2122/2122/2122 2123/2123/2123 2124/2124/2124 2121/2121/2121
f 2126/2126/2126 2128/2128/2128 2125/2125/2125
f 2128/2128/2128 2126/2126/2126 2127/2127/2127
f 2131/2131/2131 2132/2132/2132 2129/2129/2129 2130/2130/2130
f 2133/2133/2133 2134/2134/2134 2136/2136/2136 2135/2135/2135
v 1147.3359375 2582 53126.1640625 255 255 0
v 1147.3359375 2582 52924.9140625 255 255 0
v 1147.3359375 2569.5 52924.9140625 255 255 0
v 1147.3359375 2569.5 53126.1640625 255 255 0
v 1147.3359375 2569.5 52924.9140625 255 255 0
v 1147.3359375 2582 52924.9140625 255 255 0
v 1164.5859375 2582 52924.9140625 255 255 0
v 1164.5859375 2569.5 52924.9140625 255 255 0
v 1164.5859375 2569.5 52924.9140625 255 255 0
v 1164.5859375 2582 52924.9140625 255 255 0
v 1164.5859375 2582 53126.1640625 255 255 0
v 1164.5859375 2569.5 53126.1640625 255 255 0
v 1147.3359375 2582 53126.1640625 255 255 0
v 1147.3359375 2569.5 53126.1640625 255 255 0
v 1164.5859375 2569.5 53126.1640625 255 255 0
v 1164.5859375 2582 53126.1640625 255 255 0
v 1147.3359375 2569.5 53126.1640625 255 255 0
v 1147.3359375 2569.5 52924.9140625 255 255 0
v 1164.5859375 2569.5 52924.9140625 255 255 0
v 1164.5859375 2569.5 53126.1640625 255 255 0
v 1147.3359375 2582 52924.9140625 255 255 0
v 1147.3359375 2582 53126.1640625 255 255 0
v 1164.5859375 2582 52924.9140625 255 255 0
v 1164.5859375 2582 53126.1640625 255 255 0
vt 0.079008758068084717 0.72752189636230469
vt 0.99851232767105103 0.72752189636230469
vt 0.99851232767105103 0.78472495079040527
vt 0.079008758068084717 0.78472495079040527
vt 0.59671884775161743 0.078963026404380798
vt 0.53951585292816162 0.078963026404380798
vt 0.53951585292816162 2.2881200493429787E-05
vt 0.59671884775161743 2.2881200493429787E-05
vt 0.079008758068084717 0.59120988845825195
vt 0.079008758068084717 0.53400689363479614
vt 0.99851232767105103 0.53400689363479614
vt 0.99851232767105103 0.59120988845825195
vt 0.079008787870407104 2.2881200493429787E-05
vt 0.13621178269386292 2.2881200493429787E-05
vt 0.13621178269386292 0.078963026404380798
vt 0.079008787870407104 0.078963026404380798
vt 0.99851232767105103 0.3459550142288208
vt 0.079008758068084717 0.3459550142288208
vt 0.079008758068084717 0.26701486110687256
vt 0.99851232767105103 0.26701486110687256
vt 2.2456853912444785E-05 0.91952639818191528
vt 2.2456853912444785E-05 2.2844809791422449E-05
vt 0.077498607337474823 0.91952639818191528
vt 0.077498607337474823 2.2844809791422449E-05
vn -1 0 0
vn -1 0 0
vn -1 0 0
vn -1 0 0
vn 0 0 -1
vn 0 0 -1
vn 0 0 -1
vn 0 0 -1
vn 1 0 0
vn 1 0 0
vn 1 0 0
vn 1 0 0
vn 0 0 1
vn 0 0 1
vn 0 0 1
vn 0 0 1
vn 0 -1 0
vn 0 -1 0
vn 0 -1 0
vn 0 -1 0
vn 0 1 0
vn 0 1 0
vn 0 1 0
vn 0 1 0
f 2140/2140/2140 2137/2137/2137 2138/2138/2138
f 2138/2138/2138 2139/2139/2139 2140/2140/2140
f 2142/2142/2142 2143/2143/2143 2144/2144/2144 2141/2141/2141
f 2148/2148/2148 2146/2146/2146 2147/2147/2147
f 2146/2146/2146 2148/2148/2148 2145/2145/2145
f 2152/2152/2152 2149/2149/2149 2150/2150/2150 2151/2151/2151
f 2155/2155/2155 2156/2156/2156 2153/2153/2153 2154/2154/2154
f 2157/2157/2157 2158/2158/2158 2160/2160/2160 2159/2159/2159
v 1348.5859375 2582 53126.1640625 255 255 0
v 1331.3359375 2582 53126.1640625 255 255 0
v 1331.3359375 2569.5 53126.1640625 255 255 0
v 1348.5859375 2569.5 53126.1640625 255 255 0
v 1331.3359375 2569.5 53126.1640625 255 255 0
v 1331.3359375 2582 53126.1640625 255 255 0
v 1331.3359375 2582 52924.9140625 255 255 0
v 1331.3359375 2569.5 52924.9140625 255 255 0
v 1331.3359375 2569.5 52924.9140625 255 255 0
v 1331.3359375 2582 52924.9140625 255 255 0
v 1348.5859375 2582 52924.9140625 255 255 0
v 1348.5859375 2569.5 52924.9140625 255 255 0
v 1348.5859375 2582 53126.1640625 255 255 0
v 1348.5859375 2569.5 53126.1640625 255 255 0
v 1348.5859375 2569.5 52924.9140625 255 255 0
v 1348.5859375 2582 52924.9140625 255 255 0
v 1348.5859375 2569.5 53126.1640625 255 255 0
v 1331.3359375 2569.5 53126.1640625 255 255 0
v 1331.3359375 2569.5 52924.9140625 255 255 0
v 1348.5859375 2569.5 52924.9140625 255 255 0
v 1331.3359375 2582 53126.1640625 255 255 0
v 1348.5859375 2582 53126.1640625 255 255 0
v 1331.3359375 2582 52924.9140625 255 255 0
v 1348.5859375 2582 52924.9140625 255 255 0
vt 0.53951585292816162 0.078963026404380798
vt 0.53951585292816162 2.2881200493429787E-05
vt 0.59671884775161743 2.2881200493429787E-05
vt 0.59671884775161743 0.078963026404380798
vt 0.079008758068084717 0.78472495079040527
vt 0.079008758068084717 0.72752189636230469
vt 0.99851232767105103 0.72752189636230469
vt 0.99851232767105103 0.78472495079040527
vt 0.13621178269386292 0.078963026404380798
vt 0.079008787870407104 0.078963026404380798
vt 0.079008787870407104 2.2881200493429787E-05
vt 0.13621178269386292 2.2881200493429787E-05
vt 0.99851232767105103 0.53400689363479614
vt 0.99851232767105103 0.59120988845825195
vt 0.079008758068084717 0.59120988845825195
vt 0.079008758068084717 0.53400689363479614
vt 0.99851232767105103 0.26701486110687256
vt 0.99851232767105103 0.3459550142288208
vt 0.07900875061750412 0.3459550142288208
vt 0.07900875061750412 0.26701486110687256
vt 2.2456189981312491E-05 2.2844809791422449E-05
vt 0.077498607337474823 2.2844809791422449E-05
vt 2.2456189981312491E-05 0.91952639818191528
vt 0.077498607337474823 0.91952639818191528
vn 0 0 1
vn 0 0 1
vn 0 0 1
vn 0 0 1
vn -1 0 0
vn -1 0 0
vn -1 0 0
vn -1 0 0
vn 0 0 -1
vn 0 0 -1
vn 0 0 -1
vn 0 0 -1
vn 1 0 0
vn 1 0 0
vn 1 0 0
vn 1 0 0
vn 0 -1 0
vn 0 -1 0
vn 0 -1 0
vn 0 -1 0
vn 0 1 0
vn 0 1 0
vn 0 1 0
vn 0 1 0
f 2161/2161/2161 2162/2162/2162 2163/2163/2163 2164/2164/2164
f 2165/2165/2165 2166/2166/2166 2167/2167/2167
f 2167/2167/2167 2168/2168/2168 2165/2165/2165
f 2170/2170/2170 2171/2171/2171 2172/2172/2172 2169/2169/2169
f 2174/2174/2174 2176/2176/2176 2173/2173/2173
f 2176/2176/2176 2174/2174/2174 2175/2175/2175
f 2179/2179/2179 2180/2180/2180 2177/2177/2177 2178/2178/2178
f 2181/2181/2181 2182/2182/2182 2184/2184/2184 2183/2183/2183
v 1197.9609375 2582 53075.5390625 255 255 0
v 1197.9609375 2582 52975.5390625 255 255 0
v 1197.9609375 2569.5 52975.5390625 255 255 0
v 1197.9609375 2569.5 53075.5390625 255 255 0
v 1197.9609375 2569.5 52975.5390625 255 255 0
v 1197.9609375 2582 52975.5390625 255 255 0
v 1298.3724365234375 2582 52975.5390625 255 255 0
v 1298.3724365234375 2569.5 52975.5390625 255 255 0
v 1298.3724365234375 2569.5 52975.5390625 255 255 0
v 1298.3724365234375 2582 52975.5390625 255 255 0
v 1298.3724365234375 2582 53075.5390625 255 255 0
v 1298.3724365234375 2569.5 53075.5390625 255 255 0
v 1197.9609375 2582 53075.5390625 255 255 0
v 1197.9609375 2569.5 53075.5390625 255 255 0
v 1298.3724365234375 2569.5 53075.5390625 255 255 0
v 1298.3724365234375 2582 53075.5390625 255 255 0
v 1197.9609375 2569.5 53075.5390625 255 255 0
v 1197.9609375 2569.5 52975.5390625 255 255 0
v 1298.3724365234375 2569.5 52975.5390625 255 255 0
v 1298.3724365234375 2569.5 53075.5390625 255 255 0
v 1197.9609375 2582 52975.5390625 255 255 0
v 1197.9609375 2582 53075.5390625 255 255 0
v 1298.3724365234375 2582 52975.5390625 255 255 0
v 1298.3724365234375 2582 53075.5390625 255 255 0
vt 0.062568157911300659 0.49997499585151672
vt 0.062568157911300659 2.4997500077006407E-05
vt 0.12359823286533356 2.4997500077006407E-05
vt 0.12359823286533356 0.49997499585151672
vt 0.18614198267459869 0.50203251838684082
vt 0.1251119077205658 0.50203251838684082
vt 0.1251119077205658 2.4997500077006407E-05
vt 0.18614198267459869 2.4997500077006407E-05
vt 0.061054486781358719 0.49997499585151672
vt 2.441203105263412E-05 0.49997499585151672
vt 2.441203105263412E-05 2.4997500077006407E-05
vt 0.061054486781358719 2.4997500077006407E-05
vt 0.18765564262866974 2.4997500077006407E-05
vt 0.24868571758270264 2.4997500077006407E-05
vt 0.24868571758270264 0.50203251838684082
vt 0.18765564262866974 0.50203251838684082
vt 0.75074267387390137 2.4924265744630247E-05
vt 0.75074267387390137 0.4985102117061615
vt 0.25019991397857666 0.4985102117061615
vt 0.25019991397857666 2.4924265744630247E-05
vt 0.25019991397857666 0.99851024150848389
vt 0.25019991397857666 0.50002491474151611
vt 0.75074267387390137 0.99851024150848389
vt 0.75074267387390137 0.50002491474151611
vn -1 0 0
vn -1 0 0
vn -1 0 0
vn -1 0 0
vn 0 0 -1
vn 0 0 -1
vn 0 0 -1
vn 0 0 -1
vn 1 0 0
vn 1 0 0
vn 1 0 0
vn 1 0 0
vn 0 0 1
vn 0 0 1
vn 0 0 1
vn 0 0 1
vn 0 -1 0
vn 0 -1 0
vn 0 -1 0
vn 0 -1 0
vn 0 1 0
vn 0 1 0
vn 0 1 0
vn 0 1 0
f 2187/2187/2187 2185/2185/2185 2186/2186/2186
f 2185/2185/2185 2187/2187/2187 2188/2188/2188
f 2190/2190/2190 2191/2191/2191 2192/2192/2192 2189/2189/2189
f 2193/2193/2193 2194/2194/2194 2195/2195/2195
f 2195/2195/2195 2196/2196/2196 2193/2193/2193
f 2200/2200/2200 2197/2197/2197 2198/2198/2198 2199/2199/2199
f 2202/2202/2202 2203/2203/2203 2204/2204/2204
f 2204/2204/2204 2201/2201/2201 2202/2202/2202
f 2207/2207/2207 2205/2205/2205 2206/2206/2206
f 2206/2206/2206 2208/2208/2208 2207/2207/2207
v 1391.7109375 2569.5 53169.2890625 255 255 0
v 1104.2109375 2569.5 53169.2890625 255 255 0
v 1104.2109375 2469.5 53169.2890625 255 255 0
v 1391.7109375 2469.5 53169.2890625 255 255 0
v 1104.2109375 2469.5 53169.2890625 255 255 0
v 1104.2109375 2569.5 53169.2890625 255 255 0
v 1104.2109375 2569.5 52881.7890625 255 255 0
v 1104.2109375 2469.5 52881.7890625 255 255 0
v 1104.2109375 2469.5 52881.7890625 255 255 0
v 1104.2109375 2569.5 52881.7890625 255 255 0
v 1391.7109375 2569.5 52881.7890625 255 255 0
v 1391.7109375 2469.5 52881.7890625 255 255 0
v 1391.7109375 2569.5 53169.2890625 255 255 0
v 1391.7109375 2469.5 53169.2890625 255 255 0
v 1391.7109375 2469.5 52881.7890625 255 255 0
v 1391.7109375 2569.5 52881.7890625 255 255 0
v 1391.7109375 2469.5 53169.2890625 255 255 0
v 1104.2109375 2469.5 53169.2890625 255 255 0
v 1104.2109375 2469.5 52881.7890625 255 255 0
v 1391.7109375 2469.5 52881.7890625 255 255 0
v 1104.2109375 2569.5 53169.2890625 255 255 0
v 1391.7109375 2569.5 53169.2890625 255 255 0
v 1104.2109375 2569.5 52881.7890625 255 255 0
v 1391.7109375 2569.5 52881.7890625 255 255 0
vt 8.6767831817269325E-06 0.25000870227813721
vt 0.49852648377418518 0.25000870227813721
vt 0.49852648377418518 0.42391568422317505
vt 8.6767831817269325E-06 0.42391568422317505
vt 8.6767831817269325E-06 0.92391568422317505
vt 8.6767831817269325E-06 0.75000870227813721
vt 0.49852648377418518 0.75000870227813721
vt 0.49852648377418518 0.92391568422317505
vt 8.6767831817269325E-06 0.17391568422317505
vt 8.6767831817269325E-06 8.6953496065689251E-06
vt 0.49852648377418518 8.6953496065689251E-06
vt 0.49852648377418518 0.17391568422317505
vt 0.49852648377418518 0.50000870227813721
vt 0.49852648377418518 0.67391568422317505
vt 8.6767831817269325E-06 0.67391568422317505
vt 8.6767831817269325E-06 0.50000870227813721
vt 0.99852651357650757 0.99852645397186279
vt 0.50000870227813721 0.99852645397186279
vt 0.50000870227813721 0.50000864267349243
vt 0.99852651357650757 0.50000864267349243
vt 0.50000870227813721 8.6698746599722654E-06
vt 0.99852651357650757 8.6698746599722654E-06
vt 0.50000870227813721 0.49852648377418518
vt 0.99852651357650757 0.49852648377418518
vn 0 0 1
vn 0 0 1
vn 0 0 1
vn 0 0 1
vn -1 0 0
vn -1 0 0
vn -1 0 0
vn -1 0 0
vn 0 0 -1
vn 0 0 -1
vn 0 0 -1
vn 0 0 -1
vn 1 0 0
vn 1 0 0
vn 1 0 0
vn 1 0 0
vn 0 -1 0
vn 0 -1 0
vn 0 -1 0
vn 0 -1 0
vn 0 1 0
vn 0 1 0
vn 0 1 0
vn 0 1 0
f 2209/2209/2209 2210/2210/2210 2211/2211/2211 2212/2212/2212
f 2213/2213/2213 2214/2214/2214 2215/2215/2215
f 2215/2215/2215 2216/2216/2216 2213/2213/2213
f 2218/2218/2218 2219/2219/2219 2220/2220/2220 2217/2217/2217
f 2222/2222/2222 2224/2224/2224 2221/2221/2221
f 2224/2224/2224 2222/2222/2222 2223/2223/2223
f 2227/2227/2227 2228/2228/2228 2225/2225/2225 2226/2226/2226
f 2229/2229/2229 2230/2230/2230 2232/2232/2232 2231/2231/2231
v 1381.7109375 2469.5 53159.2890625 255 255 0
v 1114.2109375 2469.5 53159.2890625 255 255 0
v 1114.2109375 2434.5 53159.2890625 255 255 0
v 1381.7109375 2434.5 53159.2890625 255 255 0
v 1114.2109375 2434.5 53159.2890625 255 255 0
v 1114.2109375 2469.5 53159.2890625 255 255 0
v 1114.2109375 2469.5 52891.7890625 255 255 0
v 1114.2109375 2434.5 52891.7890625 255 255 0
v 1114.2109375 2434.5 52891.7890625 255 255 0
v 1114.2109375 2469.5 52891.7890625 255 255 0
v 1381.7109375 2469.5 52891.7890625 255 255 0
v 1381.7109375 2434.5 52891.7890625 255 255 0
v 1381.7109375 2469.5 53159.2890625 255 255 0
v 1381.7109375 2434.5 53159.2890625 255 255 0
v 1381.7109375 2434.5 52891.7890625 255 255 0
v 1381.7109375 2469.5 52891.7890625 255 255 0
v 1381.7109375 2434.5 53159.2890625 255 255 0
v 1114.2109375 2434.5 53159.2890625 255 255 0
v 1114.2109375 2434.5 52891.7890625 255 255 0
v 1381.7109375 2434.5 52891.7890625 255 255 0
v 1114.2109375 2469.5 53159.2890625 255 255 0
v 1381.7109375 2469.5 53159.2890625 255 255 0
v 1114.2109375 2469.5 52891.7890625 255 255 0
v 1381.7109375 2469.5 52891.7890625 255 255 0
vt 0.065445944666862488 0.49999064207077026
vt 0.065445944666862488 9.3454445959650911E-06
vt 0.1293996274471283 9.3454445959650911E-06
vt 0.1293996274471283 0.49999064207077026
vt 0.063962824642658234 0.49999064207077026
vt 9.1362417151685804E-06 0.49999064207077026
vt 9.1362417151685804E-06 9.3454445959650911E-06
vt 0.063962824642658234 9.3454445959650911E-06
vt 0.26027324795722961 0.49999064207077026
vt 0.19631955027580261 0.49999064207077026
vt 0.19631955027580261 9.3454445959650911E-06
vt 0.26027324795722961 9.3454445959650911E-06
vt 0.13088275492191315 9.3454445959650911E-06
vt 0.19483643770217896 9.3454445959650911E-06
vt 0.19483643770217896 0.49999064207077026
vt 0.13088275492191315 0.49999064207077026
vt 0.7602730393409729 0.99852579832077026
vt 0.26175656914710999 0.99852579832077026
vt 0.26175656914710999 0.50000929832458496
vt 0.7602730393409729 0.50000929832458496
vt 0.26175656914710999 9.3180651674629189E-06
vt 0.7602730393409729 9.3180651674629189E-06
vt 0.26175656914710999 0.49852582812309265
vt 0.7602730393409729 0.49852582812309265
vn 0 0 1
vn 0 0 1
vn 0 0 1
vn 0 0 1
vn -1 0 0
vn -1 0 0
vn -1 0 0
vn -1 0 0
vn 0 0 -1
vn 0 0 -1
vn 0 0 -1
vn 0 0 -1
vn 1 0 0
vn 1 0 0
vn 1 0 0
vn 1 0 0
vn 0 -1 0
vn 0 -1 0
vn 0 -1 0
vn 0 -1 0
vn 0 1 0
vn 0 1 0
vn 0 1 0
vn 0 1 0
f 2233/2233/2233 2234/2234/2234 2235/2235/2235 2236/2236/2236
f 2238/2238/2238 2239/2239/2239 2240/2240/2240 2237/2237/2237
f 2242/2242/2242 2243/2243/2243 2244/2244/2244 2241/2241/2241
f 2248/2248/2248 2245/2245/2245 2246/2246/2246 2247/2247/2247
f 2251/2251/2251 2252/2252/2252 2249/2249/2249 2250/2250/2250
f 2253/2253/2253 2254/2254/2254 2256/2256/2256 2255/2255/2255
v 1114.2109375 2469.5 52891.7890625 255 255 0
v 1114.2109375 2469.5 53159.2890625 255 255 0
v 1114.2109375 2434.5 53159.2890625 255 255 0
v 1114.2109375 2434.5 52891.7890625 255 255 0
v 1114.2109375 2434.5 53159.2890625 255 255 0
v 1114.2109375 2469.5 53159.2890625 255 255 0
v 1381.7109375 2469.5 53159.2890625 255 255 0
v 1381.7109375 2434.5 53159.2890625 255 255 0
v 1381.7109375 2434.5 53159.2890625 255 255 0
v 1381.7109375 2469.5 53159.2890625 255 255 0
v 1381.7109375 2469.5 52891.7890625 255 255 0
v 1381.7109375 2434.5 52891.7890625 255 255 0
v 1114.2109375 2469.5 52891.7890625 255 255 0
v 1114.2109375 2434.5 52891.7890625 255 255 0
v 1381.7109375 2434.5 52891.7890625 255 255 0
v 1381.7109375 2469.5 52891.7890625 255 255 0
v 1391.7109375 2469.5 53169.2890625 255 255 0
v 1104.2109375 2469.5 53169.2890625 255 255 0
v 1104.2109375 2434.5 53169.2890625 255 255 0
v 1391.7109375 2434.5 53169.2890625 255 255 0
v 1104.2109375 2434.5 53169.2890625 255 255 0
v 1104.2109375 2469.5 53169.2890625 255 255 0
v 1104.2109375 2469.5 52881.7890625 255 255 0
v 1104.2109375 2434.5 52881.7890625 255 255 0
v 1104.2109375 2434.5 52881.7890625 255 255 0
v 1104.2109375 2469.5 52881.7890625 255 255 0
v 1391.7109375 2469.5 52881.7890625 255 255 0
v 1391.7109375 2434.5 52881.7890625 255 255 0
v 1391.7109375 2469.5 53169.2890625 255 255 0
v 1391.7109375 2434.5 53169.2890625 255 255 0
v 1391.7109375 2434.5 52881.7890625 255 255 0
v 1391.7109375 2469.5 52881.7890625 255 255 0
v 1114.2109375 2434.5 52891.7890625 255 255 0
v 1114.2109375 2434.5 53159.2890625 255 255 0
v 1381.7109375 2434.5 53159.2890625 255 255 0
v 1381.7109375 2434.5 52891.7890625 255 255 0
v 1391.7109375 2434.5 53169.2890625 255 255 0
v 1104.2109375 2434.5 53169.2890625 255 255 0
v 1104.2109375 2434.5 52881.7890625 255 255 0
v 1391.7109375 2434.5 52881.7890625 255 255 0
v 1114.2109375 2469.5 53159.2890625 255 255 0
v 1114.2109375 2469.5 52891.7890625 255 255 0
v 1381.7109375 2469.5 53159.2890625 255 255 0
v 1381.7109375 2469.5 52891.7890625 255 255 0
v 1104.2109375 2469.5 53169.2890625 255 255 0
v 1391.7109375 2469.5 53169.2890625 255 255 0
v 1104.2109375 2469.5 52881.7890625 255 255 0
v 1391.7109375 2469.5 52881.7890625 255 255 0
vt 0.06089332327246666 0.46520990133285522
vt 0.06089332327246666 8.6953496065689251E-06
vt 0.12029635161161423 8.6953496065689251E-06
vt 0.12029635161161423 0.46520990133285522
vt 0.059411510825157166 0.46520990133285522
vt 8.4861458162777126E-06 0.46520990133285522
vt 8.4861458162777126E-06 8.6953496065689251E-06
vt 0.059411510825157166 8.6953496065689251E-06
vt 0.24206602573394775 0.46520990133285522
vt 0.18266300857067108 0.46520990133285522
vt 0.18266300857067108 8.6953496065689251E-06
vt 0.24206602573394775 8.6953496065689251E-06
vt 0.12177816033363342 8.6953496065689251E-06
vt 0.18118119239807129 8.6953496065689251E-06
vt 0.18118119239807129 0.46520990133285522
vt 0.12177816033363342 0.46520990133285522
vt 0.30443269014358521 0.49999129772186279
vt 0.30443269014358521 8.6953496065689251E-06
vt 0.36383569240570068 8.6953496065689251E-06
vt 0.36383569240570068 0.49999129772186279
vt 0.30295085906982422 0.49999129772186279
vt 0.24354784190654755 0.49999129772186279
vt 0.24354784190654755 8.6953496065689251E-06
vt 0.30295085906982422 8.6953496065689251E-06
vt 0.485605388879776 0.49999129772186279
vt 0.42620235681533813 0.49999129772186279
vt 0.42620235681533813 8.6953496065689251E-06
vt 0.485605388879776 8.6953496065689251E-06
vt 0.36531752347946167 8.6953496065689251E-06
vt 0.42472055554389954 8.6953496065689251E-06
vt 0.42472055554389954 0.49999129772186279
vt 0.36531752347946167 0.49999129772186279
vt 0.50442713499069214 0.51734840869903564
vt 0.50442713499069214 0.98118674755096436
vt 0.96826547384262085 0.98118674755096436
vt 0.96826547384262085 0.51734840869903564
vt 0.98560518026351929 0.99852645397186279
vt 0.48708739876747131 0.99852645397186279
vt 0.48708739876747131 0.50000864267349243
vt 0.98560518026351929 0.50000864267349243
vt 0.50442713499069214 0.01734841987490654
vt 0.50442713499069214 0.48118671774864197
vt 0.96826547384262085 0.01734841987490654
vt 0.96826547384262085 0.48118671774864197
vt 0.48708739876747131 8.6698746599722654E-06
vt 0.98560518026351929 8.6698746599722654E-06
vt 0.48708739876747131 0.49852648377418518
vt 0.98560518026351929 0.49852648377418518
vn 1 0 0
vn 1 0 0
vn 1 0 0
vn 1 0 0
vn 0 0 -1
vn 0 0 -1
vn 0 0 -1
vn 0 0 -1
vn -1 0 0
vn -1 0 0
vn -1 0 0
vn -1 0 0
vn 0 0 1
vn 0 0 1
vn 0 0 1
vn 0 0 1
vn 0 0 1
vn 0 0 1
vn 0 0 1
vn 0 0 1
vn -1 0 0
vn -1 0 0
vn -1 0 0
vn -1 0 0
vn 0 0 -1
vn 0 0 -1
vn 0 0 -1
vn 0 0 -1
vn 1 0 0
vn 1 0 0
vn 1 0 0
vn 1 0 0
vn 0 -1 0
vn 0 -1 0
vn 0 -1 0
vn 0 -1 0
vn 0 -1 0
vn 0 -1 0
vn 0 -1 0
vn 0 -1 0
vn 0 1 0
vn 0 1 0
vn 0 1 0
vn 0 1 0
vn 0 1 0
vn 0 1 0
vn 0 1 0
vn 0 1 0
f 2257/2257/2257 2258/2258/2258 2259/2259/2259 2260/2260/2260
f 2262/2262/2262 2263/2263/2263 2264/2264/2264 2261/2261/2261
f 2266/2266/2266 2267/2267/2267 2268/2268/2268 2265/2265/2265
f 2272/2272/2272 2269/2269/2269 2270/2270/2270 2271/2271/2271
f 2273/2273/2273 2274/2274/2274 2275/2275/2275 2276/2276/2276
f 2278/2278/2278 2279/2279/2279 2280/2280/2280 2277/2277/2277
f 2282/2282/2282 2283/2283/2283 2284/2284/2284 2281/2281/2281
f 2288/2288/2288 2285/2285/2285 2286/2286/2286 2287/2287/2287
f 2292/2292/2292 2289/2289/2289 2295/2295/2295 2296/2296/2296
f 2291/2291/2291 2292/2292/2292 2296/2296/2296 2293/2293/2293
f 2289/2289/2289 2290/2290/2290 2294/2294/2294 2295/2295/2295
f 2290/2290/2290 2291/2291/2291 2293/2293/2293 2294/2294/2294
f 2299/2299/2299 2297/2297/2297 2301/2301/2301 2302/2302/2302
f 2302/2302/2302 2304/2304/2304 2300/2300/2300 2299/2299/2299
f 2303/2303/2303 2301/2301/2301 2297/2297/2297 2298/2298/2298
f 2298/2298/2298 2300/2300/2300 2304/2304/2304 2303/2303/2303
v -2132.0390625 2632 53075.5390625 255 255 0
v -2252.0390625 2632 53075.5390625 255 255 0
v -2252.0390625 2582 53075.5390625 255 255 0
v -2132.0390625 2582 53075.5390625 255 255 0
v -2252.0390625 2582 53075.5390625 255 255 0
v -2252.0390625 2632 53075.5390625 255 255 0
v -2252.0390625 2632 52975.5390625 255 255 0
v -2252.0390625 2582 52975.5390625 255 255 0
v -2252.0390625 2582 52975.5390625 255 255 0
v -2252.0390625 2632 52975.5390625 255 255 0
v -2132.0390625 2632 52975.5390625 255 255 0
v -2132.0390625 2582 52975.5390625 255 255 0
v -2132.0390625 2632 53075.5390625 255 255 0
v -2132.0390625 2582 53075.5390625 255 255 0
v -2132.0390625 2582 52975.5390625 255 255 0
v -2132.0390625 2632 52975.5390625 255 255 0
v -2132.0390625 2582 53075.5390625 255 255 0
v -2252.0390625 2582 53075.5390625 255 255 0
v -2252.0390625 2582 52975.5390625 255 255 0
v -2132.0390625 2582 52975.5390625 255 255 0
v -2252.0390625 2632 53075.5390625 255 255 0
v -2132.0390625 2632 53075.5390625 255 255 0
v -2252.0390625 2632 52975.5390625 255 255 0
v -2132.0390625 2632 52975.5390625 255 255 0
vt 0.50002074241638184 0.62505191564559937
vt 0.99851441383361816 0.62505191564559937
vt 0.99851441383361816 0.83190333843231201
vt 0.50002074241638184 0.83190333843231201
vt 0.95833683013916016 0.4151880145072937
vt 0.75002080202102661 0.4151880145072937
vt 0.75002080202102661 2.075836164294742E-05
vt 0.95833683013916016 2.075836164294742E-05
vt 0.50002074241638184 0.62354570627212524
vt 0.50002074241638184 0.4166942834854126
vt 0.99851441383361816 0.4166942834854126
vt 0.99851441383361816 0.62354570627212524
vt 0.50002080202102661 2.075836164294742E-05
vt 0.70833683013916016 2.075836164294742E-05
vt 0.70833683013916016 0.4151880145072937
vt 0.50002080202102661 0.4151880145072937
vt 0.49851438403129578 0.83190327882766724
vt 2.0770792616531253E-05 0.83190327882766724
vt 2.0770792616531253E-05 0.41671520471572876
vt 0.49851438403129578 0.41671520471572876
vt 2.0770792616531253E-05 2.0759403923875652E-05
vt 0.49851438403129578 2.0759403923875652E-05
vt 2.0770792616531253E-05 0.4152088463306427
vt 0.49851438403129578 0.4152088463306427
vn 0 0 1
vn 0 0 1
vn 0 0 1
vn 0 0 1
vn -1 0 0
vn -1 0 0
vn -1 0 0
vn -1 0 0
vn 0 0 -1
vn 0 0 -1
vn 0 0 -1
vn 0 0 -1
vn 1 0 0
vn 1 0 0
vn 1 0 0
vn 1 0 0
vn 0 -1 0
vn 0 -1 0
vn 0 -1 0
vn 0 -1 0
vn 0 1 0
vn 0 1 0
vn 0 1 0
vn 0 1 0
f 2305/2305/2305 2306/2306/2306 2307/2307/2307 2308/2308/2308
f 2309/2309/2309 2310/2310/2310 2311/2311/2311
f 2311/2311/2311 2312/2312/2312 2309/2309/2309
f 2314/2314/2314 2315/2315/2315 2316/2316/2316 2313/2313/2313
f 2318/2318/2318 2320/2320/2320 2317/2317/2317
f 2320/2320/2320 2318/2318/2318 2319/2319/2319
f 2323/2323/2323 2324/2324/2324 2321/2321/2321 2322/2322/2322
f 2325/2325/2325 2326/2326/2326 2328/2328/2328 2327/2327/2327
v -2302.6640625 2582 53126.1640625 255 255 0
v -2302.6640625 2582 52924.9140625 255 255 0
v -2302.6640625 2569.5 52924.9140625 255 255 0
v -2302.6640625 2569.5 53126.1640625 255 255 0
v -2302.6640625 2569.5 52924.9140625 255 255 0
v -2302.6640625 2582 52924.9140625 255 255 0
v -2285.4140625 2582 52924.9140625 255 255 0
v -2285.4140625 2569.5 52924.9140625 255 255 0
v -2285.4140625 2569.5 52924.9140625 255 255 0
v -2285.4140625 2582 52924.9140625 255 255 0
v -2285.4140625 2582 53126.1640625 255 255 0
v -2285.4140625 2569.5 53126.1640625 255 255 0
v -2302.6640625 2582 53126.1640625 255 255 0
v -2302.6640625 2569.5 53126.1640625 255 255 0
v -2285.4140625 2569.5 53126.1640625 255 255 0
v -2285.4140625 2582 53126.1640625 255 255 0
v -2302.6640625 2569.5 53126.1640625 255 255 0
v -2302.6640625 2569.5 52924.9140625 255 255 0
v -2285.4140625 2569.5 52924.9140625 255 255 0
v -2285.4140625 2569.5 53126.1640625 255 255 0
v -2302.6640625 2582 52924.9140625 255 255 0
v -2302.6640625 2582 53126.1640625 255 255 0
v -2285.4140625 2582 52924.9140625 255 255 0
v -2285.4140625 2582 53126.1640625 255 255 0
vt 0.079008758068084717 0.72752189636230469
vt 0.99851232767105103 0.72752189636230469
vt 0.99851232767105103 0.78472495079040527
vt 0.079008758068084717 0.78472495079040527
vt 0.59671884775161743 0.078963026404380798
vt 0.53951585292816162 0.078963026404380798
vt 0.53951585292816162 2.2881200493429787E-05
vt 0.59671884775161743 2.2881200493429787E-05
vt 0.079008758068084717 0.59120988845825195
vt 0.079008758068084717 0.53400689363479614
vt 0.99851232767105103 0.53400689363479614
vt 0.99851232767105103 0.59120988845825195
vt 0.079008787870407104 2.2881200493429787E-05
vt 0.13621178269386292 2.2881200493429787E-05
vt 0.13621178269386292 0.078963026404380798
vt 0.079008787870407104 0.078963026404380798
vt 0.99851232767105103 0.3459550142288208
vt 0.079008758068084717 0.3459550142288208
vt 0.079008758068084717 0.26701486110687256
vt 0.99851232767105103 0.26701486110687256
vt 2.2456853912444785E-05 0.91952639818191528
vt 2.2456853912444785E-05 2.2844809791422449E-05
vt 0.077498607337474823 0.91952639818191528
vt 0.077498607337474823 2.2844809791422449E-05
vn -1 0 0
vn -1 0 0
vn -1 0 0
vn -1 0 0
vn 0 0 -1
vn 0 0 -1
vn 0 0 -1
vn 0 0 -1
vn 1 0 0
vn 1 0 0
vn 1 0 0
vn 1 0 0
vn 0 0 1
vn 0 0 1
vn 0 0 1
vn 0 0 1
vn 0 -1 0
vn 0 -1 0
vn 0 -1 0
vn 0 -1 0
vn 0 1 0
vn 0 1 0
vn 0 1 0
vn 0 1 0
f 2332/2332/2332 2329/2329/2329 2330/2330/2330
f 2330/2330/2330 2331/2331/2331 2332/2332/2332
f 2334/2334/2334 2335/2335/2335 2336/2336/2336 2333/2333/2333
f 2340/2340/2340 2338/2338/2338 2339/2339/2339
f 2338/2338/2338 2340/2340/2340 2337/2337/2337
f 2344/2344/2344 2341/2341/2341 2342/2342/2342 2343/2343/2343
f 2347/2347/2347 2348/2348/2348 2345/2345/2345 2346/2346/2346
f 2349/2349/2349 2350/2350/2350 2352/2352/2352 2351/2351/2351
v -2101.4140625 2582 53126.1640625 255 255 0
v -2118.6640625 2582 53126.1640625 255 255 0
v -2118.6640625 2569.5 53126.1640625 255 255 0
v -2101.4140625 2569.5 53126.1640625 255 255 0
v -2118.6640625 2569.5 53126.1640625 255 255 0
v -2118.6640625 2582 53126.1640625 255 255 0
v -2118.6640625 2582 52924.9140625 255 255 0
v -2118.6640625 2569.5 52924.9140625 255 255 0
v -2118.6640625 2569.5 52924.9140625 255 255 0
v -2118.6640625 2582 52924.9140625 255 255 0
v -2101.4140625 2582 52924.9140625 255 255 0
v -2101.4140625 2569.5 52924.9140625 255 255 0
v -2101.4140625 2582 53126.1640625 255 255 0
v -2101.4140625 2569.5 53126.1640625 255 255 0
v -2101.4140625 2569.5 52924.9140625 255 255 0
v -2101.4140625 2582 52924.9140625 255 255 0
v -2101.4140625 2569.5 53126.1640625 255 255 0
v -2118.6640625 2569.5 53126.1640625 255 255 0
v -2118.6640625 2569.5 52924.9140625 255 255 0
v -2101.4140625 2569.5 52924.9140625 255 255 0
v -2118.6640625 2582 53126.1640625 255 255 0
v -2101.4140625 2582 53126.1640625 255 255 0
v -2118.6640625 2582 52924.9140625 255 255 0
v -2101.4140625 2582 52924.9140625 255 255 0
vt 0.53951585292816162 0.078963026404380798
vt 0.53951585292816162 2.2881200493429787E-05
vt 0.59671884775161743 2.2881200493429787E-05
vt 0.59671884775161743 0.078963026404380798
vt 0.079008758068084717 0.78472495079040527
vt 0.079008758068084717 0.72752189636230469
vt 0.99851232767105103 0.72752189636230469
vt 0.99851232767105103 0.78472495079040527
vt 0.13621178269386292 0.078963026404380798
vt 0.079008787870407104 0.078963026404380798
vt 0.079008787870407104 2.2881200493429787E-05
vt 0.13621178269386292 2.2881200493429787E-05
vt 0.99851232767105103 0.53400689363479614
vt 0.99851232767105103 0.59120988845825195
vt 0.079008758068084717 0.59120988845825195
vt 0.079008758068084717 0.53400689363479614
vt 0.99851232767105103 0.26701486110687256
vt 0.99851232767105103 0.3459550142288208
vt 0.07900875061750412 0.3459550142288208
vt 0.07900875061750412 0.26701486110687256
vt 2.2456189981312491E-05 2.2844809791422449E-05
vt 0.077498607337474823 2.2844809791422449E-05
vt 2.2456189981312491E-05 0.91952639818191528
vt 0.077498607337474823 0.91952639818191528
vn 0 0 1
vn 0 0 1
vn 0 0 1
vn 0 0 1
vn -1 0 0
vn -1 0 0
vn -1 0 0
vn -1 0 0
vn 0 0 -1
vn 0 0 -1
vn 0 0 -1
vn 0 0 -1
vn 1 0 0
vn 1 0 0
vn 1 0 0
vn 1 0 0
vn 0 -1 0
vn 0 -1 0
vn 0 -1 0
vn 0 -1 0
vn 0 1 0
vn 0 1 0
vn 0 1 0
vn 0 1 0
f 2353/2353/2353 2354/2354/2354 2355/2355/2355 2356/2356/2356
f 2357/2357/2357 2358/2358/2358 2359/2359/2359
f 2359/2359/2359 2360/2360/2360 2357/2357/2357
f 2362/2362/2362 2363/2363/2363 2364/2364/2364 2361/2361/2361
f 2366/2366/2366 2368/2368/2368 2365/2365/2365
f 2368/2368/2368 2366/2366/2366 2367/2367/2367
f 2371/2371/2371 2372/2372/2372 2369/2369/2369 2370/2370/2370
f 2373/2373/2373 2374/2374/2374 2376/2376/2376 2375/2375/2375
v -2252.0390625 2582 53075.5390625 255 255 0
v -2252.0390625 2582 52975.5390625 255 255 0
v -2252.0390625 2569.5 52975.5390625 255 255 0
v -2252.0390625 2569.5 53075.5390625 255 255 0
v -2252.0390625 2569.5 52975.5390625 255 255 0
v -2252.0390625 2582 52975.5390625 255 255 0
v -2151.62744140625 2582 52975.5390625 255 255 0
v -2151.62744140625 2569.5 52975.5390625 255 255 0
v -2151.62744140625 2569.5 52975.5390625 255 255 0
v -2151.62744140625 2582 52975.5390625 255 255 0
v -2151.62744140625 2582 53075.5390625 255 255 0
v -2151.62744140625 2569.5 53075.5390625 255 255 0
v -2252.0390625 2582 53075.5390625 255 255 0
v -2252.0390625 2569.5 53075.5390625 255 255 0
v -2151.62744140625 2569.5 53075.5390625 255 255 0
v -2151.62744140625 2582 53075.5390625 255 255 0
v -2252.0390625 2569.5 53075.5390625 255 255 0
v -2252.0390625 2569.5 52975.5390625 255 255 0
v -2151.62744140625 2569.5 52975.5390625 255 255 0
v -2151.62744140625 2569.5 53075.5390625 255 255 0
v -2252.0390625 2582 52975.5390625 255 255 0
v -2252.0390625 2582 53075.5390625 255 255 0
v -2151.62744140625 2582 52975.5390625 255 255 0
v -2151.62744140625 2582 53075.5390625 255 255 0
vt 0.062568157911300659 0.49997499585151672
vt 0.062568157911300659 2.4997500077006407E-05
vt 0.12359823286533356 2.4997500077006407E-05
vt 0.12359823286533356 0.49997499585151672
vt 0.18614198267459869 0.50203251838684082
vt 0.1251119077205658 0.50203251838684082
vt 0.1251119077205658 2.4997500077006407E-05
vt 0.18614198267459869 2.4997500077006407E-05
vt 0.061054486781358719 0.49997499585151672
vt 2.441203105263412E-05 0.49997499585151672
vt 2.441203105263412E-05 2.4997500077006407E-05
vt 0.061054486781358719 2.4997500077006407E-05
vt 0.18765564262866974 2.4997500077006407E-05
vt 0.24868571758270264 2.4997500077006407E-05
vt 0.24868571758270264 0.50203251838684082
vt 0.18765564262866974 0.50203251838684082
vt 0.75074267387390137 2.4924265744630247E-05
vt 0.75074267387390137 0.4985102117061615
vt 0.25019991397857666 0.4985102117061615
vt 0.25019991397857666 2.4924265744630247E-05
vt 0.25019991397857666 0.99851024150848389
vt 0.25019991397857666 0.50002491474151611
vt 0.75074267387390137 0.99851024150848389
vt 0.75074267387390137 0.50002491474151611
vn -1 0 0
vn -1 0 0
vn -1 0 0
vn -1 0 0
vn 0 0 -1
vn 0 0 -1
vn 0 0 -1
vn 0 0 -1
vn 1 0 0
vn 1 0 0
vn 1 0 0
vn 1 0 0
vn 0 0 1
vn 0 0 1
vn 0 0 1
vn 0 0 1
vn 0 -1 0
vn 0 -1 0
vn 0 -1 0
vn 0 -1 0
vn 0 1 0
vn 0 1 0
vn 0 1 0
vn 0 1 0
f 2379/2379/2379 2377/2377/2377 2378/2378/2378
f 2377/2377/2377 2379/2379/2379 2380/2380/2380
f 2382/2382/2382 2383/2383/2383 2384/2384/2384 2381/2381/2381
f 2385/2385/2385 2386/2386/2386 2387/2387/2387
f 2387/2387/2387 2388/2388/2388 2385/2385/2385
f 2392/2392/2392 2389/2389/2389 2390/2390/2390 2391/2391/2391
f 2394/2394/2394 2395/2395/2395 2396/2396/2396
f 2396/2396/2396 2393/2393/2393 2394/2394/2394
f 2399/2399/2399 2397/2397/2397 2398/2398/2398
f 2398/2398/2398 2400/2400/2400 2399/2399/2399
v -2058.2890625 2569.5 53169.2890625 255 255 0
v -2345.7890625 2569.5 53169.2890625 255 255 0
v -2345.7890625 2469.5 53169.2890625 255 255 0
v -2058.2890625 2469.5 53169.2890625 255 255 0
v -2345.7890625 2469.5 53169.2890625 255 255 0
v -2345.7890625 2569.5 53169.2890625 255 255 0
v -2345.7890625 2569.5 52881.7890625 255 255 0
v -2345.7890625 2469.5 52881.7890625 255 255 0
v -2345.7890625 2469.5 52881.7890625 255 255 0
v -2345.7890625 2569.5 52881.7890625 255 255 0
v -2058.2890625 2569.5 52881.7890625 255 255 0
v -2058.2890625 2469.5 52881.7890625 255 255 0
v -2058.2890625 2569.5 53169.2890625 255 255 0
v -2058.2890625 2469.5 53169.2890625 255 255 0
v -2058.2890625 2469.5 52881.7890625 255 255 0
v -2058.2890625 2569.5 52881.7890625 255 255 0
v -2058.2890625 2469.5 53169.2890625 255 255 0
v -2345.7890625 2469.5 53169.2890625 255 255 0
v -2345.7890625 2469.5 52881.7890625 255 255 0
v -2058.2890625 2469.5 52881.7890625 255 255 0
v -2345.7890625 2569.5 53169.2890625 255 255 0
v -2058.2890625 2569.5 53169.2890625 255 255 0
v -2345.7890625 2569.5 52881.7890625 255 255 0
v -2058.2890625 2569.5 52881.7890625 255 255 0
vt 8.6767831817269325E-06 0.25000870227813721
vt 0.49852648377418518 0.25000870227813721
vt 0.49852648377418518 0.42391568422317505
vt 8.6767831817269325E-06 0.42391568422317505
vt 8.6767831817269325E-06 0.92391568422317505
vt 8.6767831817269325E-06 0.75000870227813721
vt 0.49852648377418518 0.75000870227813721
vt 0.49852648377418518 0.92391568422317505
vt 8.6767831817269325E-06 0.17391568422317505
vt 8.6767831817269325E-06 8.6953496065689251E-06
vt 0.49852648377418518 8.6953496065689251E-06
vt 0.49852648377418518 0.17391568422317505
vt 0.49852648377418518 0.50000870227813721
vt 0.49852648377418518 0.67391568422317505
vt 8.6767831817269325E-06 0.67391568422317505
vt 8.6767831817269325E-06 0.50000870227813721
vt 0.99852651357650757 0.99852645397186279
vt 0.50000870227813721 0.99852645397186279
vt 0.50000870227813721 0.50000864267349243
vt 0.99852651357650757 0.50000864267349243
vt 0.50000870227813721 8.6698746599722654E-06
vt 0.99852651357650757 8.6698746599722654E-06
vt 0.50000870227813721 0.49852648377418518
vt 0.99852651357650757 0.49852648377418518
vn 0 0 1
vn 0 0 1
vn 0 0 1
vn 0 0 1
vn -1 0 0
vn -1 0 0
vn -1 0 0
vn -1 0 0
vn 0 0 -1
vn 0 0 -1
vn 0 0 -1
vn 0 0 -1
vn 1 0 0
vn 1 0 0
vn 1 0 0
vn 1 0 0
vn 0 -1 0
vn 0 -1 0
vn 0 -1 0
vn 0 -1 0
vn 0 1 0
vn 0 1 0
vn 0 1 0
vn 0 1 0
f 2401/2401/2401 2402/2402/2402 2403/2403/2403 2404/2404/2404
f 2405/2405/2405 2406/2406/2406 2407/2407/2407
f 2407/2407/2407 2408/2408/2408 2405/2405/2405
f 2410/2410/2410 2411/2411/2411 2412/2412/2412 2409/2409/2409
f 2414/2414/2414 2416/2416/2416 2413/2413/2413
f 2416/2416/2416 2414/2414/2414 2415/2415/2415
f 2419/2419/2419 2420/2420/2420 2417/2417/2417 2418/2418/2418
f 2421/2421/2421 2422/2422/2422 2424/2424/2424 2423/2423/2423
v -2068.2890625 2469.5 53159.2890625 255 255 0
v -2335.7890625 2469.5 53159.2890625 255 255 0
v -2335.7890625 2434.5 53159.2890625 255 255 0
v -2068.2890625 2434.5 53159.2890625 255 255 0
v -2335.7890625 2434.5 53159.2890625 255 255 0
v -2335.7890625 2469.5 53159.2890625 255 255 0
v -2335.7890625 2469.5 52891.7890625 255 255 0
v -2335.7890625 2434.5 52891.7890625 255 255 0
v -2335.7890625 2434.5 52891.7890625 255 255 0
v -2335.7890625 2469.5 52891.7890625 255 255 0
v -2068.2890625 2469.5 52891.7890625 255 255 0
v -2068.2890625 2434.5 52891.7890625 255 255 0
v -2068.2890625 2469.5 53159.2890625 255 255 0
v -2068.2890625 2434.5 53159.2890625 255 255 0
v -2068.2890625 2434.5 52891.7890625 255 255 0
v -2068.2890625 2469.5 52891.7890625 255 255 0
v -2068.2890625 2434.5 53159.2890625 255 255 0
v -2335.7890625 2434.5 53159.2890625 255 255 0
v -2335.7890625 2434.5 52891.7890625 255 255 0
v -2068.2890625 2434.5 52891.7890625 255 255 0
v -2335.7890625 2469.5 53159.2890625 255 255 0
v -2068.2890625 2469.5 53159.2890625 255 255 0
v -2335.7890625 2469.5 52891.7890625 255 255 0
v -2068.2890625 2469.5 52891.7890625 255 255 0
vt 0.065445944666862488 0.49999064207077026
vt 0.065445944666862488 9.3454445959650911E-06
vt 0.1293996274471283 9.3454445959650911E-06
vt 0.1293996274471283 0.49999064207077026
vt 0.063962824642658234 0.49999064207077026
vt 9.1362417151685804E-06 0.49999064207077026
vt 9.1362417151685804E-06 9.3454445959650911E-06
vt 0.063962824642658234 9.3454445959650911E-06
vt 0.26027324795722961 0.49999064207077026
vt 0.19631955027580261 0.49999064207077026
vt 0.19631955027580261 9.3454445959650911E-06
vt 0.26027324795722961 9.3454445959650911E-06
vt 0.13088275492191315 9.3454445959650911E-06
vt 0.19483643770217896 9.3454445959650911E-06
vt 0.19483643770217896 0.49999064207077026
vt 0.13088275492191315 0.49999064207077026
vt 0.7602730393409729 0.99852579832077026
vt 0.26175656914710999 0.99852579832077026
vt 0.26175656914710999 0.50000929832458496
vt 0.7602730393409729 0.50000929832458496
vt 0.26175656914710999 9.3180651674629189E-06
vt 0.7602730393409729 9.3180651674629189E-06
vt 0.26175656914710999 0.49852582812309265
vt 0.7602730393409729 0.49852582812309265
vn 0 0 1
vn 0 0 1
vn 0 0 1
vn 0 0 1
vn -1 0 0
vn -1 0 0
vn -1 0 0
vn -1 0 0
vn 0 0 -1
vn 0 0 -1
vn 0 0 -1
vn 0 0 -1
vn 1 0 0
vn 1 0 0
vn 1 0 0
vn 1 0 0
vn 0 -1 0
vn 0 -1 0
vn 0 -1 0
vn 0 -1 0
vn 0 1 0
vn 0 1 0
vn 0 1 0
vn 0 1 0
f 2425/2425/2425 2426/2426/2426 2427/2427/2427 2428/2428/2428
f 2430/2430/2430 2431/2431/2431 2432/2432/2432 2429/2429/2429
f 2434/2434/2434 2435/2435/2435 2436/2436/2436 2433/2433/2433
f 2440/2440/2440 2437/2437/2437 2438/2438/2438 2439/2439/2439
f 2443/2443/2443 2444/2444/2444 2441/2441/2441 2442/2442/2442
f 2445/2445/2445 2446/2446/2446 2448/2448/2448 2447/2447/2447
v -2335.7890625 2469.5 52891.7890625 255 255 0
v -2335.7890625 2469.5 53159.2890625 255 255 0
v -2335.7890625 2434.5 53159.2890625 255 255 0
v -2335.7890625 2434.5 52891.7890625 255 255 0
v -2335.7890625 2434.5 53159.2890625 255 255 0
v -2335.7890625 2469.5 53159.2890625 255 255 0
v -2068.2890625 2469.5 53159.2890625 255 255 0
v -2068.2890625 2434.5 53159.2890625 255 255 0
v -2068.2890625 2434.5 53159.2890625 255 255 0
v -2068.2890625 2469.5 53159.2890625 255 255 0
v -2068.2890625 2469.5 52891.7890625 255 255 0
v -2068.2890625 2434.5 52891.7890625 255 255 0
v -2335.7890625 2469.5 52891.7890625 255 255 0
v -2335.7890625 2434.5 52891.7890625 255 255 0
v -2068.2890625 2434.5 52891.7890625 255 255 0
v -2068.2890625 2469.5 52891.7890625 255 255 0
v -2058.2890625 2469.5 53169.2890625 255 255 0
v -2345.7890625 2469.5 53169.2890625 255 255 0
v -2345.7890625 2434.5 53169.2890625 255 255 0
v -2058.2890625 2434.5 53169.2890625 255 255 0
v -2345.7890625 2434.5 53169.2890625 255 255 0
v -2345.7890625 2469.5 53169.2890625 255 255 0
v -2345.7890625 2469.5 52881.7890625 255 255 0
v -2345.7890625 2434.5 52881.7890625 255 255 0
v -2345.7890625 2434.5 52881.7890625 255 255 0
v -2345.7890625 2469.5 52881.7890625 255 255 0
v -2058.2890625 2469.5 52881.7890625 255 255 0
v -2058.2890625 2434.5 52881.7890625 255 255 0
v -2058.2890625 2469.5 53169.2890625 255 255 0
v -2058.2890625 2434.5 53169.2890625 255 255 0
v -2058.2890625 2434.5 52881.7890625 255 255 0
v -2058.2890625 2469.5 52881.7890625 255 255 0
v -2335.7890625 2434.5 52891.7890625 255 255 0
v -2335.7890625 2434.5 53159.2890625 255 255 0
v -2068.2890625 2434.5 53159.2890625 255 255 0
v -2068.2890625 2434.5 52891.7890625 255 255 0
v -2058.2890625 2434.5 53169.2890625 255 255 0
v -2345.7890625 2434.5 53169.2890625 255 255 0
v -2345.7890625 2434.5 52881.7890625 255 255 0
v -2058.2890625 2434.5 52881.7890625 255 255 0
v -2335.7890625 2469.5 53159.2890625 255 255 0
v -2335.7890625 2469.5 52891.7890625 255 255 0
v -2068.2890625 2469.5 53159.2890625 255 255 0
v -2068.2890625 2469.5 52891.7890625 255 255 0
v -2345.7890625 2469.5 53169.2890625 255 255 0
v -2058.2890625 2469.5 53169.2890625 255 255 0
v -2345.7890625 2469.5 52881.7890625 255 255 0
v -2058.2890625 2469.5 52881.7890625 255 255 0
vt 0.06089332327246666 0.46520990133285522
vt 0.06089332327246666 8.6953496065689251E-06
vt 0.12029635161161423 8.6953496065689251E-06
vt 0.12029635161161423 0.46520990133285522
vt 0.059411510825157166 0.46520990133285522
vt 8.4861458162777126E-06 0.46520990133285522
vt 8.4861458162777126E-06 8.6953496065689251E-06
vt 0.059411510825157166 8.6953496065689251E-06
vt 0.24206602573394775 0.46520990133285522
vt 0.18266300857067108 0.46520990133285522
vt 0.18266300857067108 8.6953496065689251E-06
vt 0.24206602573394775 8.6953496065689251E-06
vt 0.12177816033363342 8.6953496065689251E-06
vt 0.18118119239807129 8.6953496065689251E-06
vt 0.18118119239807129 0.46520990133285522
vt 0.12177816033363342 0.46520990133285522
vt 0.30443269014358521 0.49999129772186279
vt 0.30443269014358521 8.6953496065689251E-06
vt 0.36383569240570068 8.6953496065689251E-06
vt 0.36383569240570068 0.49999129772186279
vt 0.30295085906982422 0.49999129772186279
vt 0.24354784190654755 0.49999129772186279
vt 0.24354784190654755 8.6953496065689251E-06
vt 0.30295085906982422 8.6953496065689251E-06
vt 0.485605388879776 0.49999129772186279
vt 0.42620235681533813 0.49999129772186279
vt 0.42620235681533813 8.6953496065689251E-06
vt 0.485605388879776 8.6953496065689251E-06
vt 0.36531752347946167 8.6953496065689251E-06
vt 0.42472055554389954 8.6953496065689251E-06
vt 0.42472055554389954 0.49999129772186279
vt 0.36531752347946167 0.49999129772186279
vt 0.50442713499069214 0.51734840869903564
vt 0.50442713499069214 0.98118674755096436
vt 0.96826547384262085 0.98118674755096436
vt 0.96826547384262085 0.51734840869903564
vt 0.98560518026351929 0.99852645397186279
vt 0.48708739876747131 0.99852645397186279
vt 0.48708739876747131 0.50000864267349243
vt 0.98560518026351929 0.50000864267349243
vt 0.50442713499069214 0.01734841987490654
vt 0.50442713499069214 0.48118671774864197
vt 0.96826547384262085 0.01734841987490654
vt 0.96826547384262085 0.48118671774864197
vt 0.48708739876747131 8.6698746599722654E-06
vt 0.98560518026351929 8.6698746599722654E-06
vt 0.48708739876747131 0.49852648377418518
vt 0.98560518026351929 0.49852648377418518
vn 1 0 0
vn 1 0 0
vn 1 0 0
vn 1 0 0
vn 0 0 -1
vn 0 0 -1
vn 0 0 -1
vn 0 0 -1
vn -1 0 0
vn -1 0 0
vn -1 0 0
vn -1 0 0
vn 0 0 1
vn 0 0 1
vn 0 0 1
vn 0 0 1
vn 0 0 1
vn 0 0 1
vn 0 0 1
vn 0 0 1
vn -1 0 0
vn -1 0 0
vn -1 0 0
vn -1 0 0
vn 0 0 -1
vn 0 0 -1
vn 0 0 -1
vn 0 0 -1
vn 1 0 0
vn 1 0 0
vn 1 0 0
vn 1 0 0
vn 0 -1 0
vn 0 -1 0
vn 0 -1 0
vn 0 -1 0
vn 0 -1 0
vn 0 -1 0
vn 0 -1 0
vn 0 -1 0
vn 0 1 0
vn 0 1 0
vn 0 1 0
vn 0 1 0
vn 0 1 0
vn 0 1 0
vn 0 1 0
vn 0 1 0
f 2449/2449/2449 2450/2450/2450 2451/2451/2451 2452/2452/2452
f 2454/2454/2454 2455/2455/2455 2456/2456/2456 2453/2453/2453
f 2458/2458/2458 2459/2459/2459 2460/2460/2460 2457/2457/2457
f 2464/2464/2464 2461/2461/2461 2462/2462/2462 2463/2463/2463
f 2465/2465/2465 2466/2466/2466 2467/2467/2467 2468/2468/2468
f 2470/2470/2470 2471/2471/2471 2472/2472/2472 2469/2469/2469
f 2474/2474/2474 2475/2475/2475 2476/2476/2476 2473/2473/2473
f 2480/2480/2480 2477/2477/2477 2478/2478/2478 2479/2479/2479
f 2484/2484/2484 2481/2481/2481 2487/2487/2487 2488/2488/2488
f 2483/2483/2483 2484/2484/2484 2488/2488/2488 2485/2485/2485
f 2481/2481/2481 2482/2482/2482 2486/2486/2486 2487/2487/2487
f 2482/2482/2482 2483/2483/2483 2485/2485/2485 2486/2486/2486
f 2491/2491/2491 2489/2489/2489 2493/2493/2493 2494/2494/2494
f 2494/2494/2494 2496/2496/2496 2492/2492/2492 2491/2491/2491
f 2495/2495/2495 2493/2493/2493 2489/2489/2489 2490/2490/2490
f 2490/2490/2490 2492/2492/2492 2496/2496/2496 2495/2495/2495
v -2122.0390625 2632 54755.5390625 255 255 0
v -2242.0390625 2632 54755.5390625 255 255 0
v -2242.0390625 2582 54755.5390625 255 255 0
v -2122.0390625 2582 54755.5390625 255 255 0
v -2242.0390625 2582 54755.5390625 255 255 0
v -2242.0390625 2632 54755.5390625 255 255 0
v -2242.0390625 2632 54655.5390625 255 255 0
v -2242.0390625 2582 54655.5390625 255 255 0
v -2242.0390625 2582 54655.5390625 255 255 0
v -2242.0390625 2632 54655.5390625 255 255 0
v -2122.0390625 2632 54655.5390625 255 255 0
v -2122.0390625 2582 54655.5390625 255 255 0
v -2122.0390625 2632 54755.5390625 255 255 0
v -2122.0390625 2582 54755.5390625 255 255 0
v -2122.0390625 2582 54655.5390625 255 255 0
v -2122.0390625 2632 54655.5390625 255 255 0
v -2122.0390625 2582 54755.5390625 255 255 0
v -2242.0390625 2582 54755.5390625 255 255 0
v -2242.0390625 2582 54655.5390625 255 255 0
v -2122.0390625 2582 54655.5390625 255 255 0
v -2242.0390625 2632 54755.5390625 255 255 0
v -2122.0390625 2632 54755.5390625 255 255 0
v -2242.0390625 2632 54655.5390625 255 255 0
v -2122.0390625 2632 54655.5390625 255 255 0
vt 0.50002074241638184 0.62505191564559937
vt 0.99851441383361816 0.62505191564559937
vt 0.99851441383361816 0.83190333843231201
vt 0.50002074241638184 0.83190333843231201
vt 0.95833683013916016 0.4151880145072937
vt 0.75002080202102661 0.4151880145072937
vt 0.75002080202102661 2.075836164294742E-05
vt 0.95833683013916016 2.075836164294742E-05
vt 0.50002074241638184 0.62354570627212524
vt 0.50002074241638184 0.4166942834854126
vt 0.99851441383361816 0.4166942834854126
vt 0.99851441383361816 0.62354570627212524
vt 0.50002080202102661 2.075836164294742E-05
vt 0.70833683013916016 2.075836164294742E-05
vt 0.70833683013916016 0.4151880145072937
vt 0.50002080202102661 0.4151880145072937
vt 0.49851438403129578 0.83190327882766724
vt 2.0770792616531253E-05 0.83190327882766724
vt 2.0770792616531253E-05 0.41671520471572876
vt 0.49851438403129578 0.41671520471572876
vt 2.0770792616531253E-05 2.0759403923875652E-05
vt 0.49851438403129578 2.0759403923875652E-05
vt 2.0770792616531253E-05 0.4152088463306427
vt 0.49851438403129578 0.4152088463306427
vn 0 0 1
vn 0 0 1
vn 0 0 1
vn 0 0 1
vn -1 0 0
vn -1 0 0
vn -1 0 0
vn -1 0 0
vn 0 0 -1
vn 0 0 -1
vn 0 0 -1
vn 0 0 -1
vn 1 0 0
vn 1 0 0
vn 1 0 0
vn 1 0 0
vn 0 -1 0
vn 0 -1 0
vn 0 -1 0
vn 0 -1 0
vn 0 1 0
vn 0 1 0
vn 0 1 0
vn 0 1 0
f 2497/2497/2497 2498/2498/2498 2499/2499/2499 2500/2500/2500
f 2501/2501/2501 2502/2502/2502 2503/2503/2503
f 2503/2503/2503 2504/2504/2504 2501/2501/2501
f 2506/2506/2506 2507/2507/2507 2508/2508/2508 2505/2505/2505
f 2510/2510/2510 2512/2512/2512 2509/2509/2509
f 2512/2512/2512 2510/2510/2510 2511/2511/2511
f 2515/2515/2515 2516/2516/2516 2513/2513/2513 2514/2514/2514
f 2517/2517/2517 2518/2518/2518 2520/2520/2520 2519/2519/2519
v -2292.6640625 2582 54806.1640625 255 255 0
v -2292.6640625 2582 54604.9140625 255 255 0
v -2292.6640625 2569.5 54604.9140625 255 255 0
v -2292.6640625 2569.5 54806.1640625 255 255 0
v -2292.6640625 2569.5 54604.9140625 255 255 0
v -2292.6640625 2582 54604.9140625 255 255 0
v -2275.4140625 2582 54604.9140625 255 255 0
v -2275.4140625 2569.5 54604.9140625 255 255 0
v -2275.4140625 2569.5 54604.9140625 255 255 0
v -2275.4140625 2582 54604.9140625 255 255 0
v -2275.4140625 2582 54806.1640625 255 255 0
v -2275.4140625 2569.5 54806.1640625 255 255 0
v -2292.6640625 2582 54806.1640625 255 255 0
v -2292.6640625 2569.5 54806.1640625 255 255 0
v -2275.4140625 2569.5 54806.1640625 255 255 0
v -2275.4140625 2582 54806.1640625 255 255 0
v -2292.6640625 2569.5 54806.1640625 255 255 0
v -2292.6640625 2569.5 54604.9140625 255 255 0
v -2275.4140625 2569.5 54604.9140625 255 255 0
v -2275.4140625 2569.5 54806.1640625 255 255 0
v -2292.6640625 2582 54604.9140625 255 255 0
v -2292.6640625 2582 54806.1640625 255 255 0
v -2275.4140625 2582 54604.9140625 255 255 0
v -2275.4140625 2582 54806.1640625 255 255 0
vt 0.079008758068084717 0.72752189636230469
vt 0.99851232767105103 0.72752189636230469
vt 0.99851232767105103 0.78472495079040527
vt 0.079008758068084717 0.78472495079040527
vt 0.59671884775161743 0.078963026404380798
vt 0.53951585292816162 0.078963026404380798
vt 0.53951585292816162 2.2881200493429787E-05
vt 0.59671884775161743 2.2881200493429787E-05
vt 0.079008758068084717 0.59120988845825195
vt 0.079008758068084717 0.53400689363479614
vt 0.99851232767105103 0.53400689363479614
vt 0.99851232767105103 0.59120988845825195
vt 0.079008787870407104 2.2881200493429787E-05
vt 0.13621178269386292 2.2881200493429787E-05
vt 0.13621178269386292 0.078963026404380798
vt 0.079008787870407104 0.078963026404380798
vt 0.99851232767105103 0.3459550142288208
vt 0.079008758068084717 0.3459550142288208
vt 0.079008758068084717 0.26701486110687256
vt 0.99851232767105103 0.26701486110687256
vt 2.2456853912444785E-05 0.91952639818191528
vt 2.2456853912444785E-05 2.2844809791422449E-05
vt 0.077498607337474823 0.91952639818191528
vt 0.077498607337474823 2.2844809791422449E-05
vn -1 0 0
vn -1 0 0
vn -1 0 0
vn -1 0 0
vn 0 0 -1
vn 0 0 -1
vn 0 0 -1
vn 0 0 -1
vn 1 0 0
vn 1 0 0
vn 1 0 0
vn 1 0 0
vn 0 0 1
vn 0 0 1
vn 0 0 1
vn 0 0 1
vn 0 -1 0
vn 0 -1 0
vn 0 -1 0
vn 0 -1 0
vn 0 1 0
vn 0 1 0
vn 0 1 0
vn 0 1 0
f 2524/2524/2524 2521/2521/2521 2522/2522/2522
f 2522/2522/2522 2523/2523/2523 2524/2524/2524
f 2526/2526/2526 2527/2527/2527 2528/2528/2528 2525/2525/2525
f 2532/2532/2532 2530/2530/2530 2531/2531/2531
f 2530/2530/2530 2532/2532/2532 2529/2529/2529
f 2536/2536/2536 2533/2533/2533 2534/2534/2534 2535/2535/2535
f 2539/2539/2539 2540/2540/2540 2537/2537/2537 2538/2538/2538
f 2541/2541/2541 2542/2542/2542 2544/2544/2544 2543/2543/2543
v -2091.4140625 2582 54806.1640625 255 255 0
v -2108.6640625 2582 54806.1640625 255 255 0
v -2108.6640625 2569.5 54806.1640625 255 255 0
v -2091.4140625 2569.5 54806.1640625 255 255 0
v -2108.6640625 2569.5 54806.1640625 255 255 0
v -2108.6640625 2582 54806.1640625 255 255 0
v -2108.6640625 2582 54604.9140625 255 255 0
v -2108.6640625 2569.5 54604.9140625 255 255 0
v -2108.6640625 2569.5 54604.9140625 255 255 0
v -2108.6640625 2582 54604.9140625 255 255 0
v -2091.4140625 2582 54604.9140625 255 255 0
v -2091.4140625 2569.5 54604.9140625 255 255 0
v -2091.4140625 2582 54806.1640625 255 255 0
v -2091.4140625 2569.5 54806.1640625 255 255 0
v -2091.4140625 2569.5 54604.9140625 255 255 0
v -2091.4140625 2582 54604.9140625 255 255 0
v -2091.4140625 2569.5 54806.1640625 255 255 0
v -2108.6640625 2569.5 54806.1640625 255 255 0
v -2108.6640625 2569.5 54604.9140625 255 255 0
v -2091.4140625 2569.5 54604.9140625 255 255 0
v -2108.6640625 2582 54806.1640625 255 255 0
v -2091.4140625 2582 54806.1640625 255 255 0
v -2108.6640625 2582 54604.9140625 255 255 0
v -2091.4140625 2582 54604.9140625 255 255 0
vt 0.53951585292816162 0.078963026404380798
vt 0.53951585292816162 2.2881200493429787E-05
vt 0.59671884775161743 2.2881200493429787E-05
vt 0.59671884775161743 0.078963026404380798
vt 0.079008758068084717 0.78472495079040527
vt 0.079008758068084717 0.72752189636230469
vt 0.99851232767105103 0.72752189636230469
vt 0.99851232767105103 0.78472495079040527
vt 0.13621178269386292 0.078963026404380798
vt 0.079008787870407104 0.078963026404380798
vt 0.079008787870407104 2.2881200493429787E-05
vt 0.13621178269386292 2.2881200493429787E-05
vt 0.99851232767105103 0.53400689363479614
vt 0.99851232767105103 0.59120988845825195
vt 0.079008758068084717 0.59120988845825195
vt 0.079008758068084717 0.53400689363479614
vt 0.99851232767105103 0.26701486110687256
vt 0.99851232767105103 0.3459550142288208
vt 0.07900875061750412 0.3459550142288208
vt 0.07900875061750412 0.26701486110687256
vt 2.2456189981312491E-05 2.2844809791422449E-05
vt 0.077498607337474823 2.2844809791422449E-05
vt 2.2456189981312491E-05 0.91952639818191528
vt 0.077498607337474823 0.91952639818191528
vn 0 0 1
vn 0 0 1
vn 0 0 1
vn 0 0 1
vn -1 0 0
vn -1 0 0
vn -1 0 0
vn -1 0 0
vn 0 0 -1
vn 0 0 -1
vn 0 0 -1
vn 0 0 -1
vn 1 0 0
vn 1 0 0
vn 1 0 0
vn 1 0 0
vn 0 -1 0
vn 0 -1 0
vn 0 -1 0
vn 0 -1 0
vn 0 1 0
vn 0 1 0
vn 0 1 0
vn 0 1 0
f 2545/2545/2545 2546/2546/2546 2547/2547/2547 2548/2548/2548
f 2549/2549/2549 2550/2550/2550 2551/2551/2551
f 2551/2551/2551 2552/2552/2552 2549/2549/2549
f 2554/2554/2554 2555/2555/2555 2556/2556/2556 2553/2553/2553
f 2558/2558/2558 2560/2560/2560 2557/2557/2557
f 2560/2560/2560 2558/2558/2558 2559/2559/2559
f 2563/2563/2563 2564/2564/2564 2561/2561/2561 2562/2562/2562
f 2565/2565/2565 2566/2566/2566 2568/2568/2568 2567/2567/2567
v -2242.0390625 2582 54755.5390625 255 255 0
v -2242.0390625 2582 54655.5390625 255 255 0
v -2242.0390625 2569.5 54655.5390625 255 255 0
v -2242.0390625 2569.5 54755.5390625 255 255 0
v -2242.0390625 2569.5 54655.5390625 255 255 0
v -2242.0390625 2582 54655.5390625 255 255 0
v -2141.62744140625 2582 54655.5390625 255 255 0
v -2141.62744140625 2569.5 54655.5390625 255 255 0
v -2141.62744140625 2569.5 54655.5390625 255 255 0
v -2141.62744140625 2582 54655.5390625 255 255 0
v -2141.62744140625 2582 54755.5390625 255 255 0
v -2141.62744140625 2569.5 54755.5390625 255 255 0
v -2242.0390625 2582 54755.5390625 255 255 0
v -2242.0390625 2569.5 54755.5390625 255 255 0
v -2141.62744140625 2569.5 54755.5390625 255 255 0
v -2141.62744140625 2582 54755.5390625 255 255 0
v -2242.0390625 2569.5 54755.5390625 255 255 0
v -2242.0390625 2569.5 54655.5390625 255 255 0
v -2141.62744140625 2569.5 54655.5390625 255 255 0
v -2141.62744140625 2569.5 54755.5390625 255 255 0
v -2242.0390625 2582 54655.5390625 255 255 0
v -2242.0390625 2582 54755.5390625 255 255 0
v -2141.62744140625 2582 54655.5390625 255 255 0
v -2141.62744140625 2582 54755.5390625 255 255 0
vt 0.062568157911300659 0.49997499585151672
vt 0.062568157911300659 2.4997500077006407E-05
vt 0.12359823286533356 2.4997500077006407E-05
vt 0.12359823286533356 0.49997499585151672
vt 0.18614198267459869 0.50203251838684082
vt 0.1251119077205658 0.50203251838684082
vt 0.1251119077205658 2.4997500077006407E-05
vt 0.18614198267459869 2.4997500077006407E-05
vt 0.061054486781358719 0.49997499585151672
vt 2.441203105263412E-05 0.49997499585151672
vt 2.441203105263412E-05 2.4997500077006407E-05
vt 0.061054486781358719 2.4997500077006407E-05
vt 0.18765564262866974 2.4997500077006407E-05
vt 0.24868571758270264 2.4997500077006407E-05
vt 0.24868571758270264 0.50203251838684082
vt 0.18765564262866974 0.50203251838684082
vt 0.75074267387390137 2.4924265744630247E-05
vt 0.75074267387390137 0.4985102117061615
vt 0.25019991397857666 0.4985102117061615
vt 0.25019991397857666 2.4924265744630247E-05
vt 0.25019991397857666 0.99851024150848389
vt 0.25019991397857666 0.50002491474151611
vt 0.75074267387390137 0.99851024150848389
vt 0.75074267387390137 0.50002491474151611
vn -1 0 0
vn -1 0 0
vn -1 0 0
vn -1 0 0
vn 0 0 -1
vn 0 0 -1
vn 0 0 -1
vn 0 0 -1
vn 1 0 0
vn 1 0 0
vn 1 0 0
vn 1 0 0
vn 0 0 1
vn 0 0 1
vn 0 0 1
vn 0 0 1
vn 0 -1 0
vn 0 -1 0
vn 0 -1 0
vn 0 -1 0
vn 0 1 0
vn 0 1 0
vn 0 1 0
vn 0 1 0
f 2571/2571/2571 2569/2569/2569 2570/2570/2570
f 2569/2569/2569 2571/2571/2571 2572/2572/2572
f 2574/2574/2574 2575/2575/2575 2576/2576/2576 2573/2573/2573
f 2577/2577/2577 2578/2578/2578 2579/2579/2579
f 2579/2579/2579 2580/2580/2580 2577/2577/2577
f 2584/2584/2584 2581/2581/2581 2582/2582/2582 2583/2583/2583
f 2586/2586/2586 2587/2587/2587 2588/2588/2588
f 2588/2588/2588 2585/2585/2585 2586/2586/2586
f 2591/2591/2591 2589/2589/2589 2590/2590/2590
f 2590/2590/2590 2592/2592/2592 2591/2591/2591
v -2048.2890625 2569.5 54849.2890625 255 255 0
v -2335.7890625 2569.5 54849.2890625 255 255 0
v -2335.7890625 2469.5 54849.2890625 255 255 0
v -2048.2890625 2469.5 54849.2890625 255 255 0
v -2335.7890625 2469.5 54849.2890625 255 255 0
v -2335.7890625 2569.5 54849.2890625 255 255 0
v -2335.7890625 2569.5 54561.7890625 255 255 0
v -2335.7890625 2469.5 54561.7890625 255 255 0
v -2335.7890625 2469.5 54561.7890625 255 255 0
v -2335.7890625 2569.5 54561.7890625 255 255 0
v -2048.2890625 2569.5 54561.7890625 255 255 0
v -2048.2890625 2469.5 54561.7890625 255 255 0
v -2048.2890625 2569.5 54849.2890625 255 255 0
v -2048.2890625 2469.5 54849.2890625 255 255 0
v -2048.2890625 2469.5 54561.7890625 255 255 0
v -2048.2890625 2569.5 54561.7890625 255 255 0
v -2048.2890625 2469.5 54849.2890625 255 255 0
v -2335.7890625 2469.5 54849.2890625 255 255 0
v -2335.7890625 2469.5 54561.7890625 255 255 0
v -2048.2890625 2469.5 54561.7890625 255 255 0
v -2335.7890625 2569.5 54849.2890625 255 255 0
v -2048.2890625 2569.5 54849.2890625 255 255 0
v -2335.7890625 2569.5 54561.7890625 255 255 0
v -2048.2890625 2569.5 54561.7890625 255 255 0
vt 8.6767831817269325E-06 0.25000870227813721
vt 0.49852648377418518 0.25000870227813721
vt 0.49852648377418518 0.42391568422317505
vt 8.6767831817269325E-06 0.42391568422317505
vt 8.6767831817269325E-06 0.92391568422317505
vt 8.6767831817269325E-06 0.75000870227813721
vt 0.49852648377418518 0.75000870227813721
vt 0.49852648377418518 0.92391568422317505
vt 8.6767831817269325E-06 0.17391568422317505
vt 8.6767831817269325E-06 8.6953496065689251E-06
vt 0.49852648377418518 8.6953496065689251E-06
vt 0.49852648377418518 0.17391568422317505
vt 0.49852648377418518 0.50000870227813721
vt 0.49852648377418518 0.67391568422317505
vt 8.6767831817269325E-06 0.67391568422317505
vt 8.6767831817269325E-06 0.50000870227813721
vt 0.99852651357650757 0.99852645397186279
vt 0.50000870227813721 0.99852645397186279
vt 0.50000870227813721 0.50000864267349243
vt 0.99852651357650757 0.50000864267349243
vt 0.50000870227813721 8.6698746599722654E-06
vt 0.99852651357650757 8.6698746599722654E-06
vt 0.50000870227813721 0.49852648377418518
vt 0.99852651357650757 0.49852648377418518
vn 0 0 1
vn 0 0 1
vn 0 0 1
vn 0 0 1
vn -1 0 0
vn -1 0 0
vn -1 0 0
vn -1 0 0
vn 0 0 -1
vn 0 0 -1
vn 0 0 -1
vn 0 0 -1
vn 1 0 0
vn 1 0 0
vn 1 0 0
vn 1 0 0
vn 0 -1 0
vn 0 -1 0
vn 0 -1 0
vn 0 -1 0
vn 0 1 0
vn 0 1 0
vn 0 1 0
vn 0 1 0
f 2593/2593/2593 2594/2594/2594 2595/2595/2595 2596/2596/2596
f 2597/2597/2597 2598/2598/2598 2599/2599/2599
f 2599/2599/2599 2600/2600/2600 2597/2597/2597
f 2602/2602/2602 2603/2603/2603 2604/2604/2604 2601/2601/2601
f 2606/2606/2606 2608/2608/2608 2605/2605/2605
f 2608/2608/2608 2606/2606/2606 2607/2607/2607
f 2611/2611/2611 2612/2612/2612 2609/2609/2609 2610/2610/2610
f 2613/2613/2613 2614/2614/2614 2616/2616/2616 2615/2615/2615
v -2058.2890625 2469.5 54839.2890625 255 255 0
v -2325.7890625 2469.5 54839.2890625 255 255 0
v -2325.7890625 2434.5 54839.2890625 255 255 0
v -2058.2890625 2434.5 54839.2890625 255 255 0
v -2325.7890625 2434.5 54839.2890625 255 255 0
v -2325.7890625 2469.5 54839.2890625 255 255 0
v -2325.7890625 2469.5 54571.7890625 255 255 0
v -2325.7890625 2434.5 54571.7890625 255 255 0
v -2325.7890625 2434.5 54571.7890625 255 255 0
v -2325.7890625 2469.5 54571.7890625 255 255 0
v -2058.2890625 2469.5 54571.7890625 255 255 0
v -2058.2890625 2434.5 54571.7890625 255 255 0
v -2058.2890625 2469.5 54839.2890625 255 255 0
v -2058.2890625 2434.5 54839.2890625 255 255 0
v -2058.2890625 2434.5 54571.7890625 255 255 0
v -2058.2890625 2469.5 54571.7890625 255 255 0
v -2058.2890625 2434.5 54839.2890625 255 255 0
v -2325.7890625 2434.5 54839.2890625 255 255 0
v -2325.7890625 2434.5 54571.7890625 255 255 0
v -2058.2890625 2434.5 54571.7890625 255 255 0
v -2325.7890625 2469.5 54839.2890625 255 255 0
v -2058.2890625 2469.5 54839.2890625 255 255 0
v -2325.7890625 2469.5 54571.7890625 255 255 0
v -2058.2890625 2469.5 54571.7890625 255 255 0
vt 0.065445944666862488 0.49999064207077026
vt 0.065445944666862488 9.3454445959650911E-06
vt 0.1293996274471283 9.3454445959650911E-06
vt 0.1293996274471283 0.49999064207077026
vt 0.063962824642658234 0.49999064207077026
vt 9.1362417151685804E-06 0.49999064207077026
vt 9.1362417151685804E-06 9.3454445959650911E-06
vt 0.063962824642658234 9.3454445959650911E-06
vt 0.26027324795722961 0.49999064207077026
vt 0.19631955027580261 0.49999064207077026
vt 0.19631955027580261 9.3454445959650911E-06
vt 0.26027324795722961 9.3454445959650911E-06
vt 0.13088275492191315 9.3454445959650911E-06
vt 0.19483643770217896 9.3454445959650911E-06
vt 0.19483643770217896 0.49999064207077026
vt 0.13088275492191315 0.49999064207077026
vt 0.7602730393409729 0.99852579832077026
vt 0.26175656914710999 0.99852579832077026
vt 0.26175656914710999 0.50000929832458496
vt 0.7602730393409729 0.50000929832458496
vt 0.26175656914710999 9.3180651674629189E-06
vt 0.7602730393409729 9.3180651674629189E-06
vt 0.26175656914710999 0.49852582812309265
vt 0.7602730393409729 0.49852582812309265
vn 0 0 1
vn 0 0 1
vn 0 0 1
vn 0 0 1
vn -1 0 0
vn -1 0 0
vn -1 0 0
vn -1 0 0
vn 0 0 -1
vn 0 0 -1
vn 0 0 -1
vn 0 0 -1
vn 1 0 0
vn 1 0 0
vn 1 0 0
vn 1 0 0
vn 0 -1 0
vn 0 -1 0
vn 0 -1 0
vn 0 -1 0
vn 0 1 0
vn 0 1 0
vn 0 1 0
vn 0 1 0
f 2617/2617/2617 2618/2618/2618 2619/2619/2619 2620/2620/2620
f 2622/2622/2622 2623/2623/2623 2624/2624/2624 2621/2621/2621
f 2626/2626/2626 2627/2627/2627 2628/2628/2628 2625/2625/2625
f 2632/2632/2632 2629/2629/2629 2630/2630/2630 2631/2631/2631
f 2635/2635/2635 2636/2636/2636 2633/2633/2633 2634/2634/2634
f 2637/2637/2637 2638/2638/2638 2640/2640/2640 2639/2639/2639
v -2325.7890625 2469.5 54571.7890625 255 255 0
v -2325.7890625 2469.5 54839.2890625 255 255 0
v -2325.7890625 2434.5 54839.2890625 255 255 0
v -2325.7890625 2434.5 54571.7890625 255 255 0
v -2325.7890625 2434.5 54839.2890625 255 255 0
v -2325.7890625 2469.5 54839.2890625 255 255 0
v -2058.2890625 2469.5 54839.2890625 255 255 0
v -2058.2890625 2434.5 54839.2890625 255 255 0
v -2058.2890625 2434.5 54839.2890625 255 255 0
v -2058.2890625 2469.5 54839.2890625 255 255 0
v -2058.2890625 2469.5 54571.7890625 255 255 0
v -2058.2890625 2434.5 54571.7890625 255 255 0
v -2325.7890625 2469.5 54571.7890625 255 255 0
v -2325.7890625 2434.5 54571.7890625 255 255 0
v -2058.2890625 2434.5 54571.7890625 255 255 0
v -2058.2890625 2469.5 54571.7890625 255 255 0
v -2048.2890625 2469.5 54849.2890625 255 255 0
v -2335.7890625 2469.5 54849.2890625 255 255 0
v -2335.7890625 2434.5 54849.2890625 255 255 0
v -2048.2890625 2434.5 54849.2890625 255 255 0
v -2335.7890625 2434.5 54849.2890625 255 255 0
v -2335.7890625 2469.5 54849.2890625 255 255 0
v -2335.7890625 2469.5 54561.7890625 255 255 0
v -2335.7890625 2434.5 54561.7890625 255 255 0
v -2335.7890625 2434.5 54561.7890625 255 255 0
v -2335.7890625 2469.5 54561.7890625 255 255 0
v -2048.2890625 2469.5 54561.7890625 255 255 0
v -2048.2890625 2434.5 54561.7890625 255 255 0
v -2048.2890625 2469.5 54849.2890625 255 255 0
v -2048.2890625 2434.5 54849.2890625 255 255 0
v -2048.2890625 2434.5 54561.7890625 255 255 0
v -2048.2890625 2469.5 54561.7890625 255 255 0
v -2325.7890625 2434.5 54571.7890625 255 255 0
v -2325.7890625 2434.5 54839.2890625 255 255 0
v -2058.2890625 2434.5 54839.2890625 255 255 0
v -2058.2890625 2434.5 54571.7890625 255 255 0
v -2048.2890625 2434.5 54849.2890625 255 255 0
v -2335.7890625 2434.5 54849.2890625 255 255 0
v -2335.7890625 2434.5 54561.7890625 255 255 0
v -2048.2890625 2434.5 54561.7890625 255 255 0
v -2325.7890625 2469.5 54839.2890625 255 255 0
v -2325.7890625 2469.5 54571.7890625 255 255 0
v -2058.2890625 2469.5 54839.2890625 255 255 0
v -2058.2890625 2469.5 54571.7890625 255 255 0
v -2335.7890625 2469.5 54849.2890625 255 255 0
v -2048.2890625 2469.5 54849.2890625 255 255 0
v -2335.7890625 2469.5 54561.7890625 255 255 0
v -2048.2890625 2469.5 54561.7890625 255 255 0
vt 0.06089332327246666 0.46520990133285522
vt 0.06089332327246666 8.6953496065689251E-06
vt 0.12029635161161423 8.6953496065689251E-06
vt 0.12029635161161423 0.46520990133285522
vt 0.059411510825157166 0.46520990133285522
vt 8.4861458162777126E-06 0.46520990133285522
vt 8.4861458162777126E-06 8.6953496065689251E-06
vt 0.059411510825157166 8.6953496065689251E-06
vt 0.24206602573394775 0.46520990133285522
vt 0.18266300857067108 0.46520990133285522
vt 0.18266300857067108 8.6953496065689251E-06
vt 0.24206602573394775 8.6953496065689251E-06
vt 0.12177816033363342 8.6953496065689251E-06
vt 0.18118119239807129 8.6953496065689251E-06
vt 0.18118119239807129 0.46520990133285522
vt 0.12177816033363342 0.46520990133285522
vt 0.30443269014358521 0.49999129772186279
vt 0.30443269014358521 8.6953496065689251E-06
vt 0.36383569240570068 8.6953496065689251E-06
vt 0.36383569240570068 0.49999129772186279
vt 0.30295085906982422 0.49999129772186279
vt 0.24354784190654755 0.49999129772186279
vt 0.24354784190654755 8.6953496065689251E-06
vt 0.30295085906982422 8.6953496065689251E-06
vt 0.485605388879776 0.49999129772186279
vt 0.42620235681533813 0.49999129772186279
vt 0.42620235681533813 8.6953496065689251E-06
vt 0.485605388879776 8.6953496065689251E-06
vt 0.36531752347946167 8.6953496065689251E-06
vt 0.42472055554389954 8.6953496065689251E-06
vt 0.42472055554389954 0.49999129772186279
vt 0.36531752347946167 0.49999129772186279
vt 0.50442713499069214 0.51734840869903564
vt 0.50442713499069214 0.98118674755096436
vt 0.96826547384262085 0.98118674755096436
vt 0.96826547384262085 0.51734840869903564
vt 0.98560518026351929 0.99852645397186279
vt 0.48708739876747131 0.99852645397186279
vt 0.48708739876747131 0.50000864267349243
vt 0.98560518026351929 0.50000864267349243
vt 0.50442713499069214 0.01734841987490654
vt 0.50442713499069214 0.48118671774864197
vt 0.96826547384262085 0.01734841987490654
vt 0.96826547384262085 0.48118671774864197
vt 0.48708739876747131 8.6698746599722654E-06
vt 0.98560518026351929 8.6698746599722654E-06
vt 0.48708739876747131 0.49852648377418518
vt 0.98560518026351929 0.49852648377418518
vn 1 0 0
vn 1 0 0
vn 1 0 0
vn 1 0 0
vn 0 0 -1
vn 0 0 -1
vn 0 0 -1
vn 0 0 -1
vn -1 0 0
vn -1 0 0
vn -1 0 0
vn -1 0 0
vn 0 0 1
vn 0 0 1
vn 0 0 1
vn 0 0 1
vn 0 0 1
vn 0 0 1
vn 0 0 1
vn 0 0 1
vn -1 0 0
vn -1 0 0
vn -1 0 0
vn -1 0 0
vn 0 0 -1
vn 0 0 -1
vn 0 0 -1
vn 0 0 -1
vn 1 0 0
vn 1 0 0
vn 1 0 0
vn 1 0 0
vn 0 -1 0
vn 0 -1 0
vn 0 -1 0
vn 0 -1 0
vn 0 -1 0
vn 0 -1 0
vn 0 -1 0
vn 0 -1 0
vn 0 1 0
vn 0 1 0
vn 0 1 0
vn 0 1 0
vn 0 1 0
vn 0 1 0
vn 0 1 0
vn 0 1 0
f 2641/2641/2641 2642/2642/2642 2643/2643/2643 2644/2644/2644
f 2646/2646/2646 2647/2647/2647 2648/2648/2648 2645/2645/2645
f 2650/2650/2650 2651/2651/2651 2652/2652/2652 2649/2649/2649
f 2656/2656/2656 2653/2653/2653 2654/2654/2654 2655/2655/2655
f 2657/2657/2657 2658/2658/2658 2659/2659/2659 2660/2660/2660
f 2662/2662/2662 2663/2663/2663 2664/2664/2664 2661/2661/2661
f 2666/2666/2666 2667/2667/2667 2668/2668/2668 2665/2665/2665
f 2672/2672/2672 2669/2669/2669 2670/2670/2670 2671/2671/2671
f 2676/2676/2676 2673/2673/2673 2679/2679/2679 2680/2680/2680
f 2675/2675/2675 2676/2676/2676 2680/2680/2680 2677/2677/2677
f 2673/2673/2673 2674/2674/2674 2678/2678/2678 2679/2679/2679
f 2674/2674/2674 2675/2675/2675 2677/2677/2677 2678/2678/2678
f 2683/2683/2683 2681/2681/2681 2685/2685/2685 2686/2686/2686
f 2686/2686/2686 2688/2688/2688 2684/2684/2684 2683/2683/2683
f 2687/2687/2687 2685/2685/2685 2681/2681/2681 2682/2682/2682
f 2682/2682/2682 2684/2684/2684 2688/2688/2688 2687/2687/2687
v -1703.876220703125 2599.39990234375 56155.3515625 255 255 0
v -1703.876220703125 2599.39990234375 56035.3515625 255 255 0
v -1703.876220703125 2561.89990234375 56035.3515625 255 255 0
v -1703.876220703125 2561.89990234375 56155.3515625 255 255 0
v -1703.876220703125 2561.89990234375 56035.3515625 255 255 0
v -1703.876220703125 2599.39990234375 56035.3515625 255 255 0
v -1628.876220703125 2599.39990234375 56035.3515625 255 255 0
v -1628.876220703125 2561.89990234375 56035.3515625 255 255 0
v -1628.876220703125 2561.89990234375 56035.3515625 255 255 0
v -1628.876220703125 2599.39990234375 56035.3515625 255 255 0
v -1628.876220703125 2599.39990234375 56155.3515625 255 255 0
v -1628.876220703125 2561.89990234375 56155.3515625 255 255 0
v -1703.876220703125 2599.39990234375 56155.3515625 255 255 0
v -1703.876220703125 2561.89990234375 56155.3515625 255 255 0
v -1628.876220703125 2561.89990234375 56155.3515625 255 255 0
v -1628.876220703125 2599.39990234375 56155.3515625 255 255 0
v -1703.876220703125 2561.89990234375 56155.3515625 255 255 0
v -1703.876220703125 2561.89990234375 56035.3515625 255 255 0
v -1628.876220703125 2561.89990234375 56035.3515625 255 255 0
v -1628.876220703125 2561.89990234375 56155.3515625 255 255 0
v -1703.876220703125 2599.39990234375 56035.3515625 255 255 0
v -1703.876220703125 2599.39990234375 56155.3515625 255 255 0
v -1628.876220703125 2599.39990234375 56035.3515625 255 255 0
v -1628.876220703125 2599.39990234375 56155.3515625 255 255 0
vt 2.2219501261133701E-05 0.16671091318130493
vt 0.53328442573547363 0.16671091318130493
vt 0.53328442573547363 0.33189091086387634
vt 2.2219501261133701E-05 0.33189091086387634
vt 2.2115049432613887E-05 0.76669776439666748
vt 2.2115049432613887E-05 0.60005331039428711
vt 0.33184635639190674 0.60005331039428711
vt 0.33184635639190674 0.76669776439666748
vt 2.2219501261133701E-05 0.16520202159881592
vt 2.2219501261133701E-05 2.2023998099029996E-05
vt 0.53328442573547363 2.2023998099029996E-05
vt 0.53328442573547363 0.16520202159881592
vt 0.33184635639190674 0.33339998126029968
vt 0.33184635639190674 0.50004446506500244
vt 2.2115049432613887E-05 0.50004446506500244
vt 2.2115049432613887E-05 0.33339998126029968
vt 0.99851304292678833 2.2219259335543029E-05
vt 0.99851304292678833 0.53328442573547363
vt 0.66668879985809326 0.53328442573547363
vt 0.66668879985809326 2.2219259335543029E-05
vt 0.33335545659065247 0.86519742012023926
vt 0.33335545659065247 0.33339992165565491
vt 0.66517972946166992 0.86519742012023926
vt 0.66517972946166992 0.33339992165565491
vn -1 0 0
vn -1 0 0
vn -1 0 0
vn -1 0 0
vn 0 0 -1
vn 0 0 -1
vn 0 0 -1
vn 0 0 -1
vn 1 0 0
vn 1 0 0
vn 1 0 0
vn 1 0 0
vn 0 0 1
vn 0 0 1
vn 0 0 1
vn 0 0 1
vn 0 -1 0
vn 0 -1 0
vn 0 -1 0
vn 0 -1 0
vn 0 1 0
vn 0 1 0
vn 0 1 0
vn 0 1 0
f 2689/2689/2689 2690/2690/2690 2691/2691/2691 2692/2692/2692
f 2693/2693/2693 2694/2694/2694 2695/2695/2695
f 2695/2695/2695 2696/2696/2696 2693/2693/2693
f 2698/2698/2698 2699/2699/2699 2700/2700/2700 2697/2697/2697
f 2702/2702/2702 2704/2704/2704 2701/2701/2701
f 2704/2704/2704 2702/2702/2702 2703/2703/2703
f 2707/2707/2707 2708/2708/2708 2705/2705/2705 2706/2706/2706
f 2709/2709/2709 2710/2710/2710 2712/2712/2712 2711/2711/2711
v -1718.876220703125 2561.89990234375 56032.8515625 255 255 0
v -1613.876220703125 2561.89990234375 56032.8515625 255 255 0
v -1613.876220703125 2549.5 56032.8515625 255 255 0
v -1718.876220703125 2549.5 56032.8515625 255 255 0
v -1613.876220703125 2549.5 56032.8515625 255 255 0
v -1613.876220703125 2561.89990234375 56032.8515625 255 255 0
v -1613.876220703125 2561.89990234375 56041.8515625 255 255 0
v -1613.876220703125 2549.5 56041.8515625 255 255 0
v -1613.876220703125 2549.5 56041.8515625 255 255 0
v -1613.876220703125 2561.89990234375 56041.8515625 255 255 0
v -1718.876220703125 2561.89990234375 56041.8515625 255 255 0
v -1718.876220703125 2549.5 56041.8515625 255 255 0
v -1718.876220703125 2561.89990234375 56032.8515625 255 255 0
v -1718.876220703125 2549.5 56032.8515625 255 255 0
v -1718.876220703125 2549.5 56041.8515625 255 255 0
v -1718.876220703125 2561.89990234375 56041.8515625 255 255 0
v -1718.876220703125 2549.5 56032.8515625 255 255 0
v -1613.876220703125 2549.5 56032.8515625 255 255 0
v -1613.876220703125 2549.5 56041.8515625 255 255 0
v -1718.876220703125 2549.5 56041.8515625 255 255 0
v -1613.876220703125 2561.89990234375 56032.8515625 255 255 0
v -1718.876220703125 2561.89990234375 56032.8515625 255 255 0
v -1613.876220703125 2561.89990234375 56041.8515625 255 255 0
v -1718.876220703125 2561.89990234375 56041.8515625 255 255 0
vt 0.10573150217533112 0.63528734445571899
vt 0.99849265813827515 0.63528734445571899
vt 0.99849265813827515 0.74089109897613525
vt 0.10573150217533112 0.74089109897613525
vt 0.55288708209991455 0.10564639419317245
vt 0.55288708209991455 4.2582181777106598E-05
vt 0.6295350193977356 4.2582181777106598E-05
vt 0.6295350193977356 0.10564639419317245
vt 0.10418213903903961 0.89280366897583008
vt 4.1991996113210917E-05 0.89280366897583008
vt 4.1991996113210917E-05 4.2512438085395843E-05
vt 0.10418213903903961 4.2512438085395843E-05
vt 0.18237949907779694 4.2582181777106598E-05
vt 0.18237949907779694 0.10564639419317245
vt 0.10573156177997589 0.10564639419317245
vt 0.10573156177997589 4.2582181777106598E-05
vt 0.99849265813827515 0.52384603023529053
vt 0.10573150217533112 0.52384603023529053
vt 0.10573150217533112 0.44719809293746948
vt 0.99849265813827515 0.44719809293746948
vt 0.10573150217533112 0.25910887122154236
vt 0.99849265813827515 0.25910887122154236
vt 0.10573150217533112 0.3357568085193634
vt 0.99849265813827515 0.3357568085193634
vn 0 0 -1
vn 0 0 -1
vn 0 0 -1
vn 0 0 -1
vn 1 0 0
vn 1 0 0
vn 1 0 0
vn 1 0 0
vn 0 0 1
vn 0 0 1
vn 0 0 1
vn 0 0 1
vn -1 0 0
vn -1 0 0
vn -1 0 0
vn -1 0 0
vn 0 -1 0
vn 0 -1 0
vn 0 -1 0
vn 0 -1 0
vn 0 1 0
vn 0 1 0
vn 0 1 0
vn 0 1 0
f 2715/2715/2715 2713/2713/2713 2714/2714/2714
f 2713/2713/2713 2715/2715/2715 2716/2716/2716
f 2718/2718/2718 2719/2719/2719 2720/2720/2720 2717/2717/2717
f 2721/2721/2721 2722/2722/2722 2723/2723/2723
f 2723/2723/2723 2724/2724/2724 2721/2721/2721
f 2728/2728/2728 2725/2725/2725 2726/2726/2726 2727/2727/2727
f 2731/2731/2731 2732/2732/2732 2729/2729/2729 2730/2730/2730
f 2733/2733/2733 2734/2734/2734 2736/2736/2736 2735/2735/2735
v -1718.876220703125 2561.89990234375 56137.8515625 255 255 0
v -1718.876220703125 2561.89990234375 56128.8515625 255 255 0
v -1718.876220703125 2549.5 56128.8515625 255 255 0
v -1718.876220703125 2549.5 56137.8515625 255 255 0
v -1718.876220703125 2549.5 56128.8515625 255 255 0
v -1718.876220703125 2561.89990234375 56128.8515625 255 255 0
v -1613.876220703125 2561.89990234375 56128.8515625 255 255 0
v -1613.876220703125 2549.5 56128.8515625 255 255 0
v -1613.876220703125 2549.5 56128.8515625 255 255 0
v -1613.876220703125 2561.89990234375 56128.8515625 255 255 0
v -1613.876220703125 2561.89990234375 56137.8515625 255 255 0
v -1613.876220703125 2549.5 56137.8515625 255 255 0
v -1718.876220703125 2561.89990234375 56137.8515625 255 255 0
v -1718.876220703125 2549.5 56137.8515625 255 255 0
v -1613.876220703125 2549.5 56137.8515625 255 255 0
v -1613.876220703125 2561.89990234375 56137.8515625 255 255 0
v -1718.876220703125 2549.5 56137.8515625 255 255 0
v -1718.876220703125 2549.5 56128.8515625 255 255 0
v -1613.876220703125 2549.5 56128.8515625 255 255 0
v -1613.876220703125 2549.5 56137.8515625 255 255 0
v -1718.876220703125 2561.89990234375 56128.8515625 255 255 0
v -1718.876220703125 2561.89990234375 56137.8515625 255 255 0
v -1613.876220703125 2561.89990234375 56128.8515625 255 255 0
v -1613.876220703125 2561.89990234375 56137.8515625 255 255 0
vt 0.55288708209991455 4.2582181777106598E-05
vt 0.6295350193977356 4.2582181777106598E-05
vt 0.6295350193977356 0.10564639419317245
vt 0.55288708209991455 0.10564639419317245
vt 0.10418213903903961 0.89280366897583008
vt 4.1991996113210917E-05 0.89280366897583008
vt 4.1991996113210917E-05 4.2512438085395843E-05
vt 0.10418213903903961 4.2512438085395843E-05
vt 0.10573156177997589 0.10564639419317245
vt 0.10573156177997589 4.2582181777106598E-05
vt 0.18237949907779694 4.2582181777106598E-05
vt 0.18237949907779694 0.10564639419317245
vt 0.99849265813827515 0.63528734445571899
vt 0.99849265813827515 0.74089109897613525
vt 0.10573150217533112 0.74089109897613525
vt 0.10573150217533112 0.63528734445571899
vt 0.99849265813827515 0.44719809293746948
vt 0.99849265813827515 0.52384603023529053
vt 0.10573149472475052 0.52384603023529053
vt 0.10573149472475052 0.44719809293746948
vt 0.10573149472475052 0.3357568085193634
vt 0.10573149472475052 0.25910887122154236
vt 0.99849265813827515 0.3357568085193634
vt 0.99849265813827515 0.25910887122154236
vn -1 0 0
vn -1 0 0
vn -1 0 0
vn -1 0 0
vn 0 0 -1
vn 0 0 -1
vn 0 0 -1
vn 0 0 -1
vn 1 0 0
vn 1 0 0
vn 1 0 0
vn 1 0 0
vn 0 0 1
vn 0 0 1
vn 0 0 1
vn 0 0 1
vn 0 -1 0
vn 0 -1 0
vn 0 -1 0
vn 0 -1 0
vn 0 1 0
vn 0 1 0
vn 0 1 0
vn 0 1 0
f 2737/2737/2737 2738/2738/2738 2739/2739/2739 2740/2740/2740
f 2744/2744/2744 2742/2742/2742 2743/2743/2743
f 2742/2742/2742 2744/2744/2744 2741/2741/2741
f 2746/2746/2746 2747/2747/2747 2748/2748/2748 2745/2745/2745
f 2751/2751/2751 2752/2752/2752 2749/2749/2749
f 2749/2749/2749 2750/2750/2750 2751/2751/2751
f 2755/2755/2755 2756/2756/2756 2753/2753/2753 2754/2754/2754
f 2757/2757/2757 2758/2758/2758 2760/2760/2760 2759/2759/2759
v -1716.376220703125 2561.89990234375 56035.3515625 255 255 0
v -1616.376220703125 2561.89990234375 56035.3515625 255 255 0
v -1616.376220703125 2549.5 56035.3515625 255 255 0
v -1716.376220703125 2549.5 56035.3515625 255 255 0
v -1616.376220703125 2549.5 56035.3515625 255 255 0
v -1616.376220703125 2561.89990234375 56035.3515625 255 255 0
v -1616.376220703125 2561.89990234375 56135.76171875 255 255 0
v -1616.376220703125 2549.5 56135.76171875 255 255 0
v -1616.376220703125 2549.5 56135.76171875 255 255 0
v -1616.376220703125 2561.89990234375 56135.76171875 255 255 0
v -1716.376220703125 2561.89990234375 56135.76171875 255 255 0
v -1716.376220703125 2549.5 56135.76171875 255 255 0
v -1716.376220703125 2561.89990234375 56035.3515625 255 255 0
v -1716.376220703125 2549.5 56035.3515625 255 255 0
v -1716.376220703125 2549.5 56135.76171875 255 255 0
v -1716.376220703125 2561.89990234375 56135.76171875 255 255 0
v -1716.376220703125 2549.5 56035.3515625 255 255 0
v -1616.376220703125 2549.5 56035.3515625 255 255 0
v -1616.376220703125 2549.5 56135.76171875 255 255 0
v -1716.376220703125 2549.5 56135.76171875 255 255 0
v -1616.376220703125 2561.89990234375 56035.3515625 255 255 0
v -1716.376220703125 2561.89990234375 56035.3515625 255 255 0
v -1616.376220703125 2561.89990234375 56135.76171875 255 255 0
v -1716.376220703125 2561.89990234375 56135.76171875 255 255 0
vt 0.06206820160150528 0.49997499585151672
vt 0.06206820160150528 2.4997500077006407E-05
vt 0.12259833514690399 2.4997500077006407E-05
vt 0.12259833514690399 0.49997499585151672
vt 0.2466859370470047 0.50203251838684082
vt 0.18615579605102539 0.50203251838684082
vt 0.18615579605102539 2.4997500077006407E-05
vt 0.2466859370470047 2.4997500077006407E-05
vt 0.060554541647434235 0.49997499585151672
vt 2.4407312594121322E-05 0.49997499585151672
vt 2.4407312594121322E-05 2.4997500077006407E-05
vt 0.060554541647434235 2.4997500077006407E-05
vt 0.12411199510097504 2.4997500077006407E-05
vt 0.18464213609695435 2.4997500077006407E-05
vt 0.18464213609695435 0.50203251838684082
vt 0.12411199510097504 0.50203251838684082
vt 0.74874287843704224 0.50002491474151611
vt 0.74874287843704224 0.99851024150848389
vt 0.24820010364055634 0.99851024150848389
vt 0.24820010364055634 0.50002491474151611
vt 0.24820010364055634 0.4985102117061615
vt 0.24820010364055634 2.4924265744630247E-05
vt 0.74874287843704224 0.4985102117061615
vt 0.74874287843704224 2.4924265744630247E-05
vn 0 0 -1
vn 0 0 -1
vn 0 0 -1
vn 0 0 -1
vn 1 0 0
vn 1 0 0
vn 1 0 0
vn 1 0 0
vn 0 0 1
vn 0 0 1
vn 0 0 1
vn 0 0 1
vn -1 0 0
vn -1 0 0
vn -1 0 0
vn -1 0 0
vn 0 -1 0
vn 0 -1 0
vn 0 -1 0
vn 0 -1 0
vn 0 1 0
vn 0 1 0
vn 0 1 0
vn 0 1 0
f 2763/2763/2763 2761/2761/2761 2762/2762/2762
f 2761/2761/2761 2763/2763/2763 2764/2764/2764
f 2766/2766/2766 2767/2767/2767 2768/2768/2768 2765/2765/2765
f 2769/2769/2769 2770/2770/2770 2771/2771/2771
f 2771/2771/2771 2772/2772/2772 2769/2769/2769
f 2776/2776/2776 2773/2773/2773 2774/2774/2774 2775/2775/2775
f 2780/2780/2780 2777/2777/2777 2778/2778/2778 2779/2779/2779
f 2783/2783/2783 2781/2781/2781 2782/2782/2782 2784/2784/2784
v -1741.376220703125 2549.5 56160.3515625 255 255 0
v -1741.376220703125 2549.5 56010.3515625 255 255 0
v -1741.376220703125 2449.5 56010.3515625 255 255 0
v -1741.376220703125 2449.5 56160.3515625 255 255 0
v -1741.376220703125 2449.5 56010.3515625 255 255 0
v -1741.376220703125 2549.5 56010.3515625 255 255 0
v -1591.376220703125 2549.5 56010.3515625 255 255 0
v -1591.376220703125 2449.5 56010.3515625 255 255 0
v -1591.376220703125 2449.5 56010.3515625 255 255 0
v -1591.376220703125 2549.5 56010.3515625 255 255 0
v -1591.376220703125 2549.5 56160.3515625 255 255 0
v -1591.376220703125 2449.5 56160.3515625 255 255 0
v -1741.376220703125 2549.5 56160.3515625 255 255 0
v -1741.376220703125 2449.5 56160.3515625 255 255 0
v -1591.376220703125 2449.5 56160.3515625 255 255 0
v -1591.376220703125 2549.5 56160.3515625 255 255 0
v -1741.376220703125 2449.5 56160.3515625 255 255 0
v -1741.376220703125 2449.5 56010.3515625 255 255 0
v -1591.376220703125 2449.5 56010.3515625 255 255 0
v -1591.376220703125 2449.5 56160.3515625 255 255 0
v -1741.376220703125 2549.5 56010.3515625 255 255 0
v -1741.376220703125 2549.5 56160.3515625 255 255 0
v -1591.376220703125 2549.5 56010.3515625 255 255 0
v -1591.376220703125 2549.5 56160.3515625 255 255 0
vt 0.71429586410522461 0.42708417773246765
vt 0.71429586410522461 1.4235664821171667E-05
vt 0.99852097034454346 1.4235664821171667E-05
vt 0.99852097034454346 0.42708417773246765
vt 0.99852097034454346 0.85564744472503662
vt 0.71429586410522461 0.85564744472503662
vt 0.71429586410522461 0.42857751250267029
vt 0.99852097034454346 0.42857751250267029
vt 0.71280258893966675 0.42708417773246765
vt 0.4285774827003479 0.42708417773246765
vt 0.4285774827003479 1.4235664821171667E-05
vt 0.71280258893966675 1.4235664821171667E-05
vt 0.4285774827003479 0.42857751250267029
vt 0.71280258893966675 0.42857751250267029
vt 0.71280258893966675 0.85564744472503662
vt 0.4285774827003479 0.85564744472503662
vt 0.42708417773246765 0.85564744472503662
vt 1.4230490705813281E-05 0.85564744472503662
vt 1.4230490705813281E-05 0.42857751250267029
vt 0.42708417773246765 0.42857751250267029
vt 1.4230490705813281E-05 1.4235664821171667E-05
vt 0.42708417773246765 1.4235664821171667E-05
vt 1.4230490705813281E-05 0.42708417773246765
vt 0.42708417773246765 0.42708417773246765
vn -1 0 0
vn -1 0 0
vn -1 0 0
vn -1 0 0
vn 0 0 -1
vn 0 0 -1
vn 0 0 -1
vn 0 0 -1
vn 1 0 0
vn 1 0 0
vn 1 0 0
vn 1 0 0
vn 0 0 1
vn 0 0 1
vn 0 0 1
vn 0 0 1
vn 0 -1 0
vn 0 -1 0
vn 0 -1 0
vn 0 -1 0
vn 0 1 0
vn 0 1 0
vn 0 1 0
vn 0 1 0
f 2785/2785/2785 2786/2786/2786 2787/2787/2787 2788/2788/2788
f 2789/2789/2789 2790/2790/2790 2791/2791/2791
f 2791/2791/2791 2792/2792/2792 2789/2789/2789
f 2794/2794/2794 2795/2795/2795 2796/2796/2796 2793/2793/2793
f 2798/2798/2798 2800/2800/2800 2797/2797/2797
f 2800/2800/2800 2798/2798/2798 2799/2799/2799
f 2803/2803/2803 2804/2804/2804 2801/2801/2801 2802/2802/2802
f 2805/2805/2805 2806/2806/2806 2808/2808/2808 2807/2807/2807
v -1731.376220703125 2449.5 56150.3515625 255 255 0
v -1731.376220703125 2449.5 56020.3515625 255 255 0
v -1731.376220703125 2444.5 56020.3515625 255 255 0
v -1731.376220703125 2444.5 56150.3515625 255 255 0
v -1731.376220703125 2444.5 56020.3515625 255 255 0
v -1731.376220703125 2449.5 56020.3515625 255 255 0
v -1601.376220703125 2449.5 56020.3515625 255 255 0
v -1601.376220703125 2444.5 56020.3515625 255 255 0
v -1601.376220703125 2444.5 56020.3515625 255 255 0
v -1601.376220703125 2449.5 56020.3515625 255 255 0
v -1601.376220703125 2449.5 56150.3515625 255 255 0
v -1601.376220703125 2444.5 56150.3515625 255 255 0
v -1731.376220703125 2449.5 56150.3515625 255 255 0
v -1731.376220703125 2444.5 56150.3515625 255 255 0
v -1601.376220703125 2444.5 56150.3515625 255 255 0
v -1601.376220703125 2449.5 56150.3515625 255 255 0
v -1731.376220703125 2444.5 56150.3515625 255 255 0
v -1731.376220703125 2444.5 56020.3515625 255 255 0
v -1601.376220703125 2444.5 56020.3515625 255 255 0
v -1601.376220703125 2444.5 56150.3515625 255 255 0
v -1731.376220703125 2449.5 56020.3515625 255 255 0
v -1731.376220703125 2449.5 56150.3515625 255 255 0
v -1601.376220703125 2449.5 56020.3515625 255 255 0
v -1601.376220703125 2449.5 56150.3515625 255 255 0
vt 0.019285516813397408 0.49998077750205994
vt 0.019285516813397408 1.9229290046496317E-05
vt 0.037052884697914124 1.9229290046496317E-05
vt 0.037052884697914124 0.49998077750205994
vt 0.017785137519240379 0.49998077750205994
vt 1.7767370081855915E-05 0.49998077750205994
vt 1.7767370081855915E-05 1.9229290046496317E-05
vt 0.017785137519240379 1.9229290046496317E-05
vt 0.07558838278055191 0.49998077750205994
vt 0.057821013033390045 0.49998077750205994
vt 0.057821013033390045 1.9229290046496317E-05
vt 0.07558838278055191 1.9229290046496317E-05
vt 0.038553263992071152 1.9229290046496317E-05
vt 0.056320633739233017 1.9229290046496317E-05
vt 0.056320633739233017 0.49998077750205994
vt 0.038553263992071152 0.49998077750205994
vt 0.57558697462081909 0.99851596355438232
vt 0.077090159058570862 0.99851596355438232
vt 0.077090159058570862 0.50001919269561768
vt 0.57558697462081909 0.50001919269561768
vt 0.077090159058570862 1.9172954125679098E-05
vt 0.57558697462081909 1.9172954125679098E-05
vt 0.077090159058570862 0.49851599335670471
vt 0.57558697462081909 0.49851599335670471
vn -1 0 0
vn -1 0 0
vn -1 0 0
vn -1 0 0
vn 0 0 -1
vn 0 0 -1
vn 0 0 -1
vn 0 0 -1
vn 1 0 0
vn 1 0 0
vn 1 0 0
vn 1 0 0
vn 0 0 1
vn 0 0 1
vn 0 0 1
vn 0 0 1
vn 0 -1 0
vn 0 -1 0
vn 0 -1 0
vn 0 -1 0
vn 0 1 0
vn 0 1 0
vn 0 1 0
vn 0 1 0
f 2809/2809/2809 2810/2810/2810 2811/2811/2811 2812/2812/2812
f 2814/2814/2814 2815/2815/2815 2816/2816/2816 2813/2813/2813
f 2818/2818/2818 2819/2819/2819 2820/2820/2820 2817/2817/2817
f 2824/2824/2824 2821/2821/2821 2822/2822/2822 2823/2823/2823
f 2827/2827/2827 2828/2828/2828 2825/2825/2825 2826/2826/2826
f 2829/2829/2829 2830/2830/2830 2832/2832/2832 2831/2831/2831
v -1601.376220703125 2449.5 56020.3515625 255 255 0
v -1731.376220703125 2449.5 56020.3515625 255 255 0
v -1731.376220703125 2444.5 56020.3515625 255 255 0
v -1601.376220703125 2444.5 56020.3515625 255 255 0
v -1731.376220703125 2444.5 56020.3515625 255 255 0
v -1731.376220703125 2449.5 56020.3515625 255 255 0
v -1731.376220703125 2449.5 56150.3515625 255 255 0
v -1731.376220703125 2444.5 56150.3515625 255 255 0
v -1731.376220703125 2444.5 56150.3515625 255 255 0
v -1731.376220703125 2449.5 56150.3515625 255 255 0
v -1601.376220703125 2449.5 56150.3515625 255 255 0
v -1601.376220703125 2444.5 56150.3515625 255 255 0
v -1601.376220703125 2449.5 56020.3515625 255 255 0
v -1601.376220703125 2444.5 56020.3515625 255 255 0
v -1601.376220703125 2444.5 56150.3515625 255 255 0
v -1601.376220703125 2449.5 56150.3515625 255 255 0
v -1741.376220703125 2449.5 56160.3515625 255 255 0
v -1741.376220703125 2449.5 56010.3515625 255 255 0
v -1741.376220703125 2444.5 56010.3515625 255 255 0
v -1741.376220703125 2444.5 56160.3515625 255 255 0
v -1741.376220703125 2444.5 56010.3515625 255 255 0
v -1741.376220703125 2449.5 56010.3515625 255 255 0
v -1591.376220703125 2449.5 56010.3515625 255 255 0
v -1591.376220703125 2444.5 56010.3515625 255 255 0
v -1591.376220703125 2444.5 56010.3515625 255 255 0
v -1591.376220703125 2449.5 56010.3515625 255 255 0
v -1591.376220703125 2449.5 56160.3515625 255 255 0
v -1591.376220703125 2444.5 56160.3515625 255 255 0
v -1741.376220703125 2449.5 56160.3515625 255 255 0
v -1741.376220703125 2444.5 56160.3515625 255 255 0
v -1591.376220703125 2444.5 56160.3515625 255 255 0
v -1591.376220703125 2449.5 56160.3515625 255 255 0
v -1601.376220703125 2444.5 56020.3515625 255 255 0
v -1731.376220703125 2444.5 56020.3515625 255 255 0
v -1731.376220703125 2444.5 56150.3515625 255 255 0
v -1601.376220703125 2444.5 56150.3515625 255 255 0
v -1741.376220703125 2444.5 56160.3515625 255 255 0
v -1741.376220703125 2444.5 56010.3515625 255 255 0
v -1591.376220703125 2444.5 56010.3515625 255 255 0
v -1591.376220703125 2444.5 56160.3515625 255 255 0
v -1731.376220703125 2449.5 56020.3515625 255 255 0
v -1601.376220703125 2449.5 56020.3515625 255 255 0
v -1731.376220703125 2449.5 56150.3515625 255 255 0
v -1601.376220703125 2449.5 56150.3515625 255 255 0
v -1741.376220703125 2449.5 56010.3515625 255 255 0
v -1741.376220703125 2449.5 56160.3515625 255 255 0
v -1591.376220703125 2449.5 56010.3515625 255 255 0
v -1591.376220703125 2449.5 56160.3515625 255 255 0
vt 0.01671409048140049 0.43332111835479736
vt 0.01671409048140049 1.6665555449435487E-05
vt 0.031917724758386612 1.6665555449435487E-05
vt 0.031917724758386612 0.43332111835479736
vt 0.015218839049339294 0.43332111835479736
vt 1.5203635484795086E-05 0.43332111835479736
vt 1.5203635484795086E-05 1.6665555449435487E-05
vt 0.015218839049339294 1.6665555449435487E-05
vt 0.065315499901771545 0.43332111835479736
vt 0.050111863762140274 0.43332111835479736
vt 0.050111863762140274 1.6665555449435487E-05
vt 0.065315499901771545 1.6665555449435487E-05
vt 0.033412978053092957 1.6665555449435487E-05
vt 0.048616614192724228 1.6665555449435487E-05
vt 0.048616614192724228 0.43332111835479736
vt 0.033412978053092957 0.43332111835479736
vt 0.083509638905525208 0.49998334050178528
vt 0.083509638905525208 1.6665555449435487E-05
vt 0.09871327131986618 1.6665555449435487E-05
vt 0.09871327131986618 0.49998334050178528
vt 0.082014389336109161 0.49998334050178528
vt 0.066810749471187592 0.49998334050178528
vt 0.066810749471187592 1.6665555449435487E-05
vt 0.082014389336109161 1.6665555449435487E-05
vt 0.13211104273796082 0.49998334050178528
vt 0.11690741032361984 0.49998334050178528
vt 0.11690741032361984 1.6665555449435487E-05
vt 0.13211104273796082 1.6665555449435487E-05
vt 0.10020852088928223 1.6665555449435487E-05
vt 0.1154121607542038 1.6665555449435487E-05
vt 0.1154121607542038 0.49998334050178528
vt 0.10020852088928223 0.49998334050178528
vt 0.16684117913246155 0.53325009346008301
vt 0.16684117913246155 0.96528506278991699
vt 0.59887617826461792 0.96528506278991699
vt 0.59887617826461792 0.53325009346008301
vt 0.63210964202880859 0.99851852655410767
vt 0.13360770046710968 0.99851852655410767
vt 0.13360770046710968 0.50001662969589233
vt 0.63210964202880859 0.50001662969589233
vt 0.16684117913246155 0.033250078558921814
vt 0.16684117913246155 0.46528506278991699
vt 0.59887617826461792 0.033250078558921814
vt 0.59887617826461792 0.46528506278991699
vt 0.13360770046710968 1.661673013586551E-05
vt 0.63210964202880859 1.661673013586551E-05
vt 0.13360770046710968 0.49851855635643005
vt 0.63210964202880859 0.49851855635643005
vn 0 0 1
vn 0 0 1
vn 0 0 1
vn 0 0 1
vn 1 0 0
vn 1 0 0
vn 1 0 0
vn 1 0 0
vn 0 0 -1
vn 0 0 -1
vn 0 0 -1
vn 0 0 -1
vn -1 0 0
vn -1 0 0
vn -1 0 0
vn -1 0 0
vn -1 0 0
vn -1 0 0
vn -1 0 0
vn -1 0 0
vn 0 0 -1
vn 0 0 -1
vn 0 0 -1
vn 0 0 -1
vn 1 0 0
vn 1 0 0
vn 1 0 0
vn 1 0 0
vn 0 0 1
vn 0 0 1
vn 0 0 1
vn 0 0 1
vn 0 -1 0
vn 0 -1 0
vn 0 -1 0
vn 0 -1 0
vn 0 -1 0
vn 0 -1 0
vn 0 -1 0
vn 0 -1 0
vn 0 1 0
vn 0 1 0
vn 0 1 0
vn 0 1 0
vn 0 1 0
vn 0 1 0
vn 0 1 0
vn 0 1 0
f 2833/2833/2833 2834/2834/2834 2835/2835/2835 2836/2836/2836
f 2838/2838/2838 2839/2839/2839 2840/2840/2840 2837/2837/2837
f 2842/2842/2842 2843/2843/2843 2844/2844/2844 2841/2841/2841
f 2848/2848/2848 2845/2845/2845 2846/2846/2846 2847/2847/2847
f 2849/2849/2849 2850/2850/2850 2851/2851/2851 2852/2852/2852
f 2854/2854/2854 2855/2855/2855 2856/2856/2856 2853/2853/2853
f 2858/2858/2858 2859/2859/2859 2860/2860/2860 2857/2857/2857
f 2864/2864/2864 2861/2861/2861 2862/2862/2862 2863/2863/2863
f 2868/2868/2868 2865/2865/2865 2871/2871/2871 2872/2872/2872
f 2867/2867/2867 2868/2868/2868 2872/2872/2872 2869/2869/2869
f 2865/2865/2865 2866/2866/2866 2870/2870/2870 2871/2871/2871
f 2866/2866/2866 2867/2867/2867 2869/2869/2869 2870/2870/2870
f 2875/2875/2875 2873/2873/2873 2877/2877/2877 2878/2878/2878
f 2878/2878/2878 2880/2880/2880 2876/2876/2876 2875/2875/2875
f 2879/2879/2879 2877/2877/2877 2873/2873/2873 2874/2874/2874
f 2874/2874/2874 2876/2876/2876 2880/2880/2880 2879/2879/2879
v -3403.876220703125 2599.39990234375 56155.3515625 255 255 0
v -3403.876220703125 2599.39990234375 56035.3515625 255 255 0
v -3403.876220703125 2561.89990234375 56035.3515625 255 255 0
v -3403.876220703125 2561.89990234375 56155.3515625 255 255 0
v -3403.876220703125 2561.89990234375 56035.3515625 255 255 0
v -3403.876220703125 2599.39990234375 56035.3515625 255 255 0
v -3328.876220703125 2599.39990234375 56035.3515625 255 255 0
v -3328.876220703125 2561.89990234375 56035.3515625 255 255 0
v -3328.876220703125 2561.89990234375 56035.3515625 255 255 0
v -3328.876220703125 2599.39990234375 56035.3515625 255 255 0
v -3328.876220703125 2599.39990234375 56155.3515625 255 255 0
v -3328.876220703125 2561.89990234375 56155.3515625 255 255 0
v -3403.876220703125 2599.39990234375 56155.3515625 255 255 0
v -3403.876220703125 2561.89990234375 56155.3515625 255 255 0
v -3328.876220703125 2561.89990234375 56155.3515625 255 255 0
v -3328.876220703125 2599.39990234375 56155.3515625 255 255 0
v -3403.876220703125 2561.89990234375 56155.3515625 255 255 0
v -3403.876220703125 2561.89990234375 56035.3515625 255 255 0
v -3328.876220703125 2561.89990234375 56035.3515625 255 255 0
v -3328.876220703125 2561.89990234375 56155.3515625 255 255 0
v -3403.876220703125 2599.39990234375 56035.3515625 255 255 0
v -3403.876220703125 2599.39990234375 56155.3515625 255 255 0
v -3328.876220703125 2599.39990234375 56035.3515625 255 255 0
v -3328.876220703125 2599.39990234375 56155.3515625 255 255 0
vt 2.2219501261133701E-05 0.16671091318130493
vt 0.53328442573547363 0.16671091318130493
vt 0.53328442573547363 0.33189091086387634
vt 2.2219501261133701E-05 0.33189091086387634
vt 2.2115049432613887E-05 0.76669776439666748
vt 2.2115049432613887E-05 0.60005331039428711
vt 0.33184635639190674 0.60005331039428711
vt 0.33184635639190674 0.76669776439666748
vt 2.2219501261133701E-05 0.16520202159881592
vt 2.2219501261133701E-05 2.2023998099029996E-05
vt 0.53328442573547363 2.2023998099029996E-05
vt 0.53328442573547363 0.16520202159881592
vt 0.33184635639190674 0.33339998126029968
vt 0.33184635639190674 0.50004446506500244
vt 2.2115049432613887E-05 0.50004446506500244
vt 2.2115049432613887E-05 0.33339998126029968
vt 0.99851304292678833 2.2219259335543029E-05
vt 0.99851304292678833 0.53328442573547363
vt 0.66668879985809326 0.53328442573547363
vt 0.66668879985809326 2.2219259335543029E-05
vt 0.33335545659065247 0.86519742012023926
vt 0.33335545659065247 0.33339992165565491
vt 0.66517972946166992 0.86519742012023926
vt 0.66517972946166992 0.33339992165565491
vn -1 0 0
vn -1 0 0
vn -1 0 0
vn -1 0 0
vn 0 0 -1
vn 0 0 -1
vn 0 0 -1
vn 0 0 -1
vn 1 0 0
vn 1 0 0
vn 1 0 0
vn 1 0 0
vn 0 0 1
vn 0 0 1
vn 0 0 1
vn 0 0 1
vn 0 -1 0
vn 0 -1 0
vn 0 -1 0
vn 0 -1 0
vn 0 1 0
vn 0 1 0
vn 0 1 0
vn 0 1 0
f 2881/2881/2881 2882/2882/2882 2883/2883/2883 2884/2884/2884
f 2885/2885/2885 2886/2886/2886 2887/2887/2887
f 2887/2887/2887 2888/2888/2888 2885/2885/2885
f 2890/2890/2890 2891/2891/2891 2892/2892/2892 2889/2889/2889
f 2894/2894/2894 2896/2896/2896 2893/2893/2893
f 2896/2896/2896 2894/2894/2894 2895/2895/2895
f 2899/2899/2899 2900/2900/2900 2897/2897/2897 2898/2898/2898
f 2901/2901/2901 2902/2902/2902 2904/2904/2904 2903/2903/2903
v -3418.876220703125 2561.89990234375 56032.8515625 255 255 0
v -3313.876220703125 2561.89990234375 56032.8515625 255 255 0
v -3313.876220703125 2549.5 56032.8515625 255 255 0
v -3418.876220703125 2549.5 56032.8515625 255 255 0
v -3313.876220703125 2549.5 56032.8515625 255 255 0
v -3313.876220703125 2561.89990234375 56032.8515625 255 255 0
v -3313.876220703125 2561.89990234375 56041.8515625 255 255 0
v -3313.876220703125 2549.5 56041.8515625 255 255 0
v -3313.876220703125 2549.5 56041.8515625 255 255 0
v -3313.876220703125 2561.89990234375 56041.8515625 255 255 0
v -3418.876220703125 2561.89990234375 56041.8515625 255 255 0
v -3418.876220703125 2549.5 56041.8515625 255 255 0
v -3418.876220703125 2561.89990234375 56032.8515625 255 255 0
v -3418.876220703125 2549.5 56032.8515625 255 255 0
v -3418.876220703125 2549.5 56041.8515625 255 255 0
v -3418.876220703125 2561.89990234375 56041.8515625 255 255 0
v -3418.876220703125 2549.5 56032.8515625 255 255 0
v -3313.876220703125 2549.5 56032.8515625 255 255 0
v -3313.876220703125 2549.5 56041.8515625 255 255 0
v -3418.876220703125 2549.5 56041.8515625 255 255 0
v -3313.876220703125 2561.89990234375 56032.8515625 255 255 0
v -3418.876220703125 2561.89990234375 56032.8515625 255 255 0
v -3313.876220703125 2561.89990234375 56041.8515625 255 255 0
v -3418.876220703125 2561.89990234375 56041.8515625 255 255 0
vt 0.10573150217533112 0.63528734445571899
vt 0.99849265813827515 0.63528734445571899
vt 0.99849265813827515 0.74089109897613525
vt 0.10573150217533112 0.74089109897613525
vt 0.55288708209991455 0.10564639419317245
vt 0.55288708209991455 4.2582181777106598E-05
vt 0.6295350193977356 4.2582181777106598E-05
vt 0.6295350193977356 0.10564639419317245
vt 0.10418213903903961 0.89280366897583008
vt 4.1991996113210917E-05 0.89280366897583008
vt 4.1991996113210917E-05 4.2512438085395843E-05
vt 0.10418213903903961 4.2512438085395843E-05
vt 0.18237949907779694 4.2582181777106598E-05
vt 0.18237949907779694 0.10564639419317245
vt 0.10573156177997589 0.10564639419317245
vt 0.10573156177997589 4.2582181777106598E-05
vt 0.99849265813827515 0.52384603023529053
vt 0.10573150217533112 0.52384603023529053
vt 0.10573150217533112 0.44719809293746948
vt 0.99849265813827515 0.44719809293746948
vt 0.10573150217533112 0.25910887122154236
vt 0.99849265813827515 0.25910887122154236
vt 0.10573150217533112 0.3357568085193634
vt 0.99849265813827515 0.3357568085193634
vn 0 0 -1
vn 0 0 -1
vn 0 0 -1
vn 0 0 -1
vn 1 0 0
vn 1 0 0
vn 1 0 0
vn 1 0 0
vn 0 0 1
vn 0 0 1
vn 0 0 1
vn 0 0 1
vn -1 0 0
vn -1 0 0
vn -1 0 0
vn -1 0 0
vn 0 -1 0
vn 0 -1 0
vn 0 -1 0
vn 0 -1 0
vn 0 1 0
vn 0 1 0
vn 0 1 0
vn 0 1 0
f 2907/2907/2907 2905/2905/2905 2906/2906/2906
f 2905/2905/2905 2907/2907/2907 2908/2908/2908
f 2910/2910/2910 2911/2911/2911 2912/2912/2912 2909/2909/2909
f 2913/2913/2913 2914/2914/2914 2915/2915/2915
f 2915/2915/2915 2916/2916/2916 2913/2913/2913
f 2920/2920/2920 2917/2917/2917 2918/2918/2918 2919/2919/2919
f 2923/2923/2923 2924/2924/2924 2921/2921/2921 2922/2922/2922
f 2925/2925/2925 2926/2926/2926 2928/2928/2928 2927/2927/2927
v -3418.876220703125 2561.89990234375 56137.8515625 255 255 0
v -3418.876220703125 2561.89990234375 56128.8515625 255 255 0
v -3418.876220703125 2549.5 56128.8515625 255 255 0
v -3418.876220703125 2549.5 56137.8515625 255 255 0
v -3418.876220703125 2549.5 56128.8515625 255 255 0
v -3418.876220703125 2561.89990234375 56128.8515625 255 255 0
v -3313.876220703125 2561.89990234375 56128.8515625 255 255 0
v -3313.876220703125 2549.5 56128.8515625 255 255 0
v -3313.876220703125 2549.5 56128.8515625 255 255 0
v -3313.876220703125 2561.89990234375 56128.8515625 255 255 0
v -3313.876220703125 2561.89990234375 56137.8515625 255 255 0
v -3313.876220703125 2549.5 56137.8515625 255 255 0
v -3418.876220703125 2561.89990234375 56137.8515625 255 255 0
v -3418.876220703125 2549.5 56137.8515625 255 255 0
v -3313.876220703125 2549.5 56137.8515625 255 255 0
v -3313.876220703125 2561.89990234375 56137.8515625 255 255 0
v -3418.876220703125 2549.5 56137.8515625 255 255 0
v -3418.876220703125 2549.5 56128.8515625 255 255 0
v -3313.876220703125 2549.5 56128.8515625 255 255 0
v -3313.876220703125 2549.5 56137.8515625 255 255 0
v -3418.876220703125 2561.89990234375 56128.8515625 255 255 0
v -3418.876220703125 2561.89990234375 56137.8515625 255 255 0
v -3313.876220703125 2561.89990234375 56128.8515625 255 255 0
v -3313.876220703125 2561.89990234375 56137.8515625 255 255 0
vt 0.55288708209991455 4.2582181777106598E-05
vt 0.6295350193977356 4.2582181777106598E-05
vt 0.6295350193977356 0.10564639419317245
vt 0.55288708209991455 0.10564639419317245
vt 0.10418213903903961 0.89280366897583008
vt 4.1991996113210917E-05 0.89280366897583008
vt 4.1991996113210917E-05 4.2512438085395843E-05
vt 0.10418213903903961 4.2512438085395843E-05
vt 0.10573156177997589 0.10564639419317245
vt 0.10573156177997589 4.2582181777106598E-05
vt 0.18237949907779694 4.2582181777106598E-05
vt 0.18237949907779694 0.10564639419317245
vt 0.99849265813827515 0.63528734445571899
vt 0.99849265813827515 0.74089109897613525
vt 0.10573150217533112 0.74089109897613525
vt 0.10573150217533112 0.63528734445571899
vt 0.99849265813827515 0.44719809293746948
vt 0.99849265813827515 0.52384603023529053
vt 0.10573149472475052 0.52384603023529053
vt 0.10573149472475052 0.44719809293746948
vt 0.10573149472475052 0.3357568085193634
vt 0.10573149472475052 0.25910887122154236
vt 0.99849265813827515 0.3357568085193634
vt 0.99849265813827515 0.25910887122154236
vn -1 0 0
vn -1 0 0
vn -1 0 0
vn -1 0 0
vn 0 0 -1
vn 0 0 -1
vn 0 0 -1
vn 0 0 -1
vn 1 0 0
vn 1 0 0
vn 1 0 0
vn 1 0 0
vn 0 0 1
vn 0 0 1
vn 0 0 1
vn 0 0 1
vn 0 -1 0
vn 0 -1 0
vn 0 -1 0
vn 0 -1 0
vn 0 1 0
vn 0 1 0
vn 0 1 0
vn 0 1 0
f 2929/2929/2929 2930/2930/2930 2931/2931/2931 2932/2932/2932
f 2936/2936/2936 2934/2934/2934 2935/2935/2935
f 2934/2934/2934 2936/2936/2936 2933/2933/2933
f 2938/2938/2938 2939/2939/2939 2940/2940/2940 2937/2937/2937
f 2943/2943/2943 2944/2944/2944 2941/2941/2941
f 2941/2941/2941 2942/2942/2942 2943/2943/2943
f 2947/2947/2947 2948/2948/2948 2945/2945/2945 2946/2946/2946
f 2949/2949/2949 2950/2950/2950 2952/2952/2952 2951/2951/2951
v -3416.376220703125 2561.89990234375 56035.3515625 255 255 0
v -3316.376220703125 2561.89990234375 56035.3515625 255 255 0
v -3316.376220703125 2549.5 56035.3515625 255 255 0
v -3416.376220703125 2549.5 56035.3515625 255 255 0
v -3316.376220703125 2549.5 56035.3515625 255 255 0
v -3316.376220703125 2561.89990234375 56035.3515625 255 255 0
v -3316.376220703125 2561.89990234375 56135.76171875 255 255 0
v -3316.376220703125 2549.5 56135.76171875 255 255 0
v -3316.376220703125 2549.5 56135.76171875 255 255 0
v -3316.376220703125 2561.89990234375 56135.76171875 255 255 0
v -3416.376220703125 2561.89990234375 56135.76171875 255 255 0
v -3416.376220703125 2549.5 56135.76171875 255 255 0
v -3416.376220703125 2561.89990234375 56035.3515625 255 255 0
v -3416.376220703125 2549.5 56035.3515625 255 255 0
v -3416.376220703125 2549.5 56135.76171875 255 255 0
v -3416.376220703125 2561.89990234375 56135.76171875 255 255 0
v -3416.376220703125 2549.5 56035.3515625 255 255 0
v -3316.376220703125 2549.5 56035.3515625 255 255 0
v -3316.376220703125 2549.5 56135.76171875 255 255 0
v -3416.376220703125 2549.5 56135.76171875 255 255 0
v -3316.376220703125 2561.89990234375 56035.3515625 255 255 0
v -3416.376220703125 2561.89990234375 56035.3515625 255 255 0
v -3316.376220703125 2561.89990234375 56135.76171875 255 255 0
v -3416.376220703125 2561.89990234375 56135.76171875 255 255 0
vt 0.06206820160150528 0.49997499585151672
vt 0.06206820160150528 2.4997500077006407E-05
vt 0.12259833514690399 2.4997500077006407E-05
vt 0.12259833514690399 0.49997499585151672
vt 0.2466859370470047 0.50203251838684082
vt 0.18615579605102539 0.50203251838684082
vt 0.18615579605102539 2.4997500077006407E-05
vt 0.2466859370470047 2.4997500077006407E-05
vt 0.060554541647434235 0.49997499585151672
vt 2.4407312594121322E-05 0.49997499585151672
vt 2.4407312594121322E-05 2.4997500077006407E-05
vt 0.060554541647434235 2.4997500077006407E-05
vt 0.12411199510097504 2.4997500077006407E-05
vt 0.18464213609695435 2.4997500077006407E-05
vt 0.18464213609695435 0.50203251838684082
vt 0.12411199510097504 0.50203251838684082
vt 0.74874287843704224 0.50002491474151611
vt 0.74874287843704224 0.99851024150848389
vt 0.24820010364055634 0.99851024150848389
vt 0.24820010364055634 0.50002491474151611
vt 0.24820010364055634 0.4985102117061615
vt 0.24820010364055634 2.4924265744630247E-05
vt 0.74874287843704224 0.4985102117061615
vt 0.74874287843704224 2.4924265744630247E-05
vn 0 0 -1
vn 0 0 -1
vn 0 0 -1
vn 0 0 -1
vn 1 0 0
vn 1 0 0
vn 1 0 0
vn 1 0 0
vn 0 0 1
vn 0 0 1
vn 0 0 1
vn 0 0 1
vn -1 0 0
vn -1 0 0
vn -1 0 0
vn -1 0 0
vn 0 -1 0
vn 0 -1 0
vn 0 -1 0
vn 0 -1 0
vn 0 1 0
vn 0 1 0
vn 0 1 0
vn 0 1 0
f 2955/2955/2955 2953/2953/2953 2954/2954/2954
f 2953/2953/2953 2955/2955/2955 2956/2956/2956
f 2958/2958/2958 2959/2959/2959 2960/2960/2960 2957/2957/2957
f 2961/2961/2961 2962/2962/2962 2963/2963/2963
f 2963/2963/2963 2964/2964/2964 2961/2961/2961
f 2968/2968/2968 2965/2965/2965 2966/2966/2966 2967/2967/2967
f 2972/2972/2972 2969/2969/2969 2970/2970/2970 2971/2971/2971
f 2975/2975/2975 2973/2973/2973 2974/2974/2974 2976/2976/2976
v -3441.376220703125 2549.5 56160.3515625 255 255 0
v -3441.376220703125 2549.5 56010.3515625 255 255 0
v -3441.376220703125 2449.5 56010.3515625 255 255 0
v -3441.376220703125 2449.5 56160.3515625 255 255 0
v -3441.376220703125 2449.5 56010.3515625 255 255 0
v -3441.376220703125 2549.5 56010.3515625 255 255 0
v -3291.376220703125 2549.5 56010.3515625 255 255 0
v -3291.376220703125 2449.5 56010.3515625 255 255 0
v -3291.376220703125 2449.5 56010.3515625 255 255 0
v -3291.376220703125 2549.5 56010.3515625 255 255 0
v -3291.376220703125 2549.5 56160.3515625 255 255 0
v -3291.376220703125 2449.5 56160.3515625 255 255 0
v -3441.376220703125 2549.5 56160.3515625 255 255 0
v -3441.376220703125 2449.5 56160.3515625 255 255 0
v -3291.376220703125 2449.5 56160.3515625 255 255 0
v -3291.376220703125 2549.5 56160.3515625 255 255 0
v -3441.376220703125 2449.5 56160.3515625 255 255 0
v -3441.376220703125 2449.5 56010.3515625 255 255 0
v -3291.376220703125 2449.5 56010.3515625 255 255 0
v -3291.376220703125 2449.5 56160.3515625 255 255 0
v -3441.376220703125 2549.5 56010.3515625 255 255 0
v -3441.376220703125 2549.5 56160.3515625 255 255 0
v -3291.376220703125 2549.5 56010.3515625 255 255 0
v -3291.376220703125 2549.5 56160.3515625 255 255 0
vt 0.71429586410522461 0.42708417773246765
vt 0.71429586410522461 1.4235664821171667E-05
vt 0.99852097034454346 1.4235664821171667E-05
vt 0.99852097034454346 0.42708417773246765
vt 0.99852097034454346 0.85564744472503662
vt 0.71429586410522461 0.85564744472503662
vt 0.71429586410522461 0.42857751250267029
vt 0.99852097034454346 0.42857751250267029
vt 0.71280258893966675 0.42708417773246765
vt 0.4285774827003479 0.42708417773246765
vt 0.4285774827003479 1.4235664821171667E-05
vt 0.71280258893966675 1.4235664821171667E-05
vt 0.4285774827003479 0.42857751250267029
vt 0.71280258893966675 0.42857751250267029
vt 0.71280258893966675 0.85564744472503662
vt 0.4285774827003479 0.85564744472503662
vt 0.42708417773246765 0.85564744472503662
vt 1.4230490705813281E-05 0.85564744472503662
vt 1.4230490705813281E-05 0.42857751250267029
vt 0.42708417773246765 0.42857751250267029
vt 1.4230490705813281E-05 1.4235664821171667E-05
vt 0.42708417773246765 1.4235664821171667E-05
vt 1.4230490705813281E-05 0.42708417773246765
vt 0.42708417773246765 0.42708417773246765
vn -1 0 0
vn -1 0 0
vn -1 0 0
vn -1 0 0
vn 0 0 -1
vn 0 0 -1
vn 0 0 -1
vn 0 0 -1
vn 1 0 0
vn 1 0 0
vn 1 0 0
vn 1 0 0
vn 0 0 1
vn 0 0 1
vn 0 0 1
vn 0 0 1
vn 0 -1 0
vn 0 -1 0
vn 0 -1 0
vn 0 -1 0
vn 0 1 0
vn 0 1 0
vn 0 1 0
vn 0 1 0
f 2977/2977/2977 2978/2978/2978 2979/2979/2979 2980/2980/2980
f 2981/2981/2981 2982/2982/2982 2983/2983/2983
f 2983/2983/2983 2984/2984/2984 2981/2981/2981
f 2986/2986/2986 2987/2987/2987 2988/2988/2988 2985/2985/2985
f 2990/2990/2990 2992/2992/2992 2989/2989/2989
f 2992/2992/2992 2990/2990/2990 2991/2991/2991
f 2995/2995/2995 2996/2996/2996 2993/2993/2993 2994/2994/2994
f 2997/2997/2997 2998/2998/2998 3000/3000/3000 2999/2999/2999
v -3431.376220703125 2449.5 56150.3515625 255 255 0
v -3431.376220703125 2449.5 56020.3515625 255 255 0
v -3431.376220703125 2444.5 56020.3515625 255 255 0
v -3431.376220703125 2444.5 56150.3515625 255 255 0
v -3431.376220703125 2444.5 56020.3515625 255 255 0
v -3431.376220703125 2449.5 56020.3515625 255 255 0
v -3301.376220703125 2449.5 56020.3515625 255 255 0
v -3301.376220703125 2444.5 56020.3515625 255 255 0
v -3301.376220703125 2444.5 56020.3515625 255 255 0
v -3301.376220703125 2449.5 56020.3515625 255 255 0
v -3301.376220703125 2449.5 56150.3515625 255 255 0
v -3301.376220703125 2444.5 56150.3515625 255 255 0
v -3431.376220703125 2449.5 56150.3515625 255 255 0
v -3431.376220703125 2444.5 56150.3515625 255 255 0
v -3301.376220703125 2444.5 56150.3515625 255 255 0
v -3301.376220703125 2449.5 56150.3515625 255 255 0
v -3431.376220703125 2444.5 56150.3515625 255 255 0
v -3431.376220703125 2444.5 56020.3515625 255 255 0
v -3301.376220703125 2444.5 56020.3515625 255 255 0
v -3301.376220703125 2444.5 56150.3515625 255 255 0
v -3431.376220703125 2449.5 56020.3515625 255 255 0
v -3431.376220703125 2449.5 56150.3515625 255 255 0
v -3301.376220703125 2449.5 56020.3515625 255 255 0
v -3301.376220703125 2449.5 56150.3515625 255 255 0
vt 0.019285516813397408 0.49998077750205994
vt 0.019285516813397408 1.9229290046496317E-05
vt 0.037052884697914124 1.9229290046496317E-05
vt 0.037052884697914124 0.49998077750205994
vt 0.017785137519240379 0.49998077750205994
vt 1.7767370081855915E-05 0.49998077750205994
vt 1.7767370081855915E-05 1.9229290046496317E-05
vt 0.017785137519240379 1.9229290046496317E-05
vt 0.07558838278055191 0.49998077750205994
vt 0.057821013033390045 0.49998077750205994
vt 0.057821013033390045 1.9229290046496317E-05
vt 0.07558838278055191 1.9229290046496317E-05
vt 0.038553263992071152 1.9229290046496317E-05
vt 0.056320633739233017 1.9229290046496317E-05
vt 0.056320633739233017 0.49998077750205994
vt 0.038553263992071152 0.49998077750205994
vt 0.57558697462081909 0.99851596355438232
vt 0.077090159058570862 0.99851596355438232
vt 0.077090159058570862 0.50001919269561768
vt 0.57558697462081909 0.50001919269561768
vt 0.077090159058570862 1.9172954125679098E-05
vt 0.57558697462081909 1.9172954125679098E-05
vt 0.077090159058570862 0.49851599335670471
vt 0.57558697462081909 0.49851599335670471
vn -1 0 0
vn -1 0 0
vn -1 0 0
vn -1 0 0
vn 0 0 -1
vn 0 0 -1
vn 0 0 -1
vn 0 0 -1
vn 1 0 0
vn 1 0 0
vn 1 0 0
vn 1 0 0
vn 0 0 1
vn 0 0 1
vn 0 0 1
vn 0 0 1
vn 0 -1 0
vn 0 -1 0
vn 0 -1 0
vn 0 -1 0
vn 0 1 0
vn 0 1 0
vn 0 1 0
vn 0 1 0
f 3001/3001/3001 3002/3002/3002 3003/3003/3003 3004/3004/3004
f 3006/3006/3006 3007/3007/3007 3008/3008/3008 3005/3005/3005
f 3010/3010/3010 3011/3011/3011 3012/3012/3012 3009/3009/3009
f 3016/3016/3016 3013/3013/3013 3014/3014/3014 3015/3015/3015
f 3019/3019/3019 3020/3020/3020 3017/3017/3017 3018/3018/3018
f 3021/3021/3021 3022/3022/3022 3024/3024/3024 3023/3023/3023
v -3301.376220703125 2449.5 56020.3515625 255 255 0
v -3431.376220703125 2449.5 56020.3515625 255 255 0
v -3431.376220703125 2444.5 56020.3515625 255 255 0
v -3301.376220703125 2444.5 56020.3515625 255 255 0
v -3431.376220703125 2444.5 56020.3515625 255 255 0
v -3431.376220703125 2449.5 56020.3515625 255 255 0
v -3431.376220703125 2449.5 56150.3515625 255 255 0
v -3431.376220703125 2444.5 56150.3515625 255 255 0
v -3431.376220703125 2444.5 56150.3515625 255 255 0
v -3431.376220703125 2449.5 56150.3515625 255 255 0
v -3301.376220703125 2449.5 56150.3515625 255 255 0
v -3301.376220703125 2444.5 56150.3515625 255 255 0
v -3301.376220703125 2449.5 56020.3515625 255 255 0
v -3301.376220703125 2444.5 56020.3515625 255 255 0
v -3301.376220703125 2444.5 56150.3515625 255 255 0
v -3301.376220703125 2449.5 56150.3515625 255 255 0
v -3441.376220703125 2449.5 56160.3515625 255 255 0
v -3441.376220703125 2449.5 56010.3515625 255 255 0
v -3441.376220703125 2444.5 56010.3515625 255 255 0
v -3441.376220703125 2444.5 56160.3515625 255 255 0
v -3441.376220703125 2444.5 56010.3515625 255 255 0
v -3441.376220703125 2449.5 56010.3515625 255 255 0
v -3291.376220703125 2449.5 56010.3515625 255 255 0
v -3291.376220703125 2444.5 56010.3515625 255 255 0
v -3291.376220703125 2444.5 56010.3515625 255 255 0
v -3291.376220703125 2449.5 56010.3515625 255 255 0
v -3291.376220703125 2449.5 56160.3515625 255 255 0
v -3291.376220703125 2444.5 56160.3515625 255 255 0
v -3441.376220703125 2449.5 56160.3515625 255 255 0
v -3441.376220703125 2444.5 56160.3515625 255 255 0
v -3291.376220703125 2444.5 56160.3515625 255 255 0
v -3291.376220703125 2449.5 56160.3515625 255 255 0
v -3301.376220703125 2444.5 56020.3515625 255 255 0
v -3431.376220703125 2444.5 56020.3515625 255 255 0
v -3431.376220703125 2444.5 56150.3515625 255 255 0
v -3301.376220703125 2444.5 56150.3515625 255 255 0
v -3441.376220703125 2444.5 56160.3515625 255 255 0
v -3441.376220703125 2444.5 56010.3515625 255 255 0
v -3291.376220703125 2444.5 56010.3515625 255 255 0
v -3291.376220703125 2444.5 56160.3515625 255 255 0
v -3431.376220703125 2449.5 56020.3515625 255 255 0
v -3301.376220703125 2449.5 56020.3515625 255 255 0
v -3431.376220703125 2449.5 56150.3515625 255 255 0
v -3301.376220703125 2449.5 56150.3515625 255 255 0
v -3441.376220703125 2449.5 56010.3515625 255 255 0
v -3441.376220703125 2449.5 56160.3515625 255 255 0
v -3291.376220703125 2449.5 56010.3515625 255 255 0
v -3291.376220703125 2449.5 56160.3515625 255 255 0
vt 0.01671409048140049 0.43332111835479736
vt 0.01671409048140049 1.6665555449435487E-05
vt 0.031917724758386612 1.6665555449435487E-05
vt 0.031917724758386612 0.43332111835479736
vt 0.015218839049339294 0.43332111835479736
vt 1.5203635484795086E-05 0.43332111835479736
vt 1.5203635484795086E-05 1.6665555449435487E-05
vt 0.015218839049339294 1.6665555449435487E-05
vt 0.065315499901771545 0.43332111835479736
vt 0.050111863762140274 0.43332111835479736
vt 0.050111863762140274 1.6665555449435487E-05
vt 0.065315499901771545 1.6665555449435487E-05
vt 0.033412978053092957 1.6665555449435487E-05
vt 0.048616614192724228 1.6665555449435487E-05
vt 0.048616614192724228 0.43332111835479736
vt 0.033412978053092957 0.43332111835479736
vt 0.083509638905525208 0.49998334050178528
vt 0.083509638905525208 1.6665555449435487E-05
vt 0.09871327131986618 1.6665555449435487E-05
vt 0.09871327131986618 0.49998334050178528
vt 0.082014389336109161 0.49998334050178528
vt 0.066810749471187592 0.49998334050178528
vt 0.066810749471187592 1.6665555449435487E-05
vt 0.082014389336109161 1.6665555449435487E-05
vt 0.13211104273796082 0.49998334050178528
vt 0.11690741032361984 0.49998334050178528
vt 0.11690741032361984 1.6665555449435487E-05
vt 0.13211104273796082 1.6665555449435487E-05
vt 0.10020852088928223 1.6665555449435487E-05
vt 0.1154121607542038 1.6665555449435487E-05
vt 0.1154121607542038 0.49998334050178528
vt 0.10020852088928223 0.49998334050178528
vt 0.16684117913246155 0.53325009346008301
vt 0.16684117913246155 0.96528506278991699
vt 0.59887617826461792 0.96528506278991699
vt 0.59887617826461792 0.53325009346008301
vt 0.63210964202880859 0.99851852655410767
vt 0.13360770046710968 0.99851852655410767
vt 0.13360770046710968 0.50001662969589233
vt 0.63210964202880859 0.50001662969589233
vt 0.16684117913246155 0.033250078558921814
vt 0.16684117913246155 0.46528506278991699
vt 0.59887617826461792 0.033250078558921814
vt 0.59887617826461792 0.46528506278991699
vt 0.13360770046710968 1.661673013586551E-05
vt 0.63210964202880859 1.661673013586551E-05
vt 0.13360770046710968 0.49851855635643005
vt 0.63210964202880859 0.49851855635643005
vn 0 0 1
vn 0 0 1
vn 0 0 1
vn 0 0 1
vn 1 0 0
vn 1 0 0
vn 1 0 0
vn 1 0 0
vn 0 0 -1
vn 0 0 -1
vn 0 0 -1
vn 0 0 -1
vn -1 0 0
vn -1 0 0
vn -1 0 0
vn -1 0 0
vn -1 0 0
vn -1 0 0
vn -1 0 0
vn -1 0 0
vn 0 0 -1
vn 0 0 -1
vn 0 0 -1
vn 0 0 -1
vn 1 0 0
vn 1 0 0
vn 1 0 0
vn 1 0 0
vn 0 0 1
vn 0 0 1
vn 0 0 1
vn 0 0 1
vn 0 -1 0
vn 0 -1 0
vn 0 -1 0
vn 0 -1 0
vn 0 -1 0
vn 0 -1 0
vn 0 -1 0
vn 0 -1 0
vn 0 1 0
vn 0 1 0
vn 0 1 0
vn 0 1 0
vn 0 1 0
vn 0 1 0
vn 0 1 0
vn 0 1 0
f 3025/3025/3025 3026/3026/3026 3027/3027/3027 3028/3028/3028
f 3030/3030/3030 3031/3031/3031 3032/3032/3032 3029/3029/3029
f 3034/3034/3034 3035/3035/3035 3036/3036/3036 3033/3033/3033
f 3040/3040/3040 3037/3037/3037 3038/3038/3038 3039/3039/3039
f 3041/3041/3041 3042/3042/3042 3043/3043/3043 3044/3044/3044
f 3046/3046/3046 3047/3047/3047 3048/3048/3048 3045/3045/3045
f 3050/3050/3050 3051/3051/3051 3052/3052/3052 3049/3049/3049
f 3056/3056/3056 3053/3053/3053 3054/3054/3054 3055/3055/3055
f 3060/3060/3060 3057/3057/3057 3063/3063/3063 3064/3064/3064
f 3059/3059/3059 3060/3060/3060 3064/3064/3064 3061/3061/3061
f 3057/3057/3057 3058/3058/3058 3062/3062/3062 3063/3063/3063
f 3058/3058/3058 3059/3059/3059 3061/3061/3061 3062/3062/3062
f 3067/3067/3067 3065/3065/3065 3069/3069/3069 3070/3070/3070
f 3070/3070/3070 3072/3072/3072 3068/3068/3068 3067/3067/3067
f 3071/3071/3071 3069/3069/3069 3065/3065/3065 3066/3066/3066
f 3066/3066/3066 3068/3068/3068 3072/3072/3072 3071/3071/3071
v -3822.0390625 2632 54755.5390625 255 255 0
v -3942.0390625 2632 54755.5390625 255 255 0
v -3942.0390625 2582 54755.5390625 255 255 0
v -3822.0390625 2582 54755.5390625 255 255 0
v -3942.0390625 2582 54755.5390625 255 255 0
v -3942.0390625 2632 54755.5390625 255 255 0
v -3942.0390625 2632 54655.5390625 255 255 0
v -3942.0390625 2582 54655.5390625 255 255 0
v -3942.0390625 2582 54655.5390625 255 255 0
v -3942.0390625 2632 54655.5390625 255 255 0
v -3822.0390625 2632 54655.5390625 255 255 0
v -3822.0390625 2582 54655.5390625 255 255 0
v -3822.0390625 2632 54755.5390625 255 255 0
v -3822.0390625 2582 54755.5390625 255 255 0
v -3822.0390625 2582 54655.5390625 255 255 0
v -3822.0390625 2632 54655.5390625 255 255 0
v -3822.0390625 2582 54755.5390625 255 255 0
v -3942.0390625 2582 54755.5390625 255 255 0
v -3942.0390625 2582 54655.5390625 255 255 0
v -3822.0390625 2582 54655.5390625 255 255 0
v -3942.0390625 2632 54755.5390625 255 255 0
v -3822.0390625 2632 54755.5390625 255 255 0
v -3942.0390625 2632 54655.5390625 255 255 0
v -3822.0390625 2632 54655.5390625 255 255 0
vt 0.50002074241638184 0.62505191564559937
vt 0.99851441383361816 0.62505191564559937
vt 0.99851441383361816 0.83190333843231201
vt 0.50002074241638184 0.83190333843231201
vt 0.95833683013916016 0.4151880145072937
vt 0.75002080202102661 0.4151880145072937
vt 0.75002080202102661 2.075836164294742E-05
vt 0.95833683013916016 2.075836164294742E-05
vt 0.50002074241638184 0.62354570627212524
vt 0.50002074241638184 0.4166942834854126
vt 0.99851441383361816 0.4166942834854126
vt 0.99851441383361816 0.62354570627212524
vt 0.50002080202102661 2.075836164294742E-05
vt 0.70833683013916016 2.075836164294742E-05
vt 0.70833683013916016 0.4151880145072937
vt 0.50002080202102661 0.4151880145072937
vt 0.49851438403129578 0.83190327882766724
vt 2.0770792616531253E-05 0.83190327882766724
vt 2.0770792616531253E-05 0.41671520471572876
vt 0.49851438403129578 0.41671520471572876
vt 2.0770792616531253E-05 2.0759403923875652E-05
vt 0.49851438403129578 2.0759403923875652E-05
vt 2.0770792616531253E-05 0.4152088463306427
vt 0.49851438403129578 0.4152088463306427
vn 0 0 1
vn 0 0 1
vn 0 0 1
vn 0 0 1
vn -1 0 0
vn -1 0 0
vn -1 0 0
vn -1 0 0
vn 0 0 -1
vn 0 0 -1
vn 0 0 -1
vn 0 0 -1
vn 1 0 0
vn 1 0 0
vn 1 0 0
vn 1 0 0
vn 0 -1 0
vn 0 -1 0
vn 0 -1 0
vn 0 -1 0
vn 0 1 0
vn 0 1 0
vn 0 1 0
vn 0 1 0
f 3073/3073/3073 3074/3074/3074 3075/3075/3075 3076/3076/3076
f 3077/3077/3077 3078/3078/3078 3079/3079/3079
f 3079/3079/3079 3080/3080/3080 3077/3077/3077
f 3082/3082/3082 3083/3083/3083 3084/3084/3084 3081/3081/3081
f 3086/3086/3086 3088/3088/3088 3085/3085/3085
f 3088/3088/3088 3086/3086/3086 3087/3087/3087
f 3091/3091/3091 3092/3092/3092 3089/3089/3089 3090/3090/3090
f 3093/3093/3093 3094/3094/3094 3096/3096/3096 3095/3095/3095
v -3992.6640625 2582 54806.1640625 255 255 0
v -3992.6640625 2582 54604.9140625 255 255 0
v -3992.6640625 2569.5 54604.9140625 255 255 0
v -3992.6640625 2569.5 54806.1640625 255 255 0
v -3992.6640625 2569.5 54604.9140625 255 255 0
v -3992.6640625 2582 54604.9140625 255 255 0
v -3975.4140625 2582 54604.9140625 255 255 0
v -3975.4140625 2569.5 54604.9140625 255 255 0
v -3975.4140625 2569.5 54604.9140625 255 255 0
v -3975.4140625 2582 54604.9140625 255 255 0
v -3975.4140625 2582 54806.1640625 255 255 0
v -3975.4140625 2569.5 54806.1640625 255 255 0
v -3992.6640625 2582 54806.1640625 255 255 0
v -3992.6640625 2569.5 54806.1640625 255 255 0
v -3975.4140625 2569.5 54806.1640625 255 255 0
v -3975.4140625 2582 54806.1640625 255 255 0
v -3992.6640625 2569.5 54806.1640625 255 255 0
v -3992.6640625 2569.5 54604.9140625 255 255 0
v -3975.4140625 2569.5 54604.9140625 255 255 0
v -3975.4140625 2569.5 54806.1640625 255 255 0
v -3992.6640625 2582 54604.9140625 255 255 0
v -3992.6640625 2582 54806.1640625 255 255 0
v -3975.4140625 2582 54604.9140625 255 255 0
v -3975.4140625 2582 54806.1640625 255 255 0
vt 0.079008758068084717 0.72752189636230469
vt 0.99851232767105103 0.72752189636230469
vt 0.99851232767105103 0.78472495079040527
vt 0.079008758068084717 0.78472495079040527
vt 0.59671884775161743 0.078963026404380798
vt 0.53951585292816162 0.078963026404380798
vt 0.53951585292816162 2.2881200493429787E-05
vt 0.59671884775161743 2.2881200493429787E-05
vt 0.079008758068084717 0.59120988845825195
vt 0.079008758068084717 0.53400689363479614
vt 0.99851232767105103 0.53400689363479614
vt 0.99851232767105103 0.59120988845825195
vt 0.079008787870407104 2.2881200493429787E-05
vt 0.13621178269386292 2.2881200493429787E-05
vt 0.13621178269386292 0.078963026404380798
vt 0.079008787870407104 0.078963026404380798
vt 0.99851232767105103 0.3459550142288208
vt 0.079008758068084717 0.3459550142288208
vt 0.079008758068084717 0.26701486110687256
vt 0.99851232767105103 0.26701486110687256
vt 2.2456853912444785E-05 0.91952639818191528
vt 2.2456853912444785E-05 2.2844809791422449E-05
vt 0.077498607337474823 0.91952639818191528
vt 0.077498607337474823 2.2844809791422449E-05
vn -1 0 0
vn -1 0 0
vn -1 0 0
vn -1 0 0
vn 0 0 -1
vn 0 0 -1
vn 0 0 -1
vn 0 0 -1
vn 1 0 0
vn 1 0 0
vn 1 0 0
vn 1 0 0
vn 0 0 1
vn 0 0 1
vn 0 0 1
vn 0 0 1
vn 0 -1 0
vn 0 -1 0
vn 0 -1 0
vn 0 -1 0
vn 0 1 0
vn 0 1 0
vn 0 1 0
vn 0 1 0
f 3100/3100/3100 3097/3097/3097 3098/3098/3098
f 3098/3098/3098 3099/3099/3099 3100/3100/3100
f 3102/3102/3102 3103/3103/3103 3104/3104/3104 3101/3101/3101
f 3108/3108/3108 3106/3106/3106 3107/3107/3107
f 3106/3106/3106 3108/3108/3108 3105/3105/3105
f 3112/3112/3112 3109/3109/3109 3110/3110/3110 3111/3111/3111
f 3115/3115/3115 3116/3116/3116 3113/3113/3113 3114/3114/3114
f 3117/3117/3117 3118/3118/3118 3120/3120/3120 3119/3119/3119
v -3791.4140625 2582 54806.1640625 255 255 0
v -3808.6640625 2582 54806.1640625 255 255 0
v -3808.6640625 2569.5 54806.1640625 255 255 0
v -3791.4140625 2569.5 54806.1640625 255 255 0
v -3808.6640625 2569.5 54806.1640625 255 255 0
v -3808.6640625 2582 54806.1640625 255 255 0
v -3808.6640625 2582 54604.9140625 255 255 0
v -3808.6640625 2569.5 54604.9140625 255 255 0
v -3808.6640625 2569.5 54604.9140625 255 255 0
v -3808.6640625 2582 54604.9140625 255 255 0
v -3791.4140625 2582 54604.9140625 255 255 0
v -3791.4140625 2569.5 54604.9140625 255 255 0
v -3791.4140625 2582 54806.1640625 255 255 0
v -3791.4140625 2569.5 54806.1640625 255 255 0
v -3791.4140625 2569.5 54604.9140625 255 255 0
v -3791.4140625 2582 54604.9140625 255 255 0
v -3791.4140625 2569.5 54806.1640625 255 255 0
v -3808.6640625 2569.5 54806.1640625 255 255 0
v -3808.6640625 2569.5 54604.9140625 255 255 0
v -3791.4140625 2569.5 54604.9140625 255 255 0
v -3808.6640625 2582 54806.1640625 255 255 0
v -3791.4140625 2582 54806.1640625 255 255 0
v -3808.6640625 2582 54604.9140625 255 255 0
v -3791.4140625 2582 54604.9140625 255 255 0
vt 0.53951585292816162 0.078963026404380798
vt 0.53951585292816162 2.2881200493429787E-05
vt 0.59671884775161743 2.2881200493429787E-05
vt 0.59671884775161743 0.078963026404380798
vt 0.079008758068084717 0.78472495079040527
vt 0.079008758068084717 0.72752189636230469
vt 0.99851232767105103 0.72752189636230469
vt 0.99851232767105103 0.78472495079040527
vt 0.13621178269386292 0.078963026404380798
vt 0.079008787870407104 0.078963026404380798
vt 0.079008787870407104 2.2881200493429787E-05
vt 0.13621178269386292 2.2881200493429787E-05
vt 0.99851232767105103 0.53400689363479614
vt 0.99851232767105103 0.59120988845825195
vt 0.079008758068084717 0.59120988845825195
vt 0.079008758068084717 0.53400689363479614
vt 0.99851232767105103 0.26701486110687256
vt 0.99851232767105103 0.3459550142288208
vt 0.07900875061750412 0.3459550142288208
vt 0.07900875061750412 0.26701486110687256
vt 2.2456189981312491E-05 2.2844809791422449E-05
vt 0.077498607337474823 2.2844809791422449E-05
vt 2.2456189981312491E-05 0.91952639818191528
vt 0.077498607337474823 0.91952639818191528
vn 0 0 1
vn 0 0 1
vn 0 0 1
vn 0 0 1
vn -1 0 0
vn -1 0 0
vn -1 0 0
vn -1 0 0
vn 0 0 -1
vn 0 0 -1
vn 0 0 -1
vn 0 0 -1
vn 1 0 0
vn 1 0 0
vn 1 0 0
vn 1 0 0
vn 0 -1 0
vn 0 -1 0
vn 0 -1 0
vn 0 -1 0
vn 0 1 0
vn 0 1 0
vn 0 1 0
vn 0 1 0
f 3121/3121/3121 3122/3122/3122 3123/3123/3123 3124/3124/3124
f 3125/3125/3125 3126/3126/3126 3127/3127/3127
f 3127/3127/3127 3128/3128/3128 3125/3125/3125
f 3130/3130/3130 3131/3131/3131 3132/3132/3132 3129/3129/3129
f 3134/3134/3134 3136/3136/3136 3133/3133/3133
f 3136/3136/3136 3134/3134/3134 3135/3135/3135
f 3139/3139/3139 3140/3140/3140 3137/3137/3137 3138/3138/3138
f 3141/3141/3141 3142/3142/3142 3144/3144/3144 3143/3143/3143
v -3942.0390625 2582 54755.5390625 255 255 0
v -3942.0390625 2582 54655.5390625 255 255 0
v -3942.0390625 2569.5 54655.5390625 255 255 0
v -3942.0390625 2569.5 54755.5390625 255 255 0
v -3942.0390625 2569.5 54655.5390625 255 255 0
v -3942.0390625 2582 54655.5390625 255 255 0
v -3841.62744140625 2582 54655.5390625 255 255 0
v -3841.62744140625 2569.5 54655.5390625 255 255 0
v -3841.62744140625 2569.5 54655.5390625 255 255 0
v -3841.62744140625 2582 54655.5390625 255 255 0
v -3841.62744140625 2582 54755.5390625 255 255 0
v -3841.62744140625 2569.5 54755.5390625 255 255 0
v -3942.0390625 2582 54755.5390625 255 255 0
v -3942.0390625 2569.5 54755.5390625 255 255 0
v -3841.62744140625 2569.5 54755.5390625 255 255 0
v -3841.62744140625 2582 54755.5390625 255 255 0
v -3942.0390625 2569.5 54755.5390625 255 255 0
v -3942.0390625 2569.5 54655.5390625 255 255 0
v -3841.62744140625 2569.5 54655.5390625 255 255 0
v -3841.62744140625 2569.5 54755.5390625 255 255 0
v -3942.0390625 2582 54655.5390625 255 255 0
v -3942.0390625 2582 54755.5390625 255 255 0
v -3841.62744140625 2582 54655.5390625 255 255 0
v -3841.62744140625 2582 54755.5390625 255 255 0
vt 0.062568157911300659 0.49997499585151672
vt 0.062568157911300659 2.4997500077006407E-05
vt 0.12359823286533356 2.4997500077006407E-05
vt 0.12359823286533356 0.49997499585151672
vt 0.18614198267459869 0.50203251838684082
vt 0.1251119077205658 0.50203251838684082
vt 0.1251119077205658 2.4997500077006407E-05
vt 0.18614198267459869 2.4997500077006407E-05
vt 0.061054486781358719 0.49997499585151672
vt 2.441203105263412E-05 0.49997499585151672
vt 2.441203105263412E-05 2.4997500077006407E-05
vt 0.061054486781358719 2.4997500077006407E-05
vt 0.18765564262866974 2.4997500077006407E-05
vt 0.24868571758270264 2.4997500077006407E-05
vt 0.24868571758270264 0.50203251838684082
vt 0.18765564262866974 0.50203251838684082
vt 0.75074267387390137 2.4924265744630247E-05
vt 0.75074267387390137 0.4985102117061615
vt 0.25019991397857666 0.4985102117061615
vt 0.25019991397857666 2.4924265744630247E-05
vt 0.25019991397857666 0.99851024150848389
vt 0.25019991397857666 0.50002491474151611
vt 0.75074267387390137 0.99851024150848389
vt 0.75074267387390137 0.50002491474151611
vn -1 0 0
vn -1 0 0
vn -1 0 0
vn -1 0 0
vn 0 0 -1
vn 0 0 -1
vn 0 0 -1
vn 0 0 -1
vn 1 0 0
vn 1 0 0
vn 1 0 0
vn 1 0 0
vn 0 0 1
vn 0 0 1
vn 0 0 1
vn 0 0 1
vn 0 -1 0
vn 0 -1 0
vn 0 -1 0
vn 0 -1 0
vn 0 1 0
vn 0 1 0
vn 0 1 0
vn 0 1 0
f 3147/3147/3147 3145/3145/3145 3146/3146/3146
f 3145/3145/3145 3147/3147/3147 3148/3148/3148
f 3150/3150/3150 3151/3151/3151 3152/3152/3152 3149/3149/3149
f 3153/3153/3153 3154/3154/3154 3155/3155/3155
f 3155/3155/3155 3156/3156/3156 3153/3153/3153
f 3160/3160/3160 3157/3157/3157 3158/3158/3158 3159/3159/3159
f 3162/3162/3162 3163/3163/3163 3164/3164/3164
f 3164/3164/3164 3161/3161/3161 3162/3162/3162
f 3167/3167/3167 3165/3165/3165 3166/3166/3166
f 3166/3166/3166 3168/3168/3168 3167/3167/3167
v -3748.2890625 2569.5 54849.2890625 255 255 0
v -4035.7890625 2569.5 54849.2890625 255 255 0
v -4035.7890625 2469.5 54849.2890625 255 255 0
v -3748.2890625 2469.5 54849.2890625 255 255 0
v -4035.7890625 2469.5 54849.2890625 255 255 0
v -4035.7890625 2569.5 54849.2890625 255 255 0
v -4035.7890625 2569.5 54561.7890625 255 255 0
v -4035.7890625 2469.5 54561.7890625 255 255 0
v -4035.7890625 2469.5 54561.7890625 255 255 0
v -4035.7890625 2569.5 54561.7890625 255 255 0
v -3748.2890625 2569.5 54561.7890625 255 255 0
v -3748.2890625 2469.5 54561.7890625 255 255 0
v -3748.2890625 2569.5 54849.2890625 255 255 0
v -3748.2890625 2469.5 54849.2890625 255 255 0
v -3748.2890625 2469.5 54561.7890625 255 255 0
v -3748.2890625 2569.5 54561.7890625 255 255 0
v -3748.2890625 2469.5 54849.2890625 255 255 0
v -4035.7890625 2469.5 54849.2890625 255 255 0
v -4035.7890625 2469.5 54561.7890625 255 255 0
v -3748.2890625 2469.5 54561.7890625 255 255 0
v -4035.7890625 2569.5 54849.2890625 255 255 0
v -3748.2890625 2569.5 54849.2890625 255 255 0
v -4035.7890625 2569.5 54561.7890625 255 255 0
v -3748.2890625 2569.5 54561.7890625 255 255 0
vt 8.6767831817269325E-06 0.25000870227813721
vt 0.49852648377418518 0.25000870227813721
vt 0.49852648377418518 0.42391568422317505
vt 8.6767831817269325E-06 0.42391568422317505
vt 8.6767831817269325E-06 0.92391568422317505
vt 8.6767831817269325E-06 0.75000870227813721
vt 0.49852648377418518 0.75000870227813721
vt 0.49852648377418518 0.92391568422317505
vt 8.6767831817269325E-06 0.17391568422317505
vt 8.6767831817269325E-06 8.6953496065689251E-06
vt 0.49852648377418518 8.6953496065689251E-06
vt 0.49852648377418518 0.17391568422317505
vt 0.49852648377418518 0.50000870227813721
vt 0.49852648377418518 0.67391568422317505
vt 8.6767831817269325E-06 0.67391568422317505
vt 8.6767831817269325E-06 0.50000870227813721
vt 0.99852651357650757 0.99852645397186279
vt 0.50000870227813721 0.99852645397186279
vt 0.50000870227813721 0.50000864267349243
vt 0.99852651357650757 0.50000864267349243
vt 0.50000870227813721 8.6698746599722654E-06
vt 0.99852651357650757 8.6698746599722654E-06
vt 0.50000870227813721 0.49852648377418518
vt 0.99852651357650757 0.49852648377418518
vn 0 0 1
vn 0 0 1
vn 0 0 1
vn 0 0 1
vn -1 0 0
vn -1 0 0
vn -1 0 0
vn -1 0 0
vn 0 0 -1
vn 0 0 -1
vn 0 0 -1
vn 0 0 -1
vn 1 0 0
vn 1 0 0
vn 1 0 0
vn 1 0 0
vn 0 -1 0
vn 0 -1 0
vn 0 -1 0
vn 0 -1 0
vn 0 1 0
vn 0 1 0
vn 0 1 0
vn 0 1 0
f 3169/3169/3169 3170/3170/3170 3171/3171/3171 3172/3172/3172
f 3173/3173/3173 3174/3174/3174 3175/3175/3175
f 3175/3175/3175 3176/3176/3176 3173/3173/3173
f 3178/3178/3178 3179/3179/3179 3180/3180/3180 3177/3177/3177
f 3182/3182/3182 3184/3184/3184 3181/3181/3181
f 3184/3184/3184 3182/3182/3182 3183/3183/3183
f 3187/3187/3187 3188/3188/3188 3185/3185/3185 3186/3186/3186
f 3189/3189/3189 3190/3190/3190 3192/3192/3192 3191/3191/3191
v -3758.2890625 2469.5 54839.2890625 255 255 0
v -4025.7890625 2469.5 54839.2890625 255 255 0
v -4025.7890625 2434.5 54839.2890625 255 255 0
v -3758.2890625 2434.5 54839.2890625 255 255 0
v -4025.7890625 2434.5 54839.2890625 255 255 0
v -4025.7890625 2469.5 54839.2890625 255 255 0
v -4025.7890625 2469.5 54571.7890625 255 255 0
v -4025.7890625 2434.5 54571.7890625 255 255 0
v -4025.7890625 2434.5 54571.7890625 255 255 0
v -4025.7890625 2469.5 54571.7890625 255 255 0
v -3758.2890625 2469.5 54571.7890625 255 255 0
v -3758.2890625 2434.5 54571.7890625 255 255 0
v -3758.2890625 2469.5 54839.2890625 255 255 0
v -3758.2890625 2434.5 54839.2890625 255 255 0
v -3758.2890625 2434.5 54571.7890625 255 255 0
v -3758.2890625 2469.5 54571.7890625 255 255 0
v -3758.2890625 2434.5 54839.2890625 255 255 0
v -4025.7890625 2434.5 54839.2890625 255 255 0
v -4025.7890625 2434.5 54571.7890625 255 255 0
v -3758.2890625 2434.5 54571.7890625 255 255 0
v -4025.7890625 2469.5 54839.2890625 255 255 0
v -3758.2890625 2469.5 54839.2890625 255 255 0
v -4025.7890625 2469.5 54571.7890625 255 255 0
v -3758.2890625 2469.5 54571.7890625 255 255 0
vt 0.065445944666862488 0.49999064207077026
vt 0.065445944666862488 9.3454445959650911E-06
vt 0.1293996274471283 9.3454445959650911E-06
vt 0.1293996274471283 0.49999064207077026
vt 0.063962824642658234 0.49999064207077026
vt 9.1362417151685804E-06 0.49999064207077026
vt 9.1362417151685804E-06 9.3454445959650911E-06
vt 0.063962824642658234 9.3454445959650911E-06
vt 0.26027324795722961 0.49999064207077026
vt 0.19631955027580261 0.49999064207077026
vt 0.19631955027580261 9.3454445959650911E-06
vt 0.26027324795722961 9.3454445959650911E-06
vt 0.13088275492191315 9.3454445959650911E-06
vt 0.19483643770217896 9.3454445959650911E-06
vt 0.19483643770217896 0.49999064207077026
vt 0.13088275492191315 0.49999064207077026
vt 0.7602730393409729 0.99852579832077026
vt 0.26175656914710999 0.99852579832077026
vt 0.26175656914710999 0.50000929832458496
vt 0.7602730393409729 0.50000929832458496
vt 0.26175656914710999 9.3180651674629189E-06
vt 0.7602730393409729 9.3180651674629189E-06
vt 0.26175656914710999 0.49852582812309265
vt 0.7602730393409729 0.49852582812309265
vn 0 0 1
vn 0 0 1
vn 0 0 1
vn 0 0 1
vn -1 0 0
vn -1 0 0
vn -1 0 0
vn -1 0 0
vn 0 0 -1
vn 0 0 -1
vn 0 0 -1
vn 0 0 -1
vn 1 0 0
vn 1 0 0
vn 1 0 0
vn 1 0 0
vn 0 -1 0
vn 0 -1 0
vn 0 -1 0
vn 0 -1 0
vn 0 1 0
vn 0 1 0
vn 0 1 0
vn 0 1 0
f 3193/3193/3193 3194/3194/3194 3195/3195/3195 3196/3196/3196
f 3198/3198/3198 3199/3199/3199 3200/3200/3200 3197/3197/3197
f 3202/3202/3202 3203/3203/3203 3204/3204/3204 3201/3201/3201
f 3208/3208/3208 3205/3205/3205 3206/3206/3206 3207/3207/3207
f 3211/3211/3211 3212/3212/3212 3209/3209/3209 3210/3210/3210
f 3213/3213/3213 3214/3214/3214 3216/3216/3216 3215/3215/3215
v -4025.7890625 2469.5 54571.7890625 255 255 0
v -4025.7890625 2469.5 54839.2890625 255 255 0
v -4025.7890625 2434.5 54839.2890625 255 255 0
v -4025.7890625 2434.5 54571.7890625 255 255 0
v -4025.7890625 2434.5 54839.2890625 255 255 0
v -4025.7890625 2469.5 54839.2890625 255 255 0
v -3758.2890625 2469.5 54839.2890625 255 255 0
v -3758.2890625 2434.5 54839.2890625 255 255 0
v -3758.2890625 2434.5 54839.2890625 255 255 0
v -3758.2890625 2469.5 54839.2890625 255 255 0
v -3758.2890625 2469.5 54571.7890625 255 255 0
v -3758.2890625 2434.5 54571.7890625 255 255 0
v -4025.7890625 2469.5 54571.7890625 255 255 0
v -4025.7890625 2434.5 54571.7890625 255 255 0
v -3758.2890625 2434.5 54571.7890625 255 255 0
v -3758.2890625 2469.5 54571.7890625 255 255 0
v -3748.2890625 2469.5 54849.2890625 255 255 0
v -4035.7890625 2469.5 54849.2890625 255 255 0
v -4035.7890625 2434.5 54849.2890625 255 255 0
v -3748.2890625 2434.5 54849.2890625 255 255 0
v -4035.7890625 2434.5 54849.2890625 255 255 0
v -4035.7890625 2469.5 54849.2890625 255 255 0
v -4035.7890625 2469.5 54561.7890625 255 255 0
v -4035.7890625 2434.5 54561.7890625 255 255 0
v -4035.7890625 2434.5 54561.7890625 255 255 0
v -4035.7890625 2469.5 54561.7890625 255 255 0
v -3748.2890625 2469.5 54561.7890625 255 255 0
v -3748.2890625 2434.5 54561.7890625 255 255 0
v -3748.2890625 2469.5 54849.2890625 255 255 0
v -3748.2890625 2434.5 54849.2890625 255 255 0
v -3748.2890625 2434.5 54561.7890625 255 255 0
v -3748.2890625 2469.5 54561.7890625 255 255 0
v -4025.7890625 2434.5 54571.7890625 255 255 0
v -4025.7890625 2434.5 54839.2890625 255 255 0
v -3758.2890625 2434.5 54839.2890625 255 255 0
v -3758.2890625 2434.5 54571.7890625 255 255 0
v -3748.2890625 2434.5 54849.2890625 255 255 0
v -4035.7890625 2434.5 54849.2890625 255 255 0
v -4035.7890625 2434.5 54561.7890625 255 255 0
v -3748.2890625 2434.5 54561.7890625 255 255 0
v -4025.7890625 2469.5 54839.2890625 255 255 0
v -4025.7890625 2469.5 54571.7890625 255 255 0
v -3758.2890625 2469.5 54839.2890625 255 255 0
v -3758.2890625 2469.5 54571.7890625 255 255 0
v -4035.7890625 2469.5 54849.2890625 255 255 0
v -3748.2890625 2469.5 54849.2890625 255 255 0
v -4035.7890625 2469.5 54561.7890625 255 255 0
v -3748.2890625 2469.5 54561.7890625 255 255 0
vt 0.06089332327246666 0.46520990133285522
vt 0.06089332327246666 8.6953496065689251E-06
vt 0.12029635161161423 8.6953496065689251E-06
vt 0.12029635161161423 0.46520990133285522
vt 0.059411510825157166 0.46520990133285522
vt 8.4861458162777126E-06 0.46520990133285522
vt 8.4861458162777126E-06 8.6953496065689251E-06
vt 0.059411510825157166 8.6953496065689251E-06
vt 0.24206602573394775 0.46520990133285522
vt 0.18266300857067108 0.46520990133285522
vt 0.18266300857067108 8.6953496065689251E-06
vt 0.24206602573394775 8.6953496065689251E-06
vt 0.12177816033363342 8.6953496065689251E-06
vt 0.18118119239807129 8.6953496065689251E-06
vt 0.18118119239807129 0.46520990133285522
vt 0.12177816033363342 0.46520990133285522
vt 0.30443269014358521 0.49999129772186279
vt 0.30443269014358521 8.6953496065689251E-06
vt 0.36383569240570068 8.6953496065689251E-06
vt 0.36383569240570068 0.49999129772186279
vt 0.30295085906982422 0.49999129772186279
vt 0.24354784190654755 0.49999129772186279
vt 0.24354784190654755 8.6953496065689251E-06
vt 0.30295085906982422 8.6953496065689251E-06
vt 0.485605388879776 0.49999129772186279
vt 0.42620235681533813 0.49999129772186279
vt 0.42620235681533813 8.6953496065689251E-06
vt 0.485605388879776 8.6953496065689251E-06
vt 0.36531752347946167 8.6953496065689251E-06
vt 0.42472055554389954 8.6953496065689251E-06
vt 0.42472055554389954 0.49999129772186279
vt 0.36531752347946167 0.49999129772186279
vt 0.50442713499069214 0.51734840869903564
vt 0.50442713499069214 0.98118674755096436
vt 0.96826547384262085 0.98118674755096436
vt 0.96826547384262085 0.51734840869903564
vt 0.98560518026351929 0.99852645397186279
vt 0.48708739876747131 0.99852645397186279
vt 0.48708739876747131 0.50000864267349243
vt 0.98560518026351929 0.50000864267349243
vt 0.50442713499069214 0.01734841987490654
vt 0.50442713499069214 0.48118671774864197
vt 0.96826547384262085 0.01734841987490654
vt 0.96826547384262085 0.48118671774864197
vt 0.48708739876747131 8.6698746599722654E-06
vt 0.98560518026351929 8.6698746599722654E-06
vt 0.48708739876747131 0.49852648377418518
vt 0.98560518026351929 0.49852648377418518
vn 1 0 0
vn 1 0 0
vn 1 0 0
vn 1 0 0
vn 0 0 -1
vn 0 0 -1
vn 0 0 -1
vn 0 0 -1
vn -1 0 0
vn -1 0 0
vn -1 0 0
vn -1 0 0
vn 0 0 1
vn 0 0 1
vn 0 0 1
vn 0 0 1
vn 0 0 1
vn 0 0 1
vn 0 0 1
vn 0 0 1
vn -1 0 0
vn -1 0 0
vn -1 0 0
vn -1 0 0
vn 0 0 -1
vn 0 0 -1
vn 0 0 -1
vn 0 0 -1
vn 1 0 0
vn 1 0 0
vn 1 0 0
vn 1 0 0
vn 0 -1 0
vn 0 -1 0
vn 0 -1 0
vn 0 -1 0
vn 0 -1 0
vn 0 -1 0
vn 0 -1 0
vn 0 -1 0
vn 0 1 0
vn 0 1 0
vn 0 1 0
vn 0 1 0
vn 0 1 0
vn 0 1 0
vn 0 1 0
vn 0 1 0
f 3217/3217/3217 3218/3218/3218 3219/3219/3219 3220/3220/3220
f 3222/3222/3222 3223/3223/3223 3224/3224/3224 3221/3221/3221
f 3226/3226/3226 3227/3227/3227 3228/3228/3228 3225/3225/3225
f 3232/3232/3232 3229/3229/3229 3230/3230/3230 3231/3231/3231
f 3233/3233/3233 3234/3234/3234 3235/3235/3235 3236/3236/3236
f 3238/3238/3238 3239/3239/3239 3240/3240/3240 3237/3237/3237
f 3242/3242/3242 3243/3243/3243 3244/3244/3244 3241/3241/3241
f 3248/3248/3248 3245/3245/3245 3246/3246/3246 3247/3247/3247
f 3252/3252/3252 3249/3249/3249 3255/3255/3255 3256/3256/3256
f 3251/3251/3251 3252/3252/3252 3256/3256/3256 3253/3253/3253
f 3249/3249/3249 3250/3250/3250 3254/3254/3254 3255/3255/3255
f 3250/3250/3250 3251/3251/3251 3253/3253/3253 3254/3254/3254
f 3259/3259/3259 3257/3257/3257 3261/3261/3261 3262/3262/3262
f 3262/3262/3262 3264/3264/3264 3260/3260/3260 3259/3259/3259
f 3263/3263/3263 3261/3261/3261 3257/3257/3257 3258/3258/3258
f 3258/3258/3258 3260/3260/3260 3264/3264/3264 3263/3263/3263
v -3832.0390625 2632 53075.5390625 255 255 0
v -3952.0390625 2632 53075.5390625 255 255 0
v -3952.0390625 2582 53075.5390625 255 255 0
v -3832.0390625 2582 53075.5390625 255 255 0
v -3952.0390625 2582 53075.5390625 255 255 0
v -3952.0390625 2632 53075.5390625 255 255 0
v -3952.0390625 2632 52975.5390625 255 255 0
v -3952.0390625 2582 52975.5390625 255 255 0
v -3952.0390625 2582 52975.5390625 255 255 0
v -3952.0390625 2632 52975.5390625 255 255 0
v -3832.0390625 2632 52975.5390625 255 255 0
v -3832.0390625 2582 52975.5390625 255 255 0
v -3832.0390625 2632 53075.5390625 255 255 0
v -3832.0390625 2582 53075.5390625 255 255 0
v -3832.0390625 2582 52975.5390625 255 255 0
v -3832.0390625 2632 52975.5390625 255 255 0
v -3832.0390625 2582 53075.5390625 255 255 0
v -3952.0390625 2582 53075.5390625 255 255 0
v -3952.0390625 2582 52975.5390625 255 255 0
v -3832.0390625 2582 52975.5390625 255 255 0
v -3952.0390625 2632 53075.5390625 255 255 0
v -3832.0390625 2632 53075.5390625 255 255 0
v -3952.0390625 2632 52975.5390625 255 255 0
v -3832.0390625 2632 52975.5390625 255 255 0
vt 0.50002074241638184 0.62505191564559937
vt 0.99851441383361816 0.62505191564559937
vt 0.99851441383361816 0.83190333843231201
vt 0.50002074241638184 0.83190333843231201
vt 0.95833683013916016 0.4151880145072937
vt 0.75002080202102661 0.4151880145072937
vt 0.75002080202102661 2.075836164294742E-05
vt 0.95833683013916016 2.075836164294742E-05
vt 0.50002074241638184 0.62354570627212524
vt 0.50002074241638184 0.4166942834854126
vt 0.99851441383361816 0.4166942834854126
vt 0.99851441383361816 0.62354570627212524
vt 0.50002080202102661 2.075836164294742E-05
vt 0.70833683013916016 2.075836164294742E-05
vt 0.70833683013916016 0.4151880145072937
vt 0.50002080202102661 0.4151880145072937
vt 0.49851438403129578 0.83190327882766724
vt 2.0770792616531253E-05 0.83190327882766724
vt 2.0770792616531253E-05 0.41671520471572876
vt 0.49851438403129578 0.41671520471572876
vt 2.0770792616531253E-05 2.0759403923875652E-05
vt 0.49851438403129578 2.0759403923875652E-05
vt 2.0770792616531253E-05 0.4152088463306427
vt 0.49851438403129578 0.4152088463306427
vn 0 0 1
vn 0 0 1
vn 0 0 1
vn 0 0 1
vn -1 0 0
vn -1 0 0
vn -1 0 0
vn -1 0 0
vn 0 0 -1
vn 0 0 -1
vn 0 0 -1
vn 0 0 -1
vn 1 0 0
vn 1 0 0
vn 1 0 0
vn 1 0 0
vn 0 -1 0
vn 0 -1 0
vn 0 -1 0
vn 0 -1 0
vn 0 1 0
vn 0 1 0
vn 0 1 0
vn 0 1 0
f 3265/3265/3265 3266/3266/3266 3267/3267/3267 3268/3268/3268
f 3269/3269/3269 3270/3270/3270 3271/3271/3271
f 3271/3271/3271 3272/3272/3272 3269/3269/3269
f 3274/3274/3274 3275/3275/3275 3276/3276/3276 3273/3273/3273
f 3278/3278/3278 3280/3280/3280 3277/3277/3277
f 3280/3280/3280 3278/3278/3278 3279/3279/3279
f 3283/3283/3283 3284/3284/3284 3281/3281/3281 3282/3282/3282
f 3285/3285/3285 3286/3286/3286 3288/3288/3288 3287/3287/3287
v -4002.6640625 2582 53126.1640625 255 255 0
v -4002.6640625 2582 52924.9140625 255 255 0
v -4002.6640625 2569.5 52924.9140625 255 255 0
v -4002.6640625 2569.5 53126.1640625 255 255 0
v -4002.6640625 2569.5 52924.9140625 255 255 0
v -4002.6640625 2582 52924.9140625 255 255 0
v -3985.4140625 2582 52924.9140625 255 255 0
v -3985.4140625 2569.5 52924.9140625 255 255 0
v -3985.4140625 2569.5 52924.9140625 255 255 0
v -3985.4140625 2582 52924.9140625 255 255 0
v -3985.4140625 2582 53126.1640625 255 255 0
v -3985.4140625 2569.5 53126.1640625 255 255 0
v -4002.6640625 2582 53126.1640625 255 255 0
v -4002.6640625 2569.5 53126.1640625 255 255 0
v -3985.4140625 2569.5 53126.1640625 255 255 0
v -3985.4140625 2582 53126.1640625 255 255 0
v -4002.6640625 2569.5 53126.1640625 255 255 0
v -4002.6640625 2569.5 52924.9140625 255 255 0
v -3985.4140625 2569.5 52924.9140625 255 255 0
v -3985.4140625 2569.5 53126.1640625 255 255 0
v -4002.6640625 2582 52924.9140625 255 255 0
v -4002.6640625 2582 53126.1640625 255 255 0
v -3985.4140625 2582 52924.9140625 255 255 0
v -3985.4140625 2582 53126.1640625 255 255 0
vt 0.079008758068084717 0.72752189636230469
vt 0.99851232767105103 0.72752189636230469
vt 0.99851232767105103 0.78472495079040527
vt 0.079008758068084717 0.78472495079040527
vt 0.59671884775161743 0.078963026404380798
vt 0.53951585292816162 0.078963026404380798
vt 0.53951585292816162 2.2881200493429787E-05
vt 0.59671884775161743 2.2881200493429787E-05
vt 0.079008758068084717 0.59120988845825195
vt 0.079008758068084717 0.53400689363479614
vt 0.99851232767105103 0.53400689363479614
vt 0.99851232767105103 0.59120988845825195
vt 0.079008787870407104 2.2881200493429787E-05
vt 0.13621178269386292 2.2881200493429787E-05
vt 0.13621178269386292 0.078963026404380798
vt 0.079008787870407104 0.078963026404380798
vt 0.99851232767105103 0.3459550142288208
vt 0.079008758068084717 0.3459550142288208
vt 0.079008758068084717 0.26701486110687256
vt 0.99851232767105103 0.26701486110687256
vt 2.2456853912444785E-05 0.91952639818191528
vt 2.2456853912444785E-05 2.2844809791422449E-05
vt 0.077498607337474823 0.91952639818191528
vt 0.077498607337474823 2.2844809791422449E-05
vn -1 0 0
vn -1 0 0
vn -1 0 0
vn -1 0 0
vn 0 0 -1
vn 0 0 -1
vn 0 0 -1
vn 0 0 -1
vn 1 0 0
vn 1 0 0
vn 1 0 0
vn 1 0 0
vn 0 0 1
vn 0 0 1
vn 0 0 1
vn 0 0 1
vn 0 -1 0
vn 0 -1 0
vn 0 -1 0
vn 0 -1 0
vn 0 1 0
vn 0 1 0
vn 0 1 0
vn 0 1 0
f 3292/3292/3292 3289/3289/3289 3290/3290/3290
f 3290/3290/3290 3291/3291/3291 3292/3292/3292
f 3294/3294/3294 3295/3295/3295 3296/3296/3296 3293/3293/3293
f 3300/3300/3300 3298/3298/3298 3299/3299/3299
f 3298/3298/3298 3300/3300/3300 3297/3297/3297
f 3304/3304/3304 3301/3301/3301 3302/3302/3302 3303/3303/3303
f 3307/3307/3307 3308/3308/3308 3305/3305/3305 3306/3306/3306
f 3309/3309/3309 3310/3310/3310 3312/3312/3312 3311/3311/3311
v -3801.4140625 2582 53126.1640625 255 255 0
v -3818.6640625 2582 53126.1640625 255 255 0
v -3818.6640625 2569.5 53126.1640625 255 255 0
v -3801.4140625 2569.5 53126.1640625 255 255 0
v -3818.6640625 2569.5 53126.1640625 255 255 0
v -3818.6640625 2582 53126.1640625 255 255 0
v -3818.6640625 2582 52924.9140625 255 255 0
v -3818.6640625 2569.5 52924.9140625 255 255 0
v -3818.6640625 2569.5 52924.9140625 255 255 0
v -3818.6640625 2582 52924.9140625 255 255 0
v -3801.4140625 2582 52924.9140625 255 255 0
v -3801.4140625 2569.5 52924.9140625 255 255 0
v -3801.4140625 2582 53126.1640625 255 255 0
v -3801.4140625 2569.5 53126.1640625 255 255 0
v -3801.4140625 2569.5 52924.9140625 255 255 0
v -3801.4140625 2582 52924.9140625 255 255 0
v -3801.4140625 2569.5 53126.1640625 255 255 0
v -3818.6640625 2569.5 53126.1640625 255 255 0
v -3818.6640625 2569.5 52924.9140625 255 255 0
v -3801.4140625 2569.5 52924.9140625 255 255 0
v -3818.6640625 2582 53126.1640625 255 255 0
v -3801.4140625 2582 53126.1640625 255 255 0
v -3818.6640625 2582 52924.9140625 255 255 0
v -3801.4140625 2582 52924.9140625 255 255 0
vt 0.53951585292816162 0.078963026404380798
vt 0.53951585292816162 2.2881200493429787E-05
vt 0.59671884775161743 2.2881200493429787E-05
vt 0.59671884775161743 0.078963026404380798
vt 0.079008758068084717 0.78472495079040527
vt 0.079008758068084717 0.72752189636230469
vt 0.99851232767105103 0.72752189636230469
vt 0.99851232767105103 0.78472495079040527
vt 0.13621178269386292 0.078963026404380798
vt 0.079008787870407104 0.078963026404380798
vt 0.079008787870407104 2.2881200493429787E-05
vt 0.13621178269386292 2.2881200493429787E-05
vt 0.99851232767105103 0.53400689363479614
vt 0.99851232767105103 0.59120988845825195
vt 0.079008758068084717 0.59120988845825195
vt 0.079008758068084717 0.53400689363479614
vt 0.99851232767105103 0.26701486110687256
vt 0.99851232767105103 0.3459550142288208
vt 0.07900875061750412 0.3459550142288208
vt 0.07900875061750412 0.26701486110687256
vt 2.2456189981312491E-05 2.2844809791422449E-05
vt 0.077498607337474823 2.2844809791422449E-05
vt 2.2456189981312491E-05 0.91952639818191528
vt 0.077498607337474823 0.91952639818191528
vn 0 0 1
vn 0 0 1
vn 0 0 1
vn 0 0 1
vn -1 0 0
vn -1 0 0
vn -1 0 0
vn -1 0 0
vn 0 0 -1
vn 0 0 -1
vn 0 0 -1
vn 0 0 -1
vn 1 0 0
vn 1 0 0
vn 1 0 0
vn 1 0 0
vn 0 -1 0
vn 0 -1 0
vn 0 -1 0
vn 0 -1 0
vn 0 1 0
vn 0 1 0
vn 0 1 0
vn 0 1 0
f 3313/3313/3313 3314/3314/3314 3315/3315/3315 3316/3316/3316
f 3317/3317/3317 3318/3318/3318 3319/3319/3319
f 3319/3319/3319 3320/3320/3320 3317/3317/3317
f 3322/3322/3322 3323/3323/3323 3324/3324/3324 3321/3321/3321
f 3326/3326/3326 3328/3328/3328 3325/3325/3325
f 3328/3328/3328 3326/3326/3326 3327/3327/3327
f 3331/3331/3331 3332/3332/3332 3329/3329/3329 3330/3330/3330
f 3333/3333/3333 3334/3334/3334 3336/3336/3336 3335/3335/3335
v -3952.0390625 2582 53075.5390625 255 255 0
v -3952.0390625 2582 52975.5390625 255 255 0
v -3952.0390625 2569.5 52975.5390625 255 255 0
v -3952.0390625 2569.5 53075.5390625 255 255 0
v -3952.0390625 2569.5 52975.5390625 255 255 0
v -3952.0390625 2582 52975.5390625 255 255 0
v -3851.62744140625 2582 52975.5390625 255 255 0
v -3851.62744140625 2569.5 52975.5390625 255 255 0
v -3851.62744140625 2569.5 52975.5390625 255 255 0
v -3851.62744140625 2582 52975.5390625 255 255 0
v -3851.62744140625 2582 53075.5390625 255 255 0
v -3851.62744140625 2569.5 53075.5390625 255 255 0
v -3952.0390625 2582 53075.5390625 255 255 0
v -3952.0390625 2569.5 53075.5390625 255 255 0
v -3851.62744140625 2569.5 53075.5390625 255 255 0
v -3851.62744140625 2582 53075.5390625 255 255 0
v -3952.0390625 2569.5 53075.5390625 255 255 0
v -3952.0390625 2569.5 52975.5390625 255 255 0
v -3851.62744140625 2569.5 52975.5390625 255 255 0
v -3851.62744140625 2569.5 53075.5390625 255 255 0
v -3952.0390625 2582 52975.5390625 255 255 0
v -3952.0390625 2582 53075.5390625 255 255 0
v -3851.62744140625 2582 52975.5390625 255 255 0
v -3851.62744140625 2582 53075.5390625 255 255 0
vt 0.062568157911300659 0.49997499585151672
vt 0.062568157911300659 2.4997500077006407E-05
vt 0.12359823286533356 2.4997500077006407E-05
vt 0.12359823286533356 0.49997499585151672
vt 0.18614198267459869 0.50203251838684082
vt 0.1251119077205658 0.50203251838684082
vt 0.1251119077205658 2.4997500077006407E-05
vt 0.18614198267459869 2.4997500077006407E-05
vt 0.061054486781358719 0.49997499585151672
vt 2.441203105263412E-05 0.49997499585151672
vt 2.441203105263412E-05 2.4997500077006407E-05
vt 0.061054486781358719 2.4997500077006407E-05
vt 0.18765564262866974 2.4997500077006407E-05
vt 0.24868571758270264 2.4997500077006407E-05
vt 0.24868571758270264 0.50203251838684082
vt 0.18765564262866974 0.50203251838684082
vt 0.75074267387390137 2.4924265744630247E-05
vt 0.75074267387390137 0.4985102117061615
vt 0.25019991397857666 0.4985102117061615
vt 0.25019991397857666 2.4924265744630247E-05
vt 0.25019991397857666 0.99851024150848389
vt 0.25019991397857666 0.50002491474151611
vt 0.75074267387390137 0.99851024150848389
vt 0.75074267387390137 0.50002491474151611
vn -1 0 0
vn -1 0 0
vn -1 0 0
vn -1 0 0
vn 0 0 -1
vn 0 0 -1
vn 0 0 -1
vn 0 0 -1
vn 1 0 0
vn 1 0 0
vn 1 0 0
vn 1 0 0
vn 0 0 1
vn 0 0 1
vn 0 0 1
vn 0 0 1
vn 0 -1 0
vn 0 -1 0
vn 0 -1 0
vn 0 -1 0
vn 0 1 0
vn 0 1 0
vn 0 1 0
vn 0 1 0
f 3339/3339/3339 3337/3337/3337 3338/3338/3338
f 3337/3337/3337 3339/3339/3339 3340/3340/3340
f 3342/3342/3342 3343/3343/3343 3344/3344/3344 3341/3341/3341
f 3345/3345/3345 3346/3346/3346 3347/3347/3347
f 3347/3347/3347 3348/3348/3348 3345/3345/3345
f 3352/3352/3352 3349/3349/3349 3350/3350/3350 3351/3351/3351
f 3354/3354/3354 3355/3355/3355 3356/3356/3356
f 3356/3356/3356 3353/3353/3353 3354/3354/3354
f 3359/3359/3359 3357/3357/3357 3358/3358/3358
f 3358/3358/3358 3360/3360/3360 3359/3359/3359
v -3758.2890625 2569.5 53169.2890625 255 255 0
v -4045.7890625 2569.5 53169.2890625 255 255 0
v -4045.7890625 2469.5 53169.2890625 255 255 0
v -3758.2890625 2469.5 53169.2890625 255 255 0
v -4045.7890625 2469.5 53169.2890625 255 255 0
v -4045.7890625 2569.5 53169.2890625 255 255 0
v -4045.7890625 2569.5 52881.7890625 255 255 0
v -4045.7890625 2469.5 52881.7890625 255 255 0
v -4045.7890625 2469.5 52881.7890625 255 255 0
v -4045.7890625 2569.5 52881.7890625 255 255 0
v -3758.2890625 2569.5 52881.7890625 255 255 0
v -3758.2890625 2469.5 52881.7890625 255 255 0
v -3758.2890625 2569.5 53169.2890625 255 255 0
v -3758.2890625 2469.5 53169.2890625 255 255 0
v -3758.2890625 2469.5 52881.7890625 255 255 0
v -3758.2890625 2569.5 52881.7890625 255 255 0
v -3758.2890625 2469.5 53169.2890625 255 255 0
v -4045.7890625 2469.5 53169.2890625 255 255 0
v -4045.7890625 2469.5 52881.7890625 255 255 0
v -3758.2890625 2469.5 52881.7890625 255 255 0
v -4045.7890625 2569.5 53169.2890625 255 255 0
v -3758.2890625 2569.5 53169.2890625 255 255 0
v -4045.7890625 2569.5 52881.7890625 255 255 0
v -3758.2890625 2569.5 52881.7890625 255 255 0
vt 8.6767831817269325E-06 0.25000870227813721
vt 0.49852648377418518 0.25000870227813721
vt 0.49852648377418518 0.42391568422317505
vt 8.6767831817269325E-06 0.42391568422317505
vt 8.6767831817269325E-06 0.92391568422317505
vt 8.6767831817269325E-06 0.75000870227813721
vt 0.49852648377418518 0.75000870227813721
vt 0.49852648377418518 0.92391568422317505
vt 8.6767831817269325E-06 0.17391568422317505
vt 8.6767831817269325E-06 8.6953496065689251E-06
vt 0.49852648377418518 8.6953496065689251E-06
vt 0.49852648377418518 0.17391568422317505
vt 0.49852648377418518 0.50000870227813721
vt 0.49852648377418518 0.67391568422317505
vt 8.6767831817269325E-06 0.67391568422317505
vt 8.6767831817269325E-06 0.50000870227813721
vt 0.99852651357650757 0.99852645397186279
vt 0.50000870227813721 0.99852645397186279
vt 0.50000870227813721 0.50000864267349243
vt 0.99852651357650757 0.50000864267349243
vt 0.50000870227813721 8.6698746599722654E-06
vt 0.99852651357650757 8.6698746599722654E-06
vt 0.50000870227813721 0.49852648377418518
vt 0.99852651357650757 0.49852648377418518
vn 0 0 1
vn 0 0 1
vn 0 0 1
vn 0 0 1
vn -1 0 0
vn -1 0 0
vn -1 0 0
vn -1 0 0
vn 0 0 -1
vn 0 0 -1
vn 0 0 -1
vn 0 0 -1
vn 1 0 0
vn 1 0 0
vn 1 0 0
vn 1 0 0
vn 0 -1 0
vn 0 -1 0
vn 0 -1 0
vn 0 -1 0
vn 0 1 0
vn 0 1 0
vn 0 1 0
vn 0 1 0
f 3361/3361/3361 3362/3362/3362 3363/3363/3363 3364/3364/3364
f 3365/3365/3365 3366/3366/3366 3367/3367/3367
f 3367/3367/3367 3368/3368/3368 3365/3365/3365
f 3370/3370/3370 3371/3371/3371 3372/3372/3372 3369/3369/3369
f 3374/3374/3374 3376/3376/3376 3373/3373/3373
f 3376/3376/3376 3374/3374/3374 3375/3375/3375
f 3379/3379/3379 3380/3380/3380 3377/3377/3377 3378/3378/3378
f 3381/3381/3381 3382/3382/3382 3384/3384/3384 3383/3383/3383
v -3768.2890625 2469.5 53159.2890625 255 255 0
v -4035.7890625 2469.5 53159.2890625 255 255 0
v -4035.7890625 2434.5 53159.2890625 255 255 0
v -3768.2890625 2434.5 53159.2890625 255 255 0
v -4035.7890625 2434.5 53159.2890625 255 255 0
v -4035.7890625 2469.5 53159.2890625 255 255 0
v -4035.7890625 2469.5 52891.7890625 255 255 0
v -4035.7890625 2434.5 52891.7890625 255 255 0
v -4035.7890625 2434.5 52891.7890625 255 255 0
v -4035.7890625 2469.5 52891.7890625 255 255 0
v -3768.2890625 2469.5 52891.7890625 255 255 0
v -3768.2890625 2434.5 52891.7890625 255 255 0
v -3768.2890625 2469.5 53159.2890625 255 255 0
v -3768.2890625 2434.5 53159.2890625 255 255 0
v -3768.2890625 2434.5 52891.7890625 255 255 0
v -3768.2890625 2469.5 52891.7890625 255 255 0
v -3768.2890625 2434.5 53159.2890625 255 255 0
v -4035.7890625 2434.5 53159.2890625 255 255 0
v -4035.7890625 2434.5 52891.7890625 255 255 0
v -3768.2890625 2434.5 52891.7890625 255 255 0
v -4035.7890625 2469.5 53159.2890625 255 255 0
v -3768.2890625 2469.5 53159.2890625 255 255 0
v -4035.7890625 2469.5 52891.7890625 255 255 0
v -3768.2890625 2469.5 52891.7890625 255 255 0
vt 0.065445944666862488 0.49999064207077026
vt 0.065445944666862488 9.3454445959650911E-06
vt 0.1293996274471283 9.3454445959650911E-06
vt 0.1293996274471283 0.49999064207077026
vt 0.063962824642658234 0.49999064207077026
vt 9.1362417151685804E-06 0.49999064207077026
vt 9.1362417151685804E-06 9.3454445959650911E-06
vt 0.063962824642658234 9.3454445959650911E-06
vt 0.26027324795722961 0.49999064207077026
vt 0.19631955027580261 0.49999064207077026
vt 0.19631955027580261 9.3454445959650911E-06
vt 0.26027324795722961 9.3454445959650911E-06
vt 0.13088275492191315 9.3454445959650911E-06
vt 0.19483643770217896 9.3454445959650911E-06
vt 0.19483643770217896 0.49999064207077026
vt 0.13088275492191315 0.49999064207077026
vt 0.7602730393409729 0.99852579832077026
vt 0.26175656914710999 0.99852579832077026
vt 0.26175656914710999 0.50000929832458496
vt 0.7602730393409729 0.50000929832458496
vt 0.26175656914710999 9.3180651674629189E-06
vt 0.7602730393409729 9.3180651674629189E-06
vt 0.26175656914710999 0.49852582812309265
vt 0.7602730393409729 0.49852582812309265
vn 0 0 1
vn 0 0 1
vn 0 0 1
vn 0 0 1
vn -1 0 0
vn -1 0 0
vn -1 0 0
vn -1 0 0
vn 0 0 -1
vn 0 0 -1
vn 0 0 -1
vn 0 0 -1
vn 1 0 0
vn 1 0 0
vn 1 0 0
vn 1 0 0
vn 0 -1 0
vn 0 -1 0
vn 0 -1 0
vn 0 -1 0
vn 0 1 0
vn 0 1 0
vn 0 1 0
vn 0 1 0
f 3385/3385/3385 3386/3386/3386 3387/3387/3387 3388/3388/3388
f 3390/3390/3390 3391/3391/3391 3392/3392/3392 3389/3389/3389
f 3394/3394/3394 3395/3395/3395 3396/3396/3396 3393/3393/3393
f 3400/3400/3400 3397/3397/3397 3398/3398/3398 3399/3399/3399
f 3403/3403/3403 3404/3404/3404 3401/3401/3401 3402/3402/3402
f 3405/3405/3405 3406/3406/3406 3408/3408/3408 3407/3407/3407
v -4035.7890625 2469.5 52891.7890625 255 255 0
v -4035.7890625 2469.5 53159.2890625 255 255 0
v -4035.7890625 2434.5 53159.2890625 255 255 0
v -4035.7890625 2434.5 52891.7890625 255 255 0
v -4035.7890625 2434.5 53159.2890625 255 255 0
v -4035.7890625 2469.5 53159.2890625 255 255 0
v -3768.2890625 2469.5 53159.2890625 255 255 0
v -3768.2890625 2434.5 53159.2890625 255 255 0
v -3768.2890625 2434.5 53159.2890625 255 255 0
v -3768.2890625 2469.5 53159.2890625 255 255 0
v -3768.2890625 2469.5 52891.7890625 255 255 0
v -3768.2890625 2434.5 52891.7890625 255 255 0
v -4035.7890625 2469.5 52891.7890625 255 255 0
v -4035.7890625 2434.5 52891.7890625 255 255 0
v -3768.2890625 2434.5 52891.7890625 255 255 0
v -3768.2890625 2469.5 52891.7890625 255 255 0
v -3758.2890625 2469.5 53169.2890625 255 255 0
v -4045.7890625 2469.5 53169.2890625 255 255 0
v -4045.7890625 2434.5 53169.2890625 255 255 0
v -3758.2890625 2434.5 53169.2890625 255 255 0
v -4045.7890625 2434.5 53169.2890625 255 255 0
v -4045.7890625 2469.5 53169.2890625 255 255 0
v -4045.7890625 2469.5 52881.7890625 255 255 0
v -4045.7890625 2434.5 52881.7890625 255 255 0
v -4045.7890625 2434.5 52881.7890625 255 255 0
v -4045.7890625 2469.5 52881.7890625 255 255 0
v -3758.2890625 2469.5 52881.7890625 255 255 0
v -3758.2890625 2434.5 52881.7890625 255 255 0
v -3758.2890625 2469.5 53169.2890625 255 255 0
v -3758.2890625 2434.5 53169.2890625 255 255 0
v -3758.2890625 2434.5 52881.7890625 255 255 0
v -3758.2890625 2469.5 52881.7890625 255 255 0
v -4035.7890625 2434.5 52891.7890625 255 255 0
v -4035.7890625 2434.5 53159.2890625 255 255 0
v -3768.2890625 2434.5 53159.2890625 255 255 0
v -3768.2890625 2434.5 52891.7890625 255 255 0
v -3758.2890625 2434.5 53169.2890625 255 255 0
v -4045.7890625 2434.5 53169.2890625 255 255 0
v -4045.7890625 2434.5 52881.7890625 255 255 0
v -3758.2890625 2434.5 52881.7890625 255 255 0
v -4035.7890625 2469.5 53159.2890625 255 255 0
v -4035.7890625 2469.5 52891.7890625 255 255 0
v -3768.2890625 2469.5 53159.2890625 255 255 0
v -3768.2890625 2469.5 52891.7890625 255 255 0
v -4045.7890625 2469.5 53169.2890625 255 255 0
v -3758.2890625 2469.5 53169.2890625 255 255 0
v -4045.7890625 2469.5 52881.7890625 255 255 0
v -3758.2890625 2469.5 52881.7890625 255 255 0
vt 0.06089332327246666 0.46520990133285522
vt 0.06089332327246666 8.6953496065689251E-06
vt 0.12029635161161423 8.6953496065689251E-06
vt 0.12029635161161423 0.46520990133285522
vt 0.059411510825157166 0.46520990133285522
vt 8.4861458162777126E-06 0.46520990133285522
vt 8.4861458162777126E-06 8.6953496065689251E-06
vt 0.059411510825157166 8.6953496065689251E-06
vt 0.24206602573394775 0.46520990133285522
vt 0.18266300857067108 0.46520990133285522
vt 0.18266300857067108 8.6953496065689251E-06
vt 0.24206602573394775 8.6953496065689251E-06
vt 0.12177816033363342 8.6953496065689251E-06
vt 0.18118119239807129 8.6953496065689251E-06
vt 0.18118119239807129 0.46520990133285522
vt 0.12177816033363342 0.46520990133285522
vt 0.30443269014358521 0.49999129772186279
vt 0.30443269014358521 8.6953496065689251E-06
vt 0.36383569240570068 8.6953496065689251E-06
vt 0.36383569240570068 0.49999129772186279
vt 0.30295085906982422 0.49999129772186279
vt 0.24354784190654755 0.49999129772186279
vt 0.24354784190654755 8.6953496065689251E-06
vt 0.30295085906982422 8.6953496065689251E-06
vt 0.485605388879776 0.49999129772186279
vt 0.42620235681533813 0.49999129772186279
vt 0.42620235681533813 8.6953496065689251E-06
vt 0.485605388879776 8.6953496065689251E-06
vt 0.36531752347946167 8.6953496065689251E-06
vt 0.42472055554389954 8.6953496065689251E-06
vt 0.42472055554389954 0.49999129772186279
vt 0.36531752347946167 0.49999129772186279
vt 0.50442713499069214 0.51734840869903564
vt 0.50442713499069214 0.98118674755096436
vt 0.96826547384262085 0.98118674755096436
vt 0.96826547384262085 0.51734840869903564
vt 0.98560518026351929 0.99852645397186279
vt 0.48708739876747131 0.99852645397186279
vt 0.48708739876747131 0.50000864267349243
vt 0.98560518026351929 0.50000864267349243
vt 0.50442713499069214 0.01734841987490654
vt 0.50442713499069214 0.48118671774864197
vt 0.96826547384262085 0.01734841987490654
vt 0.96826547384262085 0.48118671774864197
vt 0.48708739876747131 8.6698746599722654E-06
vt 0.98560518026351929 8.6698746599722654E-06
vt 0.48708739876747131 0.49852648377418518
vt 0.98560518026351929 0.49852648377418518
vn 1 0 0
vn 1 0 0
vn 1 0 0
vn 1 0 0
vn 0 0 -1
vn 0 0 -1
vn 0 0 -1
vn 0 0 -1
vn -1 0 0
vn -1 0 0
vn -1 0 0
vn -1 0 0
vn 0 0 1
vn 0 0 1
vn 0 0 1
vn 0 0 1
vn 0 0 1
vn 0 0 1
vn 0 0 1
vn 0 0 1
vn -1 0 0
vn -1 0 0
vn -1 0 0
vn -1 0 0
vn 0 0 -1
vn 0 0 -1
vn 0 0 -1
vn 0 0 -1
vn 1 0 0
vn 1 0 0
vn 1 0 0
vn 1 0 0
vn 0 -1 0
vn 0 -1 0
vn 0 -1 0
vn 0 -1 0
vn 0 -1 0
vn 0 -1 0
vn 0 -1 0
vn 0 -1 0
vn 0 1 0
vn 0 1 0
vn 0 1 0
vn 0 1 0
vn 0 1 0
vn 0 1 0
vn 0 1 0
vn 0 1 0
f 3409/3409/3409 3410/3410/3410 3411/3411/3411 3412/3412/3412
f 3414/3414/3414 3415/3415/3415 3416/3416/3416 3413/3413/3413
f 3418/3418/3418 3419/3419/3419 3420/3420/3420 3417/3417/3417
f 3424/3424/3424 3421/3421/3421 3422/3422/3422 3423/3423/3423
f 3425/3425/3425 3426/3426/3426 3427/3427/3427 3428/3428/3428
f 3430/3430/3430 3431/3431/3431 3432/3432/3432 3429/3429/3429
f 3434/3434/3434 3435/3435/3435 3436/3436/3436 3433/3433/3433
f 3440/3440/3440 3437/3437/3437 3438/3438/3438 3439/3439/3439
f 3444/3444/3444 3441/3441/3441 3447/3447/3447 3448/3448/3448
f 3443/3443/3443 3444/3444/3444 3448/3448/3448 3445/3445/3445
f 3441/3441/3441 3442/3442/3442 3446/3446/3446 3447/3447/3447
f 3442/3442/3442 3443/3443/3443 3445/3445/3445 3446/3446/3446
f 3451/3451/3451 3449/3449/3449 3453/3453/3453 3454/3454/3454
f 3454/3454/3454 3456/3456/3456 3452/3452/3452 3451/3451/3451
f 3455/3455/3455 3453/3453/3453 3449/3449/3449 3450/3450/3450
f 3450/3450/3450 3452/3452/3452 3456/3456/3456 3455/3455/3455
v -2889.8662109375 2632 49836.8828125 255 255 0
v -2769.8662109375 2632 49836.8828125 255 255 0
v -2769.8662109375 2582 49836.8828125 255 255 0
v -2889.8662109375 2582 49836.8828125 255 255 0
v -2769.8662109375 2582 49836.8828125 255 255 0
v -2769.8662109375 2632 49836.8828125 255 255 0
v -2769.8662109375 2632 49936.8828125 255 255 0
v -2769.8662109375 2582 49936.8828125 255 255 0
v -2769.8662109375 2582 49936.8828125 255 255 0
v -2769.8662109375 2632 49936.8828125 255 255 0
v -2889.8662109375 2632 49936.8828125 255 255 0
v -2889.8662109375 2582 49936.8828125 255 255 0
v -2889.8662109375 2632 49836.8828125 255 255 0
v -2889.8662109375 2582 49836.8828125 255 255 0
v -2889.8662109375 2582 49936.8828125 255 255 0
v -2889.8662109375 2632 49936.8828125 255 255 0
v -2889.8662109375 2582 49836.8828125 255 255 0
v -2769.8662109375 2582 49836.8828125 255 255 0
v -2769.8662109375 2582 49936.8828125 255 255 0
v -2889.8662109375 2582 49936.8828125 255 255 0
v -2769.8662109375 2632 49836.8828125 255 255 0
v -2889.8662109375 2632 49836.8828125 255 255 0
v -2769.8662109375 2632 49936.8828125 255 255 0
v -2889.8662109375 2632 49936.8828125 255 255 0
vt 0.50002074241638184 0.62505191564559937
vt 0.99851441383361816 0.62505191564559937
vt 0.99851441383361816 0.83190333843231201
vt 0.50002074241638184 0.83190333843231201
vt 0.95833683013916016 0.4151880145072937
vt 0.75002080202102661 0.4151880145072937
vt 0.75002080202102661 2.075836164294742E-05
vt 0.95833683013916016 2.075836164294742E-05
vt 0.50002074241638184 0.62354570627212524
vt 0.50002074241638184 0.4166942834854126
vt 0.99851441383361816 0.4166942834854126
vt 0.99851441383361816 0.62354570627212524
vt 0.50002080202102661 2.075836164294742E-05
vt 0.70833683013916016 2.075836164294742E-05
vt 0.70833683013916016 0.4151880145072937
vt 0.50002080202102661 0.4151880145072937
vt 0.49851438403129578 0.83190327882766724
vt 2.0770792616531253E-05 0.83190327882766724
vt 2.0770792616531253E-05 0.41671520471572876
vt 0.49851438403129578 0.41671520471572876
vt 2.0770792616531253E-05 2.0759403923875652E-05
vt 0.49851438403129578 2.0759403923875652E-05
vt 2.0770792616531253E-05 0.4152088463306427
vt 0.49851438403129578 0.4152088463306427
vn 0 0 -1
vn 0 0 -1
vn 0 0 -1
vn 0 0 -1
vn 1 0 0
vn 1 0 0
vn 1 0 0
vn 1 0 0
vn 0 0 1
vn 0 0 1
vn 0 0 1
vn 0 0 1
vn -1 0 0
vn -1 0 0
vn -1 0 0
vn -1 0 0
vn 0 -1 0
vn 0 -1 0
vn 0 -1 0
vn 0 -1 0
vn 0 1 0
vn 0 1 0
vn 0 1 0
vn 0 1 0
f 3457/3457/3457 3458/3458/3458 3459/3459/3459 3460/3460/3460
f 3461/3461/3461 3462/3462/3462 3463/3463/3463
f 3463/3463/3463 3464/3464/3464 3461/3461/3461
f 3466/3466/3466 3467/3467/3467 3468/3468/3468 3465/3465/3465
f 3470/3470/3470 3472/3472/3472 3469/3469/3469
f 3472/3472/3472 3470/3470/3470 3471/3471/3471
f 3475/3475/3475 3476/3476/3476 3473/3473/3473 3474/3474/3474
f 3477/3477/3477 3478/3478/3478 3480/3480/3480 3479/3479/3479
v -2719.2412109375 2582 49786.2578125 255 255 0
v -2719.2412109375 2582 49987.5078125 255 255 0
v -2719.2412109375 2569.5 49987.5078125 255 255 0
v -2719.2412109375 2569.5 49786.2578125 255 255 0
v -2719.2412109375 2569.5 49987.5078125 255 255 0
v -2719.2412109375 2582 49987.5078125 255 255 0
v -2736.4912109375 2582 49987.5078125 255 255 0
v -2736.4912109375 2569.5 49987.5078125 255 255 0
v -2736.4912109375 2569.5 49987.5078125 255 255 0
v -2736.4912109375 2582 49987.5078125 255 255 0
v -2736.4912109375 2582 49786.2578125 255 255 0
v -2736.4912109375 2569.5 49786.2578125 255 255 0
v -2719.2412109375 2582 49786.2578125 255 255 0
v -2719.2412109375 2569.5 49786.2578125 255 255 0
v -2736.4912109375 2569.5 49786.2578125 255 255 0
v -2736.4912109375 2582 49786.2578125 255 255 0
v -2719.2412109375 2569.5 49786.2578125 255 255 0
v -2719.2412109375 2569.5 49987.5078125 255 255 0
v -2736.4912109375 2569.5 49987.5078125 255 255 0
v -2736.4912109375 2569.5 49786.2578125 255 255 0
v -2719.2412109375 2582 49987.5078125 255 255 0
v -2719.2412109375 2582 49786.2578125 255 255 0
v -2736.4912109375 2582 49987.5078125 255 255 0
v -2736.4912109375 2582 49786.2578125 255 255 0
vt 0.079008758068084717 0.72752189636230469
vt 0.99851232767105103 0.72752189636230469
vt 0.99851232767105103 0.78472495079040527
vt 0.079008758068084717 0.78472495079040527
vt 0.59671884775161743 0.078963026404380798
vt 0.53951585292816162 0.078963026404380798
vt 0.53951585292816162 2.2881200493429787E-05
vt 0.59671884775161743 2.2881200493429787E-05
vt 0.079008758068084717 0.59120988845825195
vt 0.079008758068084717 0.53400689363479614
vt 0.99851232767105103 0.53400689363479614
vt 0.99851232767105103 0.59120988845825195
vt 0.079008787870407104 2.2881200493429787E-05
vt 0.13621178269386292 2.2881200493429787E-05
vt 0.13621178269386292 0.078963026404380798
vt 0.079008787870407104 0.078963026404380798
vt 0.99851232767105103 0.3459550142288208
vt 0.079008758068084717 0.3459550142288208
vt 0.079008758068084717 0.26701486110687256
vt 0.99851232767105103 0.26701486110687256
vt 2.2456853912444785E-05 0.91952639818191528
vt 2.2456853912444785E-05 2.2844809791422449E-05
vt 0.077498607337474823 0.91952639818191528
vt 0.077498607337474823 2.2844809791422449E-05
vn 1 0 0
vn 1 0 0
vn 1 0 0
vn 1 0 0
vn 0 0 1
vn 0 0 1
vn 0 0 1
vn 0 0 1
vn -1 0 0
vn -1 0 0
vn -1 0 0
vn -1 0 0
vn 0 0 -1
vn 0 0 -1
vn 0 0 -1
vn 0 0 -1
vn 0 -1 0
vn 0 -1 0
vn 0 -1 0
vn 0 -1 0
vn 0 1 0
vn 0 1 0
vn 0 1 0
vn 0 1 0
f 3484/3484/3484 3481/3481/3481 3482/3482/3482
f 3482/3482/3482 3483/3483/3483 3484/3484/3484
f 3486/3486/3486 3487/3487/3487 3488/3488/3488 3485/3485/3485
f 3492/3492/3492 3490/3490/3490 3491/3491/3491
f 3490/3490/3490 3492/3492/3492 3489/3489/3489
f 3496/3496/3496 3493/3493/3493 3494/3494/3494 3495/3495/3495
f 3499/3499/3499 3500/3500/3500 3497/3497/3497 3498/3498/3498
f 3501/3501/3501 3502/3502/3502 3504/3504/3504 3503/3503/3503
v -2920.4912109375 2582 49786.2578125 255 255 0
v -2903.2412109375 2582 49786.2578125 255 255 0
v -2903.2412109375 2569.5 49786.2578125 255 255 0
v -2920.4912109375 2569.5 49786.2578125 255 255 0
v -2903.2412109375 2569.5 49786.2578125 255 255 0
v -2903.2412109375 2582 49786.2578125 255 255 0
v -2903.2412109375 2582 49987.5078125 255 255 0
v -2903.2412109375 2569.5 49987.5078125 255 255 0
v -2903.2412109375 2569.5 49987.5078125 255 255 0
v -2903.2412109375 2582 49987.5078125 255 255 0
v -2920.4912109375 2582 49987.5078125 255 255 0
v -2920.4912109375 2569.5 49987.5078125 255 255 0
v -2920.4912109375 2582 49786.2578125 255 255 0
v -2920.4912109375 2569.5 49786.2578125 255 255 0
v -2920.4912109375 2569.5 49987.5078125 255 255 0
v -2920.4912109375 2582 49987.5078125 255 255 0
v -2920.4912109375 2569.5 49786.2578125 255 255 0
v -2903.2412109375 2569.5 49786.2578125 255 255 0
v -2903.2412109375 2569.5 49987.5078125 255 255 0
v -2920.4912109375 2569.5 49987.5078125 255 255 0
v -2903.2412109375 2582 49786.2578125 255 255 0
v -2920.4912109375 2582 49786.2578125 255 255 0
v -2903.2412109375 2582 49987.5078125 255 255 0
v -2920.4912109375 2582 49987.5078125 255 255 0
vt 0.53951585292816162 0.078963026404380798
vt 0.53951585292816162 2.2881200493429787E-05
vt 0.59671884775161743 2.2881200493429787E-05
vt 0.59671884775161743 0.078963026404380798
vt 0.079008758068084717 0.78472495079040527
vt 0.079008758068084717 0.72752189636230469
vt 0.99851232767105103 0.72752189636230469
vt 0.99851232767105103 0.78472495079040527
vt 0.13621178269386292 0.078963026404380798
vt 0.079008787870407104 0.078963026404380798
vt 0.079008787870407104 2.2881200493429787E-05
vt 0.13621178269386292 2.2881200493429787E-05
vt 0.99851232767105103 0.53400689363479614
vt 0.99851232767105103 0.59120988845825195
vt 0.079008758068084717 0.59120988845825195
vt 0.079008758068084717 0.53400689363479614
vt 0.99851232767105103 0.26701486110687256
vt 0.99851232767105103 0.3459550142288208
vt 0.07900875061750412 0.3459550142288208
vt 0.07900875061750412 0.26701486110687256
vt 2.2456189981312491E-05 2.2844809791422449E-05
vt 0.077498607337474823 2.2844809791422449E-05
vt 2.2456189981312491E-05 0.91952639818191528
vt 0.077498607337474823 0.91952639818191528
vn 0 0 -1
vn 0 0 -1
vn 0 0 -1
vn 0 0 -1
vn 1 0 0
vn 1 0 0
vn 1 0 0
vn 1 0 0
vn 0 0 1
vn 0 0 1
vn 0 0 1
vn 0 0 1
vn -1 0 0
vn -1 0 0
vn -1 0 0
vn -1 0 0
vn 0 -1 0
vn 0 -1 0
vn 0 -1 0
vn 0 -1 0
vn 0 1 0
vn 0 1 0
vn 0 1 0
vn 0 1 0
f 3505/3505/3505 3506/3506/3506 3507/3507/3507 3508/3508/3508
f 3509/3509/3509 3510/3510/3510 3511/3511/3511
f 3511/3511/3511 3512/3512/3512 3509/3509/3509
f 3514/3514/3514 3515/3515/3515 3516/3516/3516 3513/3513/3513
f 3518/3518/3518 3520/3520/3520 3517/3517/3517
f 3520/3520/3520 3518/3518/3518 3519/3519/3519
f 3523/3523/3523 3524/3524/3524 3521/3521/3521 3522/3522/3522
f 3525/3525/3525 3526/3526/3526 3528/3528/3528 3527/3527/3527
v -2769.8662109375 2582 49836.8828125 255 255 0
v -2769.8662109375 2582 49936.8828125 255 255 0
v -2769.8662109375 2569.5 49936.8828125 255 255 0
v -2769.8662109375 2569.5 49836.8828125 255 255 0
v -2769.8662109375 2569.5 49936.8828125 255 255 0
v -2769.8662109375 2582 49936.8828125 255 255 0
v -2870.27783203125 2582 49936.8828125 255 255 0
v -2870.27783203125 2569.5 49936.8828125 255 255 0
v -2870.27783203125 2569.5 49936.8828125 255 255 0
v -2870.27783203125 2582 49936.8828125 255 255 0
v -2870.27783203125 2582 49836.8828125 255 255 0
v -2870.27783203125 2569.5 49836.8828125 255 255 0
v -2769.8662109375 2582 49836.8828125 255 255 0
v -2769.8662109375 2569.5 49836.8828125 255 255 0
v -2870.27783203125 2569.5 49836.8828125 255 255 0
v -2870.27783203125 2582 49836.8828125 255 255 0
v -2769.8662109375 2569.5 49836.8828125 255 255 0
v -2769.8662109375 2569.5 49936.8828125 255 255 0
v -2870.27783203125 2569.5 49936.8828125 255 255 0
v -2870.27783203125 2569.5 49836.8828125 255 255 0
v -2769.8662109375 2582 49936.8828125 255 255 0
v -2769.8662109375 2582 49836.8828125 255 255 0
v -2870.27783203125 2582 49936.8828125 255 255 0
v -2870.27783203125 2582 49836.8828125 255 255 0
vt 0.062568157911300659 0.49997499585151672
vt 0.062568157911300659 2.4997500077006407E-05
vt 0.12359823286533356 2.4997500077006407E-05
vt 0.12359823286533356 0.49997499585151672
vt 0.18614198267459869 0.50203251838684082
vt 0.1251119077205658 0.50203251838684082
vt 0.1251119077205658 2.4997500077006407E-05
vt 0.18614198267459869 2.4997500077006407E-05
vt 0.061054486781358719 0.49997499585151672
vt 2.441203105263412E-05 0.49997499585151672
vt 2.441203105263412E-05 2.4997500077006407E-05
vt 0.061054486781358719 2.4997500077006407E-05
vt 0.18765564262866974 2.4997500077006407E-05
vt 0.24868571758270264 2.4997500077006407E-05
vt 0.24868571758270264 0.50203251838684082
vt 0.18765564262866974 0.50203251838684082
vt 0.75074267387390137 2.4924265744630247E-05
vt 0.75074267387390137 0.4985102117061615
vt 0.25019991397857666 0.4985102117061615
vt 0.25019991397857666 2.4924265744630247E-05
vt 0.25019991397857666 0.99851024150848389
vt 0.25019991397857666 0.50002491474151611
vt 0.75074267387390137 0.99851024150848389
vt 0.75074267387390137 0.50002491474151611
vn 1 0 0
vn 1 0 0
vn 1 0 0
vn 1 0 0
vn 0 0 1
vn 0 0 1
vn 0 0 1
vn 0 0 1
vn -1 0 0
vn -1 0 0
vn -1 0 0
vn -1 0 0
vn 0 0 -1
vn 0 0 -1
vn 0 0 -1
vn 0 0 -1
vn 0 -1 0
vn 0 -1 0
vn 0 -1 0
vn 0 -1 0
vn 0 1 0
vn 0 1 0
vn 0 1 0
vn 0 1 0
f 3531/3531/3531 3529/3529/3529 3530/3530/3530
f 3529/3529/3529 3531/3531/3531 3532/3532/3532
f 3534/3534/3534 3535/3535/3535 3536/3536/3536 3533/3533/3533
f 3537/3537/3537 3538/3538/3538 3539/3539/3539
f 3539/3539/3539 3540/3540/3540 3537/3537/3537
f 3544/3544/3544 3541/3541/3541 3542/3542/3542 3543/3543/3543
f 3546/3546/3546 3547/3547/3547 3548/3548/3548
f 3548/3548/3548 3545/3545/3545 3546/3546/3546
f 3551/3551/3551 3549/3549/3549 3550/3550/3550
f 3550/3550/3550 3552/3552/3552 3551/3551/3551
v -2963.6162109375 2569.5 49743.1328125 255 255 0
v -2676.1162109375 2569.5 49743.1328125 255 255 0
v -2676.1162109375 2469.5 49743.1328125 255 255 0
v -2963.6162109375 2469.5 49743.1328125 255 255 0
v -2676.1162109375 2469.5 49743.1328125 255 255 0
v -2676.1162109375 2569.5 49743.1328125 255 255 0
v -2676.1162109375 2569.5 50030.6328125 255 255 0
v -2676.1162109375 2469.5 50030.6328125 255 255 0
v -2676.1162109375 2469.5 50030.6328125 255 255 0
v -2676.1162109375 2569.5 50030.6328125 255 255 0
v -2963.6162109375 2569.5 50030.6328125 255 255 0
v -2963.6162109375 2469.5 50030.6328125 255 255 0
v -2963.6162109375 2569.5 49743.1328125 255 255 0
v -2963.6162109375 2469.5 49743.1328125 255 255 0
v -2963.6162109375 2469.5 50030.6328125 255 255 0
v -2963.6162109375 2569.5 50030.6328125 255 255 0
v -2963.6162109375 2469.5 49743.1328125 255 255 0
v -2676.1162109375 2469.5 49743.1328125 255 255 0
v -2676.1162109375 2469.5 50030.6328125 255 255 0
v -2963.6162109375 2469.5 50030.6328125 255 255 0
v -2676.1162109375 2569.5 49743.1328125 255 255 0
v -2963.6162109375 2569.5 49743.1328125 255 255 0
v -2676.1162109375 2569.5 50030.6328125 255 255 0
v -2963.6162109375 2569.5 50030.6328125 255 255 0
vt 8.6767831817269325E-06 0.25000870227813721
vt 0.49852648377418518 0.25000870227813721
vt 0.49852648377418518 0.42391568422317505
vt 8.6767831817269325E-06 0.42391568422317505
vt 8.6767831817269325E-06 0.92391568422317505
vt 8.6767831817269325E-06 0.75000870227813721
vt 0.49852648377418518 0.75000870227813721
vt 0.49852648377418518 0.92391568422317505
vt 8.6767831817269325E-06 0.17391568422317505
vt 8.6767831817269325E-06 8.6953496065689251E-06
vt 0.49852648377418518 8.6953496065689251E-06
vt 0.49852648377418518 0.17391568422317505
vt 0.49852648377418518 0.50000870227813721
vt 0.49852648377418518 0.67391568422317505
vt 8.6767831817269325E-06 0.67391568422317505
vt 8.6767831817269325E-06 0.50000870227813721
vt 0.99852651357650757 0.99852645397186279
vt 0.50000870227813721 0.99852645397186279
vt 0.50000870227813721 0.50000864267349243
vt 0.99852651357650757 0.50000864267349243
vt 0.50000870227813721 8.6698746599722654E-06
vt 0.99852651357650757 8.6698746599722654E-06
vt 0.50000870227813721 0.49852648377418518
vt 0.99852651357650757 0.49852648377418518
vn 0 0 -1
vn 0 0 -1
vn 0 0 -1
vn 0 0 -1
vn 1 0 0
vn 1 0 0
vn 1 0 0
vn 1 0 0
vn 0 0 1
vn 0 0 1
vn 0 0 1
vn 0 0 1
vn -1 0 0
vn -1 0 0
vn -1 0 0
vn -1 0 0
vn 0 -1 0
vn 0 -1 0
vn 0 -1 0
vn 0 -1 0
vn 0 1 0
vn 0 1 0
vn 0 1 0
vn 0 1 0
f 3553/3553/3553 3554/3554/3554 3555/3555/3555 3556/3556/3556
f 3557/3557/3557 3558/3558/3558 3559/3559/3559
f 3559/3559/3559 3560/3560/3560 3557/3557/3557
f 3562/3562/3562 3563/3563/3563 3564/3564/3564 3561/3561/3561
f 3566/3566/3566 3568/3568/3568 3565/3565/3565
f 3568/3568/3568 3566/3566/3566 3567/3567/3567
f 3571/3571/3571 3572/3572/3572 3569/3569/3569 3570/3570/3570
f 3573/3573/3573 3574/3574/3574 3576/3576/3576 3575/3575/3575
v -2953.6162109375 2469.5 49753.1328125 255 255 0
v -2686.1162109375 2469.5 49753.1328125 255 255 0
v -2686.1162109375 2434.5 49753.1328125 255 255 0
v -2953.6162109375 2434.5 49753.1328125 255 255 0
v -2686.1162109375 2434.5 49753.1328125 255 255 0
v -2686.1162109375 2469.5 49753.1328125 255 255 0
v -2686.1162109375 2469.5 50020.6328125 255 255 0
v -2686.1162109375 2434.5 50020.6328125 255 255 0
v -2686.1162109375 2434.5 50020.6328125 255 255 0
v -2686.1162109375 2469.5 50020.6328125 255 255 0
v -2953.6162109375 2469.5 50020.6328125 255 255 0
v -2953.6162109375 2434.5 50020.6328125 255 255 0
v -2953.6162109375 2469.5 49753.1328125 255 255 0
v -2953.6162109375 2434.5 49753.1328125 255 255 0
v -2953.6162109375 2434.5 50020.6328125 255 255 0
v -2953.6162109375 2469.5 50020.6328125 255 255 0
v -2953.6162109375 2434.5 49753.1328125 255 255 0
v -2686.1162109375 2434.5 49753.1328125 255 255 0
v -2686.1162109375 2434.5 50020.6328125 255 255 0
v -2953.6162109375 2434.5 50020.6328125 255 255 0
v -2686.1162109375 2469.5 49753.1328125 255 255 0
v -2953.6162109375 2469.5 49753.1328125 255 255 0
v -2686.1162109375 2469.5 50020.6328125 255 255 0
v -2953.6162109375 2469.5 50020.6328125 255 255 0
vt 0.065445944666862488 0.49999064207077026
vt 0.065445944666862488 9.3454445959650911E-06
vt 0.1293996274471283 9.3454445959650911E-06
vt 0.1293996274471283 0.49999064207077026
vt 0.063962824642658234 0.49999064207077026
vt 9.1362417151685804E-06 0.49999064207077026
vt 9.1362417151685804E-06 9.3454445959650911E-06
vt 0.063962824642658234 9.3454445959650911E-06
vt 0.26027324795722961 0.49999064207077026
vt 0.19631955027580261 0.49999064207077026
vt 0.19631955027580261 9.3454445959650911E-06
vt 0.26027324795722961 9.3454445959650911E-06
vt 0.13088275492191315 9.3454445959650911E-06
vt 0.19483643770217896 9.3454445959650911E-06
vt 0.19483643770217896 0.49999064207077026
vt 0.13088275492191315 0.49999064207077026
vt 0.7602730393409729 0.99852579832077026
vt 0.26175656914710999 0.99852579832077026
vt 0.26175656914710999 0.50000929832458496
vt 0.7602730393409729 0.50000929832458496
vt 0.26175656914710999 9.3180651674629189E-06
vt 0.7602730393409729 9.3180651674629189E-06
vt 0.26175656914710999 0.49852582812309265
vt 0.7602730393409729 0.49852582812309265
vn 0 0 -1
vn 0 0 -1
vn 0 0 -1
vn 0 0 -1
vn 1 0 0
vn 1 0 0
vn 1 0 0
vn 1 0 0
vn 0 0 1
vn 0 0 1
vn 0 0 1
vn 0 0 1
vn -1 0 0
vn -1 0 0
vn -1 0 0
vn -1 0 0
vn 0 -1 0
vn 0 -1 0
vn 0 -1 0
vn 0 -1 0
vn 0 1 0
vn 0 1 0
vn 0 1 0
vn 0 1 0
f 3577/3577/3577 3578/3578/3578 3579/3579/3579 3580/3580/3580
f 3582/3582/3582 3583/3583/3583 3584/3584/3584 3581/3581/3581
f 3586/3586/3586 3587/3587/3587 3588/3588/3588 3585/3585/3585
f 3592/3592/3592 3589/3589/3589 3590/3590/3590 3591/3591/3591
f 3595/3595/3595 3596/3596/3596 3593/3593/3593 3594/3594/3594
f 3597/3597/3597 3598/3598/3598 3600/3600/3600 3599/3599/3599
v -2686.1162109375 2469.5 50020.6328125 255 255 0
v -2686.1162109375 2469.5 49753.1328125 255 255 0
v -2686.1162109375 2434.5 49753.1328125 255 255 0
v -2686.1162109375 2434.5 50020.6328125 255 255 0
v -2686.1162109375 2434.5 49753.1328125 255 255 0
v -2686.1162109375 2469.5 49753.1328125 255 255 0
v -2953.6162109375 2469.5 49753.1328125 255 255 0
v -2953.6162109375 2434.5 49753.1328125 255 255 0
v -2953.6162109375 2434.5 49753.1328125 255 255 0
v -2953.6162109375 2469.5 49753.1328125 255 255 0
v -2953.6162109375 2469.5 50020.6328125 255 255 0
v -2953.6162109375 2434.5 50020.6328125 255 255 0
v -2686.1162109375 2469.5 50020.6328125 255 255 0
v -2686.1162109375 2434.5 50020.6328125 255 255 0
v -2953.6162109375 2434.5 50020.6328125 255 255 0
v -2953.6162109375 2469.5 50020.6328125 255 255 0
v -2963.6162109375 2469.5 49743.1328125 255 255 0
v -2676.1162109375 2469.5 49743.1328125 255 255 0
v -2676.1162109375 2434.5 49743.1328125 255 255 0
v -2963.6162109375 2434.5 49743.1328125 255 255 0
v -2676.1162109375 2434.5 49743.1328125 255 255 0
v -2676.1162109375 2469.5 49743.1328125 255 255 0
v -2676.1162109375 2469.5 50030.6328125 255 255 0
v -2676.1162109375 2434.5 50030.6328125 255 255 0
v -2676.1162109375 2434.5 50030.6328125 255 255 0
v -2676.1162109375 2469.5 50030.6328125 255 255 0
v -2963.6162109375 2469.5 50030.6328125 255 255 0
v -2963.6162109375 2434.5 50030.6328125 255 255 0
v -2963.6162109375 2469.5 49743.1328125 255 255 0
v -2963.6162109375 2434.5 49743.1328125 255 255 0
v -2963.6162109375 2434.5 50030.6328125 255 255 0
v -2963.6162109375 2469.5 50030.6328125 255 255 0
v -2686.1162109375 2434.5 50020.6328125 255 255 0
v -2686.1162109375 2434.5 49753.1328125 255 255 0
v -2953.6162109375 2434.5 49753.1328125 255 255 0
v -2953.6162109375 2434.5 50020.6328125 255 255 0
v -2963.6162109375 2434.5 49743.1328125 255 255 0
v -2676.1162109375 2434.5 49743.1328125 255 255 0
v -2676.1162109375 2434.5 50030.6328125 255 255 0
v -2963.6162109375 2434.5 50030.6328125 255 255 0
v -2686.1162109375 2469.5 49753.1328125 255 255 0
v -2686.1162109375 2469.5 50020.6328125 255 255 0
v -2953.6162109375 2469.5 49753.1328125 255 255 0
v -2953.6162109375 2469.5 50020.6328125 255 255 0
v -2676.1162109375 2469.5 49743.1328125 255 255 0
v -2963.6162109375 2469.5 49743.1328125 255 255 0
v -2676.1162109375 2469.5 50030.6328125 255 255 0
v -2963.6162109375 2469.5 50030.6328125 255 255 0
vt 0.06089332327246666 0.46520990133285522
vt 0.06089332327246666 8.6953496065689251E-06
vt 0.12029635161161423 8.6953496065689251E-06
vt 0.12029635161161423 0.46520990133285522
vt 0.059411510825157166 0.46520990133285522
vt 8.4861458162777126E-06 0.46520990133285522
vt 8.4861458162777126E-06 8.6953496065689251E-06
vt 0.059411510825157166 8.6953496065689251E-06
vt 0.24206602573394775 0.46520990133285522
vt 0.18266300857067108 0.46520990133285522
vt 0.18266300857067108 8.6953496065689251E-06
vt 0.24206602573394775 8.6953496065689251E-06
vt 0.12177816033363342 8.6953496065689251E-06
vt 0.18118119239807129 8.6953496065689251E-06
vt 0.18118119239807129 0.46520990133285522
vt 0.12177816033363342 0.46520990133285522
vt 0.30443269014358521 0.49999129772186279
vt 0.30443269014358521 8.6953496065689251E-06
vt 0.36383569240570068 8.6953496065689251E-06
vt 0.36383569240570068 0.49999129772186279
vt 0.30295085906982422 0.49999129772186279
vt 0.24354784190654755 0.49999129772186279
vt 0.24354784190654755 8.6953496065689251E-06
vt 0.30295085906982422 8.6953496065689251E-06
vt 0.485605388879776 0.49999129772186279
vt 0.42620235681533813 0.49999129772186279
vt 0.42620235681533813 8.6953496065689251E-06
vt 0.485605388879776 8.6953496065689251E-06
vt 0.36531752347946167 8.6953496065689251E-06
vt 0.42472055554389954 8.6953496065689251E-06
vt 0.42472055554389954 0.49999129772186279
vt 0.36531752347946167 0.49999129772186279
vt 0.50442713499069214 0.51734840869903564
vt 0.50442713499069214 0.98118674755096436
vt 0.96826547384262085 0.98118674755096436
vt 0.96826547384262085 0.51734840869903564
vt 0.98560518026351929 0.99852645397186279
vt 0.48708739876747131 0.99852645397186279
vt 0.48708739876747131 0.50000864267349243
vt 0.98560518026351929 0.50000864267349243
vt 0.50442713499069214 0.01734841987490654
vt 0.50442713499069214 0.48118671774864197
vt 0.96826547384262085 0.01734841987490654
vt 0.96826547384262085 0.48118671774864197
vt 0.48708739876747131 8.6698746599722654E-06
vt 0.98560518026351929 8.6698746599722654E-06
vt 0.48708739876747131 0.49852648377418518
vt 0.98560518026351929 0.49852648377418518
vn -1 0 0
vn -1 0 0
vn -1 0 0
vn -1 0 0
vn 0 0 1
vn 0 0 1
vn 0 0 1
vn 0 0 1
vn 1 0 0
vn 1 0 0
vn 1 0 0
vn 1 0 0
vn 0 0 -1
vn 0 0 -1
vn 0 0 -1
vn 0 0 -1
vn 0 0 -1
vn 0 0 -1
vn 0 0 -1
vn 0 0 -1
vn 1 0 0
vn 1 0 0
vn 1 0 0
vn 1 0 0
vn 0 0 1
vn 0 0 1
vn 0 0 1
vn 0 0 1
vn -1 0 0
vn -1 0 0
vn -1 0 0
vn -1 0 0
vn 0 -1 0
vn 0 -1 0
vn 0 -1 0
vn 0 -1 0
vn 0 -1 0
vn 0 -1 0
vn 0 -1 0
vn 0 -1 0
vn 0 1 0
vn 0 1 0
vn 0 1 0
vn 0 1 0
vn 0 1 0
vn 0 1 0
vn 0 1 0
vn 0 1 0
f 3601/3601/3601 3602/3602/3602 3603/3603/3603 3604/3604/3604
f 3606/3606/3606 3607/3607/3607 3608/3608/3608 3605/3605/3605
f 3610/3610/3610 3611/3611/3611 3612/3612/3612 3609/3609/3609
f 3616/3616/3616 3613/3613/3613 3614/3614/3614 3615/3615/3615
f 3617/3617/3617 3618/3618/3618 3619/3619/3619 3620/3620/3620
f 3622/3622/3622 3623/3623/3623 3624/3624/3624 3621/3621/3621
f 3626/3626/3626 3627/3627/3627 3628/3628/3628 3625/3625/3625
f 3632/3632/3632 3629/3629/3629 3630/3630/3630 3631/3631/3631
f 3636/3636/3636 3633/3633/3633 3639/3639/3639 3640/3640/3640
f 3635/3635/3635 3636/3636/3636 3640/3640/3640 3637/3637/3637
f 3633/3633/3633 3634/3634/3634 3638/3638/3638 3639/3639/3639
f 3634/3634/3634 3635/3635/3635 3637/3637/3637 3638/3638/3638
f 3643/3643/3643 3641/3641/3641 3645/3645/3645 3646/3646/3646
f 3646/3646/3646 3648/3648/3648 3644/3644/3644 3643/3643/3643
f 3647/3647/3647 3645/3645/3645 3641/3641/3641 3642/3642/3642
f 3642/3642/3642 3644/3644/3644 3648/3648/3648 3647/3647/3647
v -2899.8662109375 2632 48156.8828125 255 255 0
v -2779.8662109375 2632 48156.8828125 255 255 0
v -2779.8662109375 2582 48156.8828125 255 255 0
v -2899.8662109375 2582 48156.8828125 255 255 0
v -2779.8662109375 2582 48156.8828125 255 255 0
v -2779.8662109375 2632 48156.8828125 255 255 0
v -2779.8662109375 2632 48256.8828125 255 255 0
v -2779.8662109375 2582 48256.8828125 255 255 0
v -2779.8662109375 2582 48256.8828125 255 255 0
v -2779.8662109375 2632 48256.8828125 255 255 0
v -2899.8662109375 2632 48256.8828125 255 255 0
v -2899.8662109375 2582 48256.8828125 255 255 0
v -2899.8662109375 2632 48156.8828125 255 255 0
v -2899.8662109375 2582 48156.8828125 255 255 0
v -2899.8662109375 2582 48256.8828125 255 255 0
v -2899.8662109375 2632 48256.8828125 255 255 0
v -2899.8662109375 2582 48156.8828125 255 255 0
v -2779.8662109375 2582 48156.8828125 255 255 0
v -2779.8662109375 2582 48256.8828125 255 255 0
v -2899.8662109375 2582 48256.8828125 255 255 0
v -2779.8662109375 2632 48156.8828125 255 255 0
v -2899.8662109375 2632 48156.8828125 255 255 0
v -2779.8662109375 2632 48256.8828125 255 255 0
v -2899.8662109375 2632 48256.8828125 255 255 0
vt 0.50002074241638184 0.62505191564559937
vt 0.99851441383361816 0.62505191564559937
vt 0.99851441383361816 0.83190333843231201
vt 0.50002074241638184 0.83190333843231201
vt 0.95833683013916016 0.4151880145072937
vt 0.75002080202102661 0.4151880145072937
vt 0.75002080202102661 2.075836164294742E-05
vt 0.95833683013916016 2.075836164294742E-05
vt 0.50002074241638184 0.62354570627212524
vt 0.50002074241638184 0.4166942834854126
vt 0.99851441383361816 0.4166942834854126
vt 0.99851441383361816 0.62354570627212524
vt 0.50002080202102661 2.075836164294742E-05
vt 0.70833683013916016 2.075836164294742E-05
vt 0.70833683013916016 0.4151880145072937
vt 0.50002080202102661 0.4151880145072937
vt 0.49851438403129578 0.83190327882766724
vt 2.0770792616531253E-05 0.83190327882766724
vt 2.0770792616531253E-05 0.41671520471572876
vt 0.49851438403129578 0.41671520471572876
vt 2.0770792616531253E-05 2.0759403923875652E-05
vt 0.49851438403129578 2.0759403923875652E-05
vt 2.0770792616531253E-05 0.4152088463306427
vt 0.49851438403129578 0.4152088463306427
vn 0 0 -1
vn 0 0 -1
vn 0 0 -1
vn 0 0 -1
vn 1 0 0
vn 1 0 0
vn 1 0 0
vn 1 0 0
vn 0 0 1
vn 0 0 1
vn 0 0 1
vn 0 0 1
vn -1 0 0
vn -1 0 0
vn -1 0 0
vn -1 0 0
vn 0 -1 0
vn 0 -1 0
vn 0 -1 0
vn 0 -1 0
vn 0 1 0
vn 0 1 0
vn 0 1 0
vn 0 1 0
f 3649/3649/3649 3650/3650/3650 3651/3651/3651 3652/3652/3652
f 3653/3653/3653 3654/3654/3654 3655/3655/3655
f 3655/3655/3655 3656/3656/3656 3653/3653/3653
f 3658/3658/3658 3659/3659/3659 3660/3660/3660 3657/3657/3657
f 3662/3662/3662 3664/3664/3664 3661/3661/3661
f 3664/3664/3664 3662/3662/3662 3663/3663/3663
f 3667/3667/3667 3668/3668/3668 3665/3665/3665 3666/3666/3666
f 3669/3669/3669 3670/3670/3670 3672/3672/3672 3671/3671/3671
v -2729.2412109375 2582 48106.2578125 255 255 0
v -2729.2412109375 2582 48307.5078125 255 255 0
v -2729.2412109375 2569.5 48307.5078125 255 255 0
v -2729.2412109375 2569.5 48106.2578125 255 255 0
v -2729.2412109375 2569.5 48307.5078125 255 255 0
v -2729.2412109375 2582 48307.5078125 255 255 0
v -2746.4912109375 2582 48307.5078125 255 255 0
v -2746.4912109375 2569.5 48307.5078125 255 255 0
v -2746.4912109375 2569.5 48307.5078125 255 255 0
v -2746.4912109375 2582 48307.5078125 255 255 0
v -2746.4912109375 2582 48106.2578125 255 255 0
v -2746.4912109375 2569.5 48106.2578125 255 255 0
v -2729.2412109375 2582 48106.2578125 255 255 0
v -2729.2412109375 2569.5 48106.2578125 255 255 0
v -2746.4912109375 2569.5 48106.2578125 255 255 0
v -2746.4912109375 2582 48106.2578125 255 255 0
v -2729.2412109375 2569.5 48106.2578125 255 255 0
v -2729.2412109375 2569.5 48307.5078125 255 255 0
v -2746.4912109375 2569.5 48307.5078125 255 255 0
v -2746.4912109375 2569.5 48106.2578125 255 255 0
v -2729.2412109375 2582 48307.5078125 255 255 0
v -2729.2412109375 2582 48106.2578125 255 255 0
v -2746.4912109375 2582 48307.5078125 255 255 0
v -2746.4912109375 2582 48106.2578125 255 255 0
vt 0.079008758068084717 0.72752189636230469
vt 0.99851232767105103 0.72752189636230469
vt 0.99851232767105103 0.78472495079040527
vt 0.079008758068084717 0.78472495079040527
vt 0.59671884775161743 0.078963026404380798
vt 0.53951585292816162 0.078963026404380798
vt 0.53951585292816162 2.2881200493429787E-05
vt 0.59671884775161743 2.2881200493429787E-05
vt 0.079008758068084717 0.59120988845825195
vt 0.079008758068084717 0.53400689363479614
vt 0.99851232767105103 0.53400689363479614
vt 0.99851232767105103 0.59120988845825195
vt 0.079008787870407104 2.2881200493429787E-05
vt 0.13621178269386292 2.2881200493429787E-05
vt 0.13621178269386292 0.078963026404380798
vt 0.079008787870407104 0.078963026404380798
vt 0.99851232767105103 0.3459550142288208
vt 0.079008758068084717 0.3459550142288208
vt 0.079008758068084717 0.26701486110687256
vt 0.99851232767105103 0.26701486110687256
vt 2.2456853912444785E-05 0.91952639818191528
vt 2.2456853912444785E-05 2.2844809791422449E-05
vt 0.077498607337474823 0.91952639818191528
vt 0.077498607337474823 2.2844809791422449E-05
vn 1 0 0
vn 1 0 0
vn 1 0 0
vn 1 0 0
vn 0 0 1
vn 0 0 1
vn 0 0 1
vn 0 0 1
vn -1 0 0
vn -1 0 0
vn -1 0 0
vn -1 0 0
vn 0 0 -1
vn 0 0 -1
vn 0 0 -1
vn 0 0 -1
vn 0 -1 0
vn 0 -1 0
vn 0 -1 0
vn 0 -1 0
vn 0 1 0
vn 0 1 0
vn 0 1 0
vn 0 1 0
f 3676/3676/3676 3673/3673/3673 3674/3674/3674
f 3674/3674/3674 3675/3675/3675 3676/3676/3676
f 3678/3678/3678 3679/3679/3679 3680/3680/3680 3677/3677/3677
f 3684/3684/3684 3682/3682/3682 3683/3683/3683
f 3682/3682/3682 3684/3684/3684 3681/3681/3681
f 3688/3688/3688 3685/3685/3685 3686/3686/3686 3687/3687/3687
f 3691/3691/3691 3692/3692/3692 3689/3689/3689 3690/3690/3690
f 3693/3693/3693 3694/3694/3694 3696/3696/3696 3695/3695/3695
v -2930.4912109375 2582 48106.2578125 255 255 0
v -2913.2412109375 2582 48106.2578125 255 255 0
v -2913.2412109375 2569.5 48106.2578125 255 255 0
v -2930.4912109375 2569.5 48106.2578125 255 255 0
v -2913.2412109375 2569.5 48106.2578125 255 255 0
v -2913.2412109375 2582 48106.2578125 255 255 0
v -2913.2412109375 2582 48307.5078125 255 255 0
v -2913.2412109375 2569.5 48307.5078125 255 255 0
v -2913.2412109375 2569.5 48307.5078125 255 255 0
v -2913.2412109375 2582 48307.5078125 255 255 0
v -2930.4912109375 2582 48307.5078125 255 255 0
v -2930.4912109375 2569.5 48307.5078125 255 255 0
v -2930.4912109375 2582 48106.2578125 255 255 0
v -2930.4912109375 2569.5 48106.2578125 255 255 0
v -2930.4912109375 2569.5 48307.5078125 255 255 0
v -2930.4912109375 2582 48307.5078125 255 255 0
v -2930.4912109375 2569.5 48106.2578125 255 255 0
v -2913.2412109375 2569.5 48106.2578125 255 255 0
v -2913.2412109375 2569.5 48307.5078125 255 255 0
v -2930.4912109375 2569.5 48307.5078125 255 255 0
v -2913.2412109375 2582 48106.2578125 255 255 0
v -2930.4912109375 2582 48106.2578125 255 255 0
v -2913.2412109375 2582 48307.5078125 255 255 0
v -2930.4912109375 2582 48307.5078125 255 255 0
vt 0.53951585292816162 0.078963026404380798
vt 0.53951585292816162 2.2881200493429787E-05
vt 0.59671884775161743 2.2881200493429787E-05
vt 0.59671884775161743 0.078963026404380798
vt 0.079008758068084717 0.78472495079040527
vt 0.079008758068084717 0.72752189636230469
vt 0.99851232767105103 0.72752189636230469
vt 0.99851232767105103 0.78472495079040527
vt 0.13621178269386292 0.078963026404380798
vt 0.079008787870407104 0.078963026404380798
vt 0.079008787870407104 2.2881200493429787E-05
vt 0.13621178269386292 2.2881200493429787E-05
vt 0.99851232767105103 0.53400689363479614
vt 0.99851232767105103 0.59120988845825195
vt 0.079008758068084717 0.59120988845825195
vt 0.079008758068084717 0.53400689363479614
vt 0.99851232767105103 0.26701486110687256
vt 0.99851232767105103 0.3459550142288208
vt 0.07900875061750412 0.3459550142288208
vt 0.07900875061750412 0.26701486110687256
vt 2.2456189981312491E-05 2.2844809791422449E-05
vt 0.077498607337474823 2.2844809791422449E-05
vt 2.2456189981312491E-05 0.91952639818191528
vt 0.077498607337474823 0.91952639818191528
vn 0 0 -1
vn 0 0 -1
vn 0 0 -1
vn 0 0 -1
vn 1 0 0
vn 1 0 0
vn 1 0 0
vn 1 0 0
vn 0 0 1
vn 0 0 1
vn 0 0 1
vn 0 0 1
vn -1 0 0
vn -1 0 0
vn -1 0 0
vn -1 0 0
vn 0 -1 0
vn 0 -1 0
vn 0 -1 0
vn 0 -1 0
vn 0 1 0
vn 0 1 0
vn 0 1 0
vn 0 1 0
f 3697/3697/3697 3698/3698/3698 3699/3699/3699 3700/3700/3700
f 3701/3701/3701 3702/3702/3702 3703/3703/3703
f 3703/3703/3703 3704/3704/3704 3701/3701/3701
f 3706/3706/3706 3707/3707/3707 3708/3708/3708 3705/3705/3705
f 3710/3710/3710 3712/3712/3712 3709/3709/3709
f 3712/3712/3712 3710/3710/3710 3711/3711/3711
f 3715/3715/3715 3716/3716/3716 3713/3713/3713 3714/3714/3714
f 3717/3717/3717 3718/3718/3718 3720/3720/3720 3719/3719/3719
v -2779.8662109375 2582 48156.8828125 255 255 0
v -2779.8662109375 2582 48256.8828125 255 255 0
v -2779.8662109375 2569.5 48256.8828125 255 255 0
v -2779.8662109375 2569.5 48156.8828125 255 255 0
v -2779.8662109375 2569.5 48256.8828125 255 255 0
v -2779.8662109375 2582 48256.8828125 255 255 0
v -2880.27783203125 2582 48256.8828125 255 255 0
v -2880.27783203125 2569.5 48256.8828125 255 255 0
v -2880.27783203125 2569.5 48256.8828125 255 255 0
v -2880.27783203125 2582 48256.8828125 255 255 0
v -2880.27783203125 2582 48156.8828125 255 255 0
v -2880.27783203125 2569.5 48156.8828125 255 255 0
v -2779.8662109375 2582 48156.8828125 255 255 0
v -2779.8662109375 2569.5 48156.8828125 255 255 0
v -2880.27783203125 2569.5 48156.8828125 255 255 0
v -2880.27783203125 2582 48156.8828125 255 255 0
v -2779.8662109375 2569.5 48156.8828125 255 255 0
v -2779.8662109375 2569.5 48256.8828125 255 255 0
v -2880.27783203125 2569.5 48256.8828125 255 255 0
v -2880.27783203125 2569.5 48156.8828125 255 255 0
v -2779.8662109375 2582 48256.8828125 255 255 0
v -2779.8662109375 2582 48156.8828125 255 255 0
v -2880.27783203125 2582 48256.8828125 255 255 0
v -2880.27783203125 2582 48156.8828125 255 255 0
vt 0.062568157911300659 0.49997499585151672
vt 0.062568157911300659 2.4997500077006407E-05
vt 0.12359823286533356 2.4997500077006407E-05
vt 0.12359823286533356 0.49997499585151672
vt 0.18614198267459869 0.50203251838684082
vt 0.1251119077205658 0.50203251838684082
vt 0.1251119077205658 2.4997500077006407E-05
vt 0.18614198267459869 2.4997500077006407E-05
vt 0.061054486781358719 0.49997499585151672
vt 2.441203105263412E-05 0.49997499585151672
vt 2.441203105263412E-05 2.4997500077006407E-05
vt 0.061054486781358719 2.4997500077006407E-05
vt 0.18765564262866974 2.4997500077006407E-05
vt 0.24868571758270264 2.4997500077006407E-05
vt 0.24868571758270264 0.50203251838684082
vt 0.18765564262866974 0.50203251838684082
vt 0.75074267387390137 2.4924265744630247E-05
vt 0.75074267387390137 0.4985102117061615
vt 0.25019991397857666 0.4985102117061615
vt 0.25019991397857666 2.4924265744630247E-05
vt 0.25019991397857666 0.99851024150848389
vt 0.25019991397857666 0.50002491474151611
vt 0.75074267387390137 0.99851024150848389
vt 0.75074267387390137 0.50002491474151611
vn 1 0 0
vn 1 0 0
vn 1 0 0
vn 1 0 0
vn 0 0 1
vn 0 0 1
vn 0 0 1
vn 0 0 1
vn -1 0 0
vn -1 0 0
vn -1 0 0
vn -1 0 0
vn 0 0 -1
vn 0 0 -1
vn 0 0 -1
vn 0 0 -1
vn 0 -1 0
vn 0 -1 0
vn 0 -1 0
vn 0 -1 0
vn 0 1 0
vn 0 1 0
vn 0 1 0
vn 0 1 0
f 3723/3723/3723 3721/3721/3721 3722/3722/3722
f 3721/3721/3721 3723/3723/3723 3724/3724/3724
f 3726/3726/3726 3727/3727/3727 3728/3728/3728 3725/3725/3725
f 3729/3729/3729 3730/3730/3730 3731/3731/3731
f 3731/3731/3731 3732/3732/3732 3729/3729/3729
f 3736/3736/3736 3733/3733/3733 3734/3734/3734 3735/3735/3735
f 3738/3738/3738 3739/3739/3739 3740/3740/3740
f 3740/3740/3740 3737/3737/3737 3738/3738/3738
f 3743/3743/3743 3741/3741/3741 3742/3742/3742
f 3742/3742/3742 3744/3744/3744 3743/3743/3743
v -2973.6162109375 2569.5 48063.1328125 255 255 0
v -2686.1162109375 2569.5 48063.1328125 255 255 0
v -2686.1162109375 2469.5 48063.1328125 255 255 0
v -2973.6162109375 2469.5 48063.1328125 255 255 0
v -2686.1162109375 2469.5 48063.1328125 255 255 0
v -2686.1162109375 2569.5 48063.1328125 255 255 0
v -2686.1162109375 2569.5 48350.6328125 255 255 0
v -2686.1162109375 2469.5 48350.6328125 255 255 0
v -2686.1162109375 2469.5 48350.6328125 255 255 0
v -2686.1162109375 2569.5 48350.6328125 255 255 0
v -2973.6162109375 2569.5 48350.6328125 255 255 0
v -2973.6162109375 2469.5 48350.6328125 255 255 0
v -2973.6162109375 2569.5 48063.1328125 255 255 0
v -2973.6162109375 2469.5 48063.1328125 255 255 0
v -2973.6162109375 2469.5 48350.6328125 255 255 0
v -2973.6162109375 2569.5 48350.6328125 255 255 0
v -2973.6162109375 2469.5 48063.1328125 255 255 0
v -2686.1162109375 2469.5 48063.1328125 255 255 0
v -2686.1162109375 2469.5 48350.6328125 255 255 0
v -2973.6162109375 2469.5 48350.6328125 255 255 0
v -2686.1162109375 2569.5 48063.1328125 255 255 0
v -2973.6162109375 2569.5 48063.1328125 255 255 0
v -2686.1162109375 2569.5 48350.6328125 255 255 0
v -2973.6162109375 2569.5 48350.6328125 255 255 0
vt 8.6767831817269325E-06 0.25000870227813721
vt 0.49852648377418518 0.25000870227813721
vt 0.49852648377418518 0.42391568422317505
vt 8.6767831817269325E-06 0.42391568422317505
vt 8.6767831817269325E-06 0.92391568422317505
vt 8.6767831817269325E-06 0.75000870227813721
vt 0.49852648377418518 0.75000870227813721
vt 0.49852648377418518 0.92391568422317505
vt 8.6767831817269325E-06 0.17391568422317505
vt 8.6767831817269325E-06 8.6953496065689251E-06
vt 0.49852648377418518 8.6953496065689251E-06
vt 0.49852648377418518 0.17391568422317505
vt 0.49852648377418518 0.50000870227813721
vt 0.49852648377418518 0.67391568422317505
vt 8.6767831817269325E-06 0.67391568422317505
vt 8.6767831817269325E-06 0.50000870227813721
vt 0.99852651357650757 0.99852645397186279
vt 0.50000870227813721 0.99852645397186279
vt 0.50000870227813721 0.50000864267349243
vt 0.99852651357650757 0.50000864267349243
vt 0.50000870227813721 8.6698746599722654E-06
vt 0.99852651357650757 8.6698746599722654E-06
vt 0.50000870227813721 0.49852648377418518
vt 0.99852651357650757 0.49852648377418518
vn 0 0 -1
vn 0 0 -1
vn 0 0 -1
vn 0 0 -1
vn 1 0 0
vn 1 0 0
vn 1 0 0
vn 1 0 0
vn 0 0 1
vn 0 0 1
vn 0 0 1
vn 0 0 1
vn -1 0 0
vn -1 0 0
vn -1 0 0
vn -1 0 0
vn 0 -1 0
vn 0 -1 0
vn 0 -1 0
vn 0 -1 0
vn 0 1 0
vn 0 1 0
vn 0 1 0
vn 0 1 0
f 3745/3745/3745 3746/3746/3746 3747/3747/3747 3748/3748/3748
f 3749/3749/3749 3750/3750/3750 3751/3751/3751
f 3751/3751/3751 3752/3752/3752 3749/3749/3749
f 3754/3754/3754 3755/3755/3755 3756/3756/3756 3753/3753/3753
f 3758/3758/3758 3760/3760/3760 3757/3757/3757
f 3760/3760/3760 3758/3758/3758 3759/3759/3759
f 3763/3763/3763 3764/3764/3764 3761/3761/3761 3762/3762/3762
f 3765/3765/3765 3766/3766/3766 3768/3768/3768 3767/3767/3767
v -2963.6162109375 2469.5 48073.1328125 255 255 0
v -2696.1162109375 2469.5 48073.1328125 255 255 0
v -2696.1162109375 2434.5 48073.1328125 255 255 0
v -2963.6162109375 2434.5 48073.1328125 255 255 0
v -2696.1162109375 2434.5 48073.1328125 255 255 0
v -2696.1162109375 2469.5 48073.1328125 255 255 0
v -2696.1162109375 2469.5 48340.6328125 255 255 0
v -2696.1162109375 2434.5 48340.6328125 255 255 0
v -2696.1162109375 2434.5 48340.6328125 255 255 0
v -2696.1162109375 2469.5 48340.6328125 255 255 0
v -2963.6162109375 2469.5 48340.6328125 255 255 0
v -2963.6162109375 2434.5 48340.6328125 255 255 0
v -2963.6162109375 2469.5 48073.1328125 255 255 0
v -2963.6162109375 2434.5 48073.1328125 255 255 0
v -2963.6162109375 2434.5 48340.6328125 255 255 0
v -2963.6162109375 2469.5 48340.6328125 255 255 0
v -2963.6162109375 2434.5 48073.1328125 255 255 0
v -2696.1162109375 2434.5 48073.1328125 255 255 0
v -2696.1162109375 2434.5 48340.6328125 255 255 0
v -2963.6162109375 2434.5 48340.6328125 255 255 0
v -2696.1162109375 2469.5 48073.1328125 255 255 0
v -2963.6162109375 2469.5 48073.1328125 255 255 0
v -2696.1162109375 2469.5 48340.6328125 255 255 0
v -2963.6162109375 2469.5 48340.6328125 255 255 0
vt 0.065445944666862488 0.49999064207077026
vt 0.065445944666862488 9.3454445959650911E-06
vt 0.1293996274471283 9.3454445959650911E-06
vt 0.1293996274471283 0.49999064207077026
vt 0.063962824642658234 0.49999064207077026
vt 9.1362417151685804E-06 0.49999064207077026
vt 9.1362417151685804E-06 9.3454445959650911E-06
vt 0.063962824642658234 9.3454445959650911E-06
vt 0.26027324795722961 0.49999064207077026
vt 0.19631955027580261 0.49999064207077026
vt 0.19631955027580261 9.3454445959650911E-06
vt 0.26027324795722961 9.3454445959650911E-06
vt 0.13088275492191315 9.3454445959650911E-06
vt 0.19483643770217896 9.3454445959650911E-06
vt 0.19483643770217896 0.49999064207077026
vt 0.13088275492191315 0.49999064207077026
vt 0.7602730393409729 0.99852579832077026
vt 0.26175656914710999 0.99852579832077026
vt 0.26175656914710999 0.50000929832458496
vt 0.7602730393409729 0.50000929832458496
vt 0.26175656914710999 9.3180651674629189E-06
vt 0.7602730393409729 9.3180651674629189E-06
vt 0.26175656914710999 0.49852582812309265
vt 0.7602730393409729 0.49852582812309265
vn 0 0 -1
vn 0 0 -1
vn 0 0 -1
vn 0 0 -1
vn 1 0 0
vn 1 0 0
vn 1 0 0
vn 1 0 0
vn 0 0 1
vn 0 0 1
vn 0 0 1
vn 0 0 1
vn -1 0 0
vn -1 0 0
vn -1 0 0
vn -1 0 0
vn 0 -1 0
vn 0 -1 0
vn 0 -1 0
vn 0 -1 0
vn 0 1 0
vn 0 1 0
vn 0 1 0
vn 0 1 0
f 3769/3769/3769 3770/3770/3770 3771/3771/3771 3772/3772/3772
f 3774/3774/3774 3775/3775/3775 3776/3776/3776 3773/3773/3773
f 3778/3778/3778 3779/3779/3779 3780/3780/3780 3777/3777/3777
f 3784/3784/3784 3781/3781/3781 3782/3782/3782 3783/3783/3783
f 3787/3787/3787 3788/3788/3788 3785/3785/3785 3786/3786/3786
f 3789/3789/3789 3790/3790/3790 3792/3792/3792 3791/3791/3791
v -2696.1162109375 2469.5 48340.6328125 255 255 0
v -2696.1162109375 2469.5 48073.1328125 255 255 0
v -2696.1162109375 2434.5 48073.1328125 255 255 0
v -2696.1162109375 2434.5 48340.6328125 255 255 0
v -2696.1162109375 2434.5 48073.1328125 255 255 0
v -2696.1162109375 2469.5 48073.1328125 255 255 0
v -2963.6162109375 2469.5 48073.1328125 255 255 0
v -2963.6162109375 2434.5 48073.1328125 255 255 0
v -2963.6162109375 2434.5 48073.1328125 255 255 0
v -2963.6162109375 2469.5 48073.1328125 255 255 0
v -2963.6162109375 2469.5 48340.6328125 255 255 0
v -2963.6162109375 2434.5 48340.6328125 255 255 0
v -2696.1162109375 2469.5 48340.6328125 255 255 0
v -2696.1162109375 2434.5 48340.6328125 255 255 0
v -2963.6162109375 2434.5 48340.6328125 255 255 0
v -2963.6162109375 2469.5 48340.6328125 255 255 0
v -2973.6162109375 2469.5 48063.1328125 255 255 0
v -2686.1162109375 2469.5 48063.1328125 255 255 0
v -2686.1162109375 2434.5 48063.1328125 255 255 0
v -2973.6162109375 2434.5 48063.1328125 255 255 0
v -2686.1162109375 2434.5 48063.1328125 255 255 0
v -2686.1162109375 2469.5 48063.1328125 255 255 0
v -2686.1162109375 2469.5 48350.6328125 255 255 0
v -2686.1162109375 2434.5 48350.6328125 255 255 0
v -2686.1162109375 2434.5 48350.6328125 255 255 0
v -2686.1162109375 2469.5 48350.6328125 255 255 0
v -2973.6162109375 2469.5 48350.6328125 255 255 0
v -2973.6162109375 2434.5 48350.6328125 255 255 0
v -2973.6162109375 2469.5 48063.1328125 255 255 0
v -2973.6162109375 2434.5 48063.1328125 255 255 0
v -2973.6162109375 2434.5 48350.6328125 255 255 0
v -2973.6162109375 2469.5 48350.6328125 255 255 0
v -2696.1162109375 2434.5 48340.6328125 255 255 0
v -2696.1162109375 2434.5 48073.1328125 255 255 0
v -2963.6162109375 2434.5 48073.1328125 255 255 0
v -2963.6162109375 2434.5 48340.6328125 255 255 0
v -2973.6162109375 2434.5 48063.1328125 255 255 0
v -2686.1162109375 2434.5 48063.1328125 255 255 0
v -2686.1162109375 2434.5 48350.6328125 255 255 0
v -2973.6162109375 2434.5 48350.6328125 255 255 0
v -2696.1162109375 2469.5 48073.1328125 255 255 0
v -2696.1162109375 2469.5 48340.6328125 255 255 0
v -2963.6162109375 2469.5 48073.1328125 255 255 0
v -2963.6162109375 2469.5 48340.6328125 255 255 0
v -2686.1162109375 2469.5 48063.1328125 255 255 0
v -2973.6162109375 2469.5 48063.1328125 255 255 0
v -2686.1162109375 2469.5 48350.6328125 255 255 0
v -2973.6162109375 2469.5 48350.6328125 255 255 0
vt 0.06089332327246666 0.46520990133285522
vt 0.06089332327246666 8.6953496065689251E-06
vt 0.12029635161161423 8.6953496065689251E-06
vt 0.12029635161161423 0.46520990133285522
vt 0.059411510825157166 0.46520990133285522
vt 8.4861458162777126E-06 0.46520990133285522
vt 8.4861458162777126E-06 8.6953496065689251E-06
vt 0.059411510825157166 8.6953496065689251E-06
vt 0.24206602573394775 0.46520990133285522
vt 0.18266300857067108 0.46520990133285522
vt 0.18266300857067108 8.6953496065689251E-06
vt 0.24206602573394775 8.6953496065689251E-06
vt 0.12177816033363342 8.6953496065689251E-06
vt 0.18118119239807129 8.6953496065689251E-06
vt 0.18118119239807129 0.46520990133285522
vt 0.12177816033363342 0.46520990133285522
vt 0.30443269014358521 0.49999129772186279
vt 0.30443269014358521 8.6953496065689251E-06
vt 0.36383569240570068 8.6953496065689251E-06
vt 0.36383569240570068 0.49999129772186279
vt 0.30295085906982422 0.49999129772186279
vt 0.24354784190654755 0.49999129772186279
vt 0.24354784190654755 8.6953496065689251E-06
vt 0.30295085906982422 8.6953496065689251E-06
vt 0.485605388879776 0.49999129772186279
vt 0.42620235681533813 0.49999129772186279
vt 0.42620235681533813 8.6953496065689251E-06
vt 0.485605388879776 8.6953496065689251E-06
vt 0.36531752347946167 8.6953496065689251E-06
vt 0.42472055554389954 8.6953496065689251E-06
vt 0.42472055554389954 0.49999129772186279
vt 0.36531752347946167 0.49999129772186279
vt 0.50442713499069214 0.51734840869903564
vt 0.50442713499069214 0.98118674755096436
vt 0.96826547384262085 0.98118674755096436
vt 0.96826547384262085 0.51734840869903564
vt 0.98560518026351929 0.99852645397186279
vt 0.48708739876747131 0.99852645397186279
vt 0.48708739876747131 0.50000864267349243
vt 0.98560518026351929 0.50000864267349243
vt 0.50442713499069214 0.01734841987490654
vt 0.50442713499069214 0.48118671774864197
vt 0.96826547384262085 0.01734841987490654
vt 0.96826547384262085 0.48118671774864197
vt 0.48708739876747131 8.6698746599722654E-06
vt 0.98560518026351929 8.6698746599722654E-06
vt 0.48708739876747131 0.49852648377418518
vt 0.98560518026351929 0.49852648377418518
vn -1 0 0
vn -1 0 0
vn -1 0 0
vn -1 0 0
vn 0 0 1
vn 0 0 1
vn 0 0 1
vn 0 0 1
vn 1 0 0
vn 1 0 0
vn 1 0 0
vn 1 0 0
vn 0 0 -1
vn 0 0 -1
vn 0 0 -1
vn 0 0 -1
vn 0 0 -1
vn 0 0 -1
vn 0 0 -1
vn 0 0 -1
vn 1 0 0
vn 1 0 0
vn 1 0 0
vn 1 0 0
vn 0 0 1
vn 0 0 1
vn 0 0 1
vn 0 0 1
vn -1 0 0
vn -1 0 0
vn -1 0 0
vn -1 0 0
vn 0 -1 0
vn 0 -1 0
vn 0 -1 0
vn 0 -1 0
vn 0 -1 0
vn 0 -1 0
vn 0 -1 0
vn 0 -1 0
vn 0 1 0
vn 0 1 0
vn 0 1 0
vn 0 1 0
vn 0 1 0
vn 0 1 0
vn 0 1 0
vn 0 1 0
f 3793/3793/3793 3794/3794/3794 3795/3795/3795 3796/3796/3796
f 3798/3798/3798 3799/3799/3799 3800/3800/3800 3797/3797/3797
f 3802/3802/3802 3803/3803/3803 3804/3804/3804 3801/3801/3801
f 3808/3808/3808 3805/3805/3805 3806/3806/3806 3807/3807/3807
f 3809/3809/3809 3810/3810/3810 3811/3811/3811 3812/3812/3812
f 3814/3814/3814 3815/3815/3815 3816/3816/3816 3813/3813/3813
f 3818/3818/3818 3819/3819/3819 3820/3820/3820 3817/3817/3817
f 3824/3824/3824 3821/3821/3821 3822/3822/3822 3823/3823/3823
f 3828/3828/3828 3825/3825/3825 3831/3831/3831 3832/3832/3832
f 3827/3827/3827 3828/3828/3828 3832/3832/3832 3829/3829/3829
f 3825/3825/3825 3826/3826/3826 3830/3830/3830 3831/3831/3831
f 3826/3826/3826 3827/3827/3827 3829/3829/3829 3830/3830/3830
f 3835/3835/3835 3833/3833/3833 3837/3837/3837 3838/3838/3838
f 3838/3838/3838 3840/3840/3840 3836/3836/3836 3835/3835/3835
f 3839/3839/3839 3837/3837/3837 3833/3833/3833 3834/3834/3834
f 3834/3834/3834 3836/3836/3836 3840/3840/3840 3839/3839/3839
v -3318.029052734375 2599.39990234375 46757.0703125 255 255 0
v -3318.029052734375 2599.39990234375 46877.0703125 255 255 0
v -3318.029052734375 2561.89990234375 46877.0703125 255 255 0
v -3318.029052734375 2561.89990234375 46757.0703125 255 255 0
v -3318.029052734375 2561.89990234375 46877.0703125 255 255 0
v -3318.029052734375 2599.39990234375 46877.0703125 255 255 0
v -3393.029052734375 2599.39990234375 46877.0703125 255 255 0
v -3393.029052734375 2561.89990234375 46877.0703125 255 255 0
v -3393.029052734375 2561.89990234375 46877.0703125 255 255 0
v -3393.029052734375 2599.39990234375 46877.0703125 255 255 0
v -3393.029052734375 2599.39990234375 46757.0703125 255 255 0
v -3393.029052734375 2561.89990234375 46757.0703125 255 255 0
v -3318.029052734375 2599.39990234375 46757.0703125 255 255 0
v -3318.029052734375 2561.89990234375 46757.0703125 255 255 0
v -3393.029052734375 2561.89990234375 46757.0703125 255 255 0
v -3393.029052734375 2599.39990234375 46757.0703125 255 255 0
v -3318.029052734375 2561.89990234375 46757.0703125 255 255 0
v -3318.029052734375 2561.89990234375 46877.0703125 255 255 0
v -3393.029052734375 2561.89990234375 46877.0703125 255 255 0
v -3393.029052734375 2561.89990234375 46757.0703125 255 255 0
v -3318.029052734375 2599.39990234375 46877.0703125 255 255 0
v -3318.029052734375 2599.39990234375 46757.0703125 255 255 0
v -3393.029052734375 2599.39990234375 46877.0703125 255 255 0
v -3393.029052734375 2599.39990234375 46757.0703125 255 255 0
vt 2.2219501261133701E-05 0.16671091318130493
vt 0.53328442573547363 0.16671091318130493
vt 0.53328442573547363 0.33189091086387634
vt 2.2219501261133701E-05 0.33189091086387634
vt 2.2115049432613887E-05 0.76669776439666748
vt 2.2115049432613887E-05 0.60005331039428711
vt 0.33184635639190674 0.60005331039428711
vt 0.33184635639190674 0.76669776439666748
vt 2.2219501261133701E-05 0.16520202159881592
vt 2.2219501261133701E-05 2.2023998099029996E-05
vt 0.53328442573547363 2.2023998099029996E-05
vt 0.53328442573547363 0.16520202159881592
vt 0.33184635639190674 0.33339998126029968
vt 0.33184635639190674 0.50004446506500244
vt 2.2115049432613887E-05 0.50004446506500244
vt 2.2115049432613887E-05 0.33339998126029968
vt 0.99851304292678833 2.2219259335543029E-05
vt 0.99851304292678833 0.53328442573547363
vt 0.66668879985809326 0.53328442573547363
vt 0.66668879985809326 2.2219259335543029E-05
vt 0.33335545659065247 0.86519742012023926
vt 0.33335545659065247 0.33339992165565491
vt 0.66517972946166992 0.86519742012023926
vt 0.66517972946166992 0.33339992165565491
vn 1 0 0
vn 1 0 0
vn 1 0 0
vn 1 0 0
vn 0 0 1
vn 0 0 1
vn 0 0 1
vn 0 0 1
vn -1 0 0
vn -1 0 0
vn -1 0 0
vn -1 0 0
vn 0 0 -1
vn 0 0 -1
vn 0 0 -1
vn 0 0 -1
vn 0 -1 0
vn 0 -1 0
vn 0 -1 0
vn 0 -1 0
vn 0 1 0
vn 0 1 0
vn 0 1 0
vn 0 1 0
f 3841/3841/3841 3842/3842/3842 3843/3843/3843 3844/3844/3844
f 3845/3845/3845 3846/3846/3846 3847/3847/3847
f 3847/3847/3847 3848/3848/3848 3845/3845/3845
f 3850/3850/3850 3851/3851/3851 3852/3852/3852 3849/3849/3849
f 3854/3854/3854 3856/3856/3856 3853/3853/3853
f 3856/3856/3856 3854/3854/3854 3855/3855/3855
f 3859/3859/3859 3860/3860/3860 3857/3857/3857 3858/3858/3858
f 3861/3861/3861 3862/3862/3862 3864/3864/3864 3863/3863/3863
v -3303.029052734375 2561.89990234375 46879.5703125 255 255 0
v -3408.029052734375 2561.89990234375 46879.5703125 255 255 0
v -3408.029052734375 2549.5 46879.5703125 255 255 0
v -3303.029052734375 2549.5 46879.5703125 255 255 0
v -3408.029052734375 2549.5 46879.5703125 255 255 0
v -3408.029052734375 2561.89990234375 46879.5703125 255 255 0
v -3408.029052734375 2561.89990234375 46870.5703125 255 255 0
v -3408.029052734375 2549.5 46870.5703125 255 255 0
v -3408.029052734375 2549.5 46870.5703125 255 255 0
v -3408.029052734375 2561.89990234375 46870.5703125 255 255 0
v -3303.029052734375 2561.89990234375 46870.5703125 255 255 0
v -3303.029052734375 2549.5 46870.5703125 255 255 0
v -3303.029052734375 2561.89990234375 46879.5703125 255 255 0
v -3303.029052734375 2549.5 46879.5703125 255 255 0
v -3303.029052734375 2549.5 46870.5703125 255 255 0
v -3303.029052734375 2561.89990234375 46870.5703125 255 255 0
v -3303.029052734375 2549.5 46879.5703125 255 255 0
v -3408.029052734375 2549.5 46879.5703125 255 255 0
v -3408.029052734375 2549.5 46870.5703125 255 255 0
v -3303.029052734375 2549.5 46870.5703125 255 255 0
v -3408.029052734375 2561.89990234375 46879.5703125 255 255 0
v -3303.029052734375 2561.89990234375 46879.5703125 255 255 0
v -3408.029052734375 2561.89990234375 46870.5703125 255 255 0
v -3303.029052734375 2561.89990234375 46870.5703125 255 255 0
vt 0.10573150217533112 0.63528734445571899
vt 0.99849265813827515 0.63528734445571899
vt 0.99849265813827515 0.74089109897613525
vt 0.10573150217533112 0.74089109897613525
vt 0.55288708209991455 0.10564639419317245
vt 0.55288708209991455 4.2582181777106598E-05
vt 0.6295350193977356 4.2582181777106598E-05
vt 0.6295350193977356 0.10564639419317245
vt 0.10418213903903961 0.89280366897583008
vt 4.1991996113210917E-05 0.89280366897583008
vt 4.1991996113210917E-05 4.2512438085395843E-05
vt 0.10418213903903961 4.2512438085395843E-05
vt 0.18237949907779694 4.2582181777106598E-05
vt 0.18237949907779694 0.10564639419317245
vt 0.10573156177997589 0.10564639419317245
vt 0.10573156177997589 4.2582181777106598E-05
vt 0.99849265813827515 0.52384603023529053
vt 0.10573150217533112 0.52384603023529053
vt 0.10573150217533112 0.44719809293746948
vt 0.99849265813827515 0.44719809293746948
vt 0.10573150217533112 0.25910887122154236
vt 0.99849265813827515 0.25910887122154236
vt 0.10573150217533112 0.3357568085193634
vt 0.99849265813827515 0.3357568085193634
vn 0 0 1
vn 0 0 1
vn 0 0 1
vn 0 0 1
vn -1 0 0
vn -1 0 0
vn -1 0 0
vn -1 0 0
vn 0 0 -1
vn 0 0 -1
vn 0 0 -1
vn 0 0 -1
vn 1 0 0
vn 1 0 0
vn 1 0 0
vn 1 0 0
vn 0 -1 0
vn 0 -1 0
vn 0 -1 0
vn 0 -1 0
vn 0 1 0
vn 0 1 0
vn 0 1 0
vn 0 1 0
f 3867/3867/3867 3865/3865/3865 3866/3866/3866
f 3865/3865/3865 3867/3867/3867 3868/3868/3868
f 3870/3870/3870 3871/3871/3871 3872/3872/3872 3869/3869/3869
f 3873/3873/3873 3874/3874/3874 3875/3875/3875
f 3875/3875/3875 3876/3876/3876 3873/3873/3873
f 3880/3880/3880 3877/3877/3877 3878/3878/3878 3879/3879/3879
f 3883/3883/3883 3884/3884/3884 3881/3881/3881 3882/3882/3882
f 3885/3885/3885 3886/3886/3886 3888/3888/3888 3887/3887/3887
v -3303.029052734375 2561.89990234375 46774.5703125 255 255 0
v -3303.029052734375 2561.89990234375 46783.5703125 255 255 0
v -3303.029052734375 2549.5 46783.5703125 255 255 0
v -3303.029052734375 2549.5 46774.5703125 255 255 0
v -3303.029052734375 2549.5 46783.5703125 255 255 0
v -3303.029052734375 2561.89990234375 46783.5703125 255 255 0
v -3408.029052734375 2561.89990234375 46783.5703125 255 255 0
v -3408.029052734375 2549.5 46783.5703125 255 255 0
v -3408.029052734375 2549.5 46783.5703125 255 255 0
v -3408.029052734375 2561.89990234375 46783.5703125 255 255 0
v -3408.029052734375 2561.89990234375 46774.5703125 255 255 0
v -3408.029052734375 2549.5 46774.5703125 255 255 0
v -3303.029052734375 2561.89990234375 46774.5703125 255 255 0
v -3303.029052734375 2549.5 46774.5703125 255 255 0
v -3408.029052734375 2549.5 46774.5703125 255 255 0
v -3408.029052734375 2561.89990234375 46774.5703125 255 255 0
v -3303.029052734375 2549.5 46774.5703125 255 255 0
v -3303.029052734375 2549.5 46783.5703125 255 255 0
v -3408.029052734375 2549.5 46783.5703125 255 255 0
v -3408.029052734375 2549.5 46774.5703125 255 255 0
v -3303.029052734375 2561.89990234375 46783.5703125 255 255 0
v -3303.029052734375 2561.89990234375 46774.5703125 255 255 0
v -3408.029052734375 2561.89990234375 46783.5703125 255 255 0
v -3408.029052734375 2561.89990234375 46774.5703125 255 255 0
vt 0.55288708209991455 4.2582181777106598E-05
vt 0.6295350193977356 4.2582181777106598E-05
vt 0.6295350193977356 0.10564639419317245
vt 0.55288708209991455 0.10564639419317245
vt 0.10418213903903961 0.89280366897583008
vt 4.1991996113210917E-05 0.89280366897583008
vt 4.1991996113210917E-05 4.2512438085395843E-05
vt 0.10418213903903961 4.2512438085395843E-05
vt 0.10573156177997589 0.10564639419317245
vt 0.10573156177997589 4.2582181777106598E-05
vt 0.18237949907779694 4.2582181777106598E-05
vt 0.18237949907779694 0.10564639419317245
vt 0.99849265813827515 0.63528734445571899
vt 0.99849265813827515 0.74089109897613525
vt 0.10573150217533112 0.74089109897613525
vt 0.10573150217533112 0.63528734445571899
vt 0.99849265813827515 0.44719809293746948
vt 0.99849265813827515 0.52384603023529053
vt 0.10573149472475052 0.52384603023529053
vt 0.10573149472475052 0.44719809293746948
vt 0.10573149472475052 0.3357568085193634
vt 0.10573149472475052 0.25910887122154236
vt 0.99849265813827515 0.3357568085193634
vt 0.99849265813827515 0.25910887122154236
vn 1 0 0
vn 1 0 0
vn 1 0 0
vn 1 0 0
vn 0 0 1
vn 0 0 1
vn 0 0 1
vn 0 0 1
vn -1 0 0
vn -1 0 0
vn -1 0 0
vn -1 0 0
vn 0 0 -1
vn 0 0 -1
vn 0 0 -1
vn 0 0 -1
vn 0 -1 0
vn 0 -1 0
vn 0 -1 0
vn 0 -1 0
vn 0 1 0
vn 0 1 0
vn 0 1 0
vn 0 1 0
f 3889/3889/3889 3890/3890/3890 3891/3891/3891 3892/3892/3892
f 3896/3896/3896 3894/3894/3894 3895/3895/3895
f 3894/3894/3894 3896/3896/3896 3893/3893/3893
f 3898/3898/3898 3899/3899/3899 3900/3900/3900 3897/3897/3897
f 3903/3903/3903 3904/3904/3904 3901/3901/3901
f 3901/3901/3901 3902/3902/3902 3903/3903/3903
f 3907/3907/3907 3908/3908/3908 3905/3905/3905 3906/3906/3906
f 3909/3909/3909 3910/3910/3910 3912/3912/3912 3911/3911/3911
v -3305.529052734375 2561.89990234375 46877.0703125 255 255 0
v -3405.529052734375 2561.89990234375 46877.0703125 255 255 0
v -3405.529052734375 2549.5 46877.0703125 255 255 0
v -3305.529052734375 2549.5 46877.0703125 255 255 0
v -3405.529052734375 2549.5 46877.0703125 255 255 0
v -3405.529052734375 2561.89990234375 46877.0703125 255 255 0
v -3405.529052734375 2561.89990234375 46776.66015625 255 255 0
v -3405.529052734375 2549.5 46776.66015625 255 255 0
v -3405.529052734375 2549.5 46776.66015625 255 255 0
v -3405.529052734375 2561.89990234375 46776.66015625 255 255 0
v -3305.529052734375 2561.89990234375 46776.66015625 255 255 0
v -3305.529052734375 2549.5 46776.66015625 255 255 0
v -3305.529052734375 2561.89990234375 46877.0703125 255 255 0
v -3305.529052734375 2549.5 46877.0703125 255 255 0
v -3305.529052734375 2549.5 46776.66015625 255 255 0
v -3305.529052734375 2561.89990234375 46776.66015625 255 255 0
v -3305.529052734375 2549.5 46877.0703125 255 255 0
v -3405.529052734375 2549.5 46877.0703125 255 255 0
v -3405.529052734375 2549.5 46776.66015625 255 255 0
v -3305.529052734375 2549.5 46776.66015625 255 255 0
v -3405.529052734375 2561.89990234375 46877.0703125 255 255 0
v -3305.529052734375 2561.89990234375 46877.0703125 255 255 0
v -3405.529052734375 2561.89990234375 46776.66015625 255 255 0
v -3305.529052734375 2561.89990234375 46776.66015625 255 255 0
vt 0.06206820160150528 0.49997499585151672
vt 0.06206820160150528 2.4997500077006407E-05
vt 0.12259833514690399 2.4997500077006407E-05
vt 0.12259833514690399 0.49997499585151672
vt 0.2466859370470047 0.50203251838684082
vt 0.18615579605102539 0.50203251838684082
vt 0.18615579605102539 2.4997500077006407E-05
vt 0.2466859370470047 2.4997500077006407E-05
vt 0.060554541647434235 0.49997499585151672
vt 2.4407312594121322E-05 0.49997499585151672
vt 2.4407312594121322E-05 2.4997500077006407E-05
vt 0.060554541647434235 2.4997500077006407E-05
vt 0.12411199510097504 2.4997500077006407E-05
vt 0.18464213609695435 2.4997500077006407E-05
vt 0.18464213609695435 0.50203251838684082
vt 0.12411199510097504 0.50203251838684082
vt 0.74874287843704224 0.50002491474151611
vt 0.74874287843704224 0.99851024150848389
vt 0.24820010364055634 0.99851024150848389
vt 0.24820010364055634 0.50002491474151611
vt 0.24820010364055634 0.4985102117061615
vt 0.24820010364055634 2.4924265744630247E-05
vt 0.74874287843704224 0.4985102117061615
vt 0.74874287843704224 2.4924265744630247E-05
vn 0 0 1
vn 0 0 1
vn 0 0 1
vn 0 0 1
vn -1 0 0
vn -1 0 0
vn -1 0 0
vn -1 0 0
vn 0 0 -1
vn 0 0 -1
vn 0 0 -1
vn 0 0 -1
vn 1 0 0
vn 1 0 0
vn 1 0 0
vn 1 0 0
vn 0 -1 0
vn 0 -1 0
vn 0 -1 0
vn 0 -1 0
vn 0 1 0
vn 0 1 0
vn 0 1 0
vn 0 1 0
f 3915/3915/3915 3913/3913/3913 3914/3914/3914
f 3913/3913/3913 3915/3915/3915 3916/3916/3916
f 3918/3918/3918 3919/3919/3919 3920/3920/3920 3917/3917/3917
f 3921/3921/3921 3922/3922/3922 3923/3923/3923
f 3923/3923/3923 3924/3924/3924 3921/3921/3921
f 3928/3928/3928 3925/3925/3925 3926/3926/3926 3927/3927/3927
f 3932/3932/3932 3929/3929/3929 3930/3930/3930 3931/3931/3931
f 3935/3935/3935 3933/3933/3933 3934/3934/3934 3936/3936/3936
v -3280.529052734375 2549.5 46752.0703125 255 255 0
v -3280.529052734375 2549.5 46902.0703125 255 255 0
v -3280.529052734375 2449.5 46902.0703125 255 255 0
v -3280.529052734375 2449.5 46752.0703125 255 255 0
v -3280.529052734375 2449.5 46902.0703125 255 255 0
v -3280.529052734375 2549.5 46902.0703125 255 255 0
v -3430.529052734375 2549.5 46902.0703125 255 255 0
v -3430.529052734375 2449.5 46902.0703125 255 255 0
v -3430.529052734375 2449.5 46902.0703125 255 255 0
v -3430.529052734375 2549.5 46902.0703125 255 255 0
v -3430.529052734375 2549.5 46752.0703125 255 255 0
v -3430.529052734375 2449.5 46752.0703125 255 255 0
v -3280.529052734375 2549.5 46752.0703125 255 255 0
v -3280.529052734375 2449.5 46752.0703125 255 255 0
v -3430.529052734375 2449.5 46752.0703125 255 255 0
v -3430.529052734375 2549.5 46752.0703125 255 255 0
v -3280.529052734375 2449.5 46752.0703125 255 255 0
v -3280.529052734375 2449.5 46902.0703125 255 255 0
v -3430.529052734375 2449.5 46902.0703125 255 255 0
v -3430.529052734375 2449.5 46752.0703125 255 255 0
v -3280.529052734375 2549.5 46902.0703125 255 255 0
v -3280.529052734375 2549.5 46752.0703125 255 255 0
v -3430.529052734375 2549.5 46902.0703125 255 255 0
v -3430.529052734375 2549.5 46752.0703125 255 255 0
vt 0.71429586410522461 0.42708417773246765
vt 0.71429586410522461 1.4235664821171667E-05
vt 0.99852097034454346 1.4235664821171667E-05
vt 0.99852097034454346 0.42708417773246765
vt 0.99852097034454346 0.85564744472503662
vt 0.71429586410522461 0.85564744472503662
vt 0.71429586410522461 0.42857751250267029
vt 0.99852097034454346 0.42857751250267029
vt 0.71280258893966675 0.42708417773246765
vt 0.4285774827003479 0.42708417773246765
vt 0.4285774827003479 1.4235664821171667E-05
vt 0.71280258893966675 1.4235664821171667E-05
vt 0.4285774827003479 0.42857751250267029
vt 0.71280258893966675 0.42857751250267029
vt 0.71280258893966675 0.85564744472503662
vt 0.4285774827003479 0.85564744472503662
vt 0.42708417773246765 0.85564744472503662
vt 1.4230490705813281E-05 0.85564744472503662
vt 1.4230490705813281E-05 0.42857751250267029
vt 0.42708417773246765 0.42857751250267029
vt 1.4230490705813281E-05 1.4235664821171667E-05
vt 0.42708417773246765 1.4235664821171667E-05
vt 1.4230490705813281E-05 0.42708417773246765
vt 0.42708417773246765 0.42708417773246765
vn 1 0 0
vn 1 0 0
vn 1 0 0
vn 1 0 0
vn 0 0 1
vn 0 0 1
vn 0 0 1
vn 0 0 1
vn -1 0 0
vn -1 0 0
vn -1 0 0
vn -1 0 0
vn 0 0 -1
vn 0 0 -1
vn 0 0 -1
vn 0 0 -1
vn 0 -1 0
vn 0 -1 0
vn 0 -1 0
vn 0 -1 0
vn 0 1 0
vn 0 1 0
vn 0 1 0
vn 0 1 0
f 3937/3937/3937 3938/3938/3938 3939/3939/3939 3940/3940/3940
f 3941/3941/3941 3942/3942/3942 3943/3943/3943
f 3943/3943/3943 3944/3944/3944 3941/3941/3941
f 3946/3946/3946 3947/3947/3947 3948/3948/3948 3945/3945/3945
f 3950/3950/3950 3952/3952/3952 3949/3949/3949
f 3952/3952/3952 3950/3950/3950 3951/3951/3951
f 3955/3955/3955 3956/3956/3956 3953/3953/3953 3954/3954/3954
f 3957/3957/3957 3958/3958/3958 3960/3960/3960 3959/3959/3959
v -3290.529052734375 2449.5 46762.0703125 255 255 0
v -3290.529052734375 2449.5 46892.0703125 255 255 0
v -3290.529052734375 2444.5 46892.0703125 255 255 0
v -3290.529052734375 2444.5 46762.0703125 255 255 0
v -3290.529052734375 2444.5 46892.0703125 255 255 0
v -3290.529052734375 2449.5 46892.0703125 255 255 0
v -3420.529052734375 2449.5 46892.0703125 255 255 0
v -3420.529052734375 2444.5 46892.0703125 255 255 0
v -3420.529052734375 2444.5 46892.0703125 255 255 0
v -3420.529052734375 2449.5 46892.0703125 255 255 0
v -3420.529052734375 2449.5 46762.0703125 255 255 0
v -3420.529052734375 2444.5 46762.0703125 255 255 0
v -3290.529052734375 2449.5 46762.0703125 255 255 0
v -3290.529052734375 2444.5 46762.0703125 255 255 0
v -3420.529052734375 2444.5 46762.0703125 255 255 0
v -3420.529052734375 2449.5 46762.0703125 255 255 0
v -3290.529052734375 2444.5 46762.0703125 255 255 0
v -3290.529052734375 2444.5 46892.0703125 255 255 0
v -3420.529052734375 2444.5 46892.0703125 255 255 0
v -3420.529052734375 2444.5 46762.0703125 255 255 0
v -3290.529052734375 2449.5 46892.0703125 255 255 0
v -3290.529052734375 2449.5 46762.0703125 255 255 0
v -3420.529052734375 2449.5 46892.0703125 255 255 0
v -3420.529052734375 2449.5 46762.0703125 255 255 0
vt 0.019285516813397408 0.49998077750205994
vt 0.019285516813397408 1.9229290046496317E-05
vt 0.037052884697914124 1.9229290046496317E-05
vt 0.037052884697914124 0.49998077750205994
vt 0.017785137519240379 0.49998077750205994
vt 1.7767370081855915E-05 0.49998077750205994
vt 1.7767370081855915E-05 1.9229290046496317E-05
vt 0.017785137519240379 1.9229290046496317E-05
vt 0.07558838278055191 0.49998077750205994
vt 0.057821013033390045 0.49998077750205994
vt 0.057821013033390045 1.9229290046496317E-05
vt 0.07558838278055191 1.9229290046496317E-05
vt 0.038553263992071152 1.9229290046496317E-05
vt 0.056320633739233017 1.9229290046496317E-05
vt 0.056320633739233017 0.49998077750205994
vt 0.038553263992071152 0.49998077750205994
vt 0.57558697462081909 0.99851596355438232
vt 0.077090159058570862 0.99851596355438232
vt 0.077090159058570862 0.50001919269561768
vt 0.57558697462081909 0.50001919269561768
vt 0.077090159058570862 1.9172954125679098E-05
vt 0.57558697462081909 1.9172954125679098E-05
vt 0.077090159058570862 0.49851599335670471
vt 0.57558697462081909 0.49851599335670471
vn 1 0 0
vn 1 0 0
vn 1 0 0
vn 1 0 0
vn 0 0 1
vn 0 0 1
vn 0 0 1
vn 0 0 1
vn -1 0 0
vn -1 0 0
vn -1 0 0
vn -1 0 0
vn 0 0 -1
vn 0 0 -1
vn 0 0 -1
vn 0 0 -1
vn 0 -1 0
vn 0 -1 0
vn 0 -1 0
vn 0 -1 0
vn 0 1 0
vn 0 1 0
vn 0 1 0
vn 0 1 0
f 3961/3961/3961 3962/3962/3962 3963/3963/3963 3964/3964/3964
f 3966/3966/3966 3967/3967/3967 3968/3968/3968 3965/3965/3965
f 3970/3970/3970 3971/3971/3971 3972/3972/3972 3969/3969/3969
f 3976/3976/3976 3973/3973/3973 3974/3974/3974 3975/3975/3975
f 3979/3979/3979 3980/3980/3980 3977/3977/3977 3978/3978/3978
f 3981/3981/3981 3982/3982/3982 3984/3984/3984 3983/3983/3983
v -3420.529052734375 2449.5 46892.0703125 255 255 0
v -3290.529052734375 2449.5 46892.0703125 255 255 0
v -3290.529052734375 2444.5 46892.0703125 255 255 0
v -3420.529052734375 2444.5 46892.0703125 255 255 0
v -3290.529052734375 2444.5 46892.0703125 255 255 0
v -3290.529052734375 2449.5 46892.0703125 255 255 0
v -3290.529052734375 2449.5 46762.0703125 255 255 0
v -3290.529052734375 2444.5 46762.0703125 255 255 0
v -3290.529052734375 2444.5 46762.0703125 255 255 0
v -3290.529052734375 2449.5 46762.0703125 255 255 0
v -3420.529052734375 2449.5 46762.0703125 255 255 0
v -3420.529052734375 2444.5 46762.0703125 255 255 0
v -3420.529052734375 2449.5 46892.0703125 255 255 0
v -3420.529052734375 2444.5 46892.0703125 255 255 0
v -3420.529052734375 2444.5 46762.0703125 255 255 0
v -3420.529052734375 2449.5 46762.0703125 255 255 0
v -3280.529052734375 2449.5 46752.0703125 255 255 0
v -3280.529052734375 2449.5 46902.0703125 255 255 0
v -3280.529052734375 2444.5 46902.0703125 255 255 0
v -3280.529052734375 2444.5 46752.0703125 255 255 0
v -3280.529052734375 2444.5 46902.0703125 255 255 0
v -3280.529052734375 2449.5 46902.0703125 255 255 0
v -3430.529052734375 2449.5 46902.0703125 255 255 0
v -3430.529052734375 2444.5 46902.0703125 255 255 0
v -3430.529052734375 2444.5 46902.0703125 255 255 0
v -3430.529052734375 2449.5 46902.0703125 255 255 0
v -3430.529052734375 2449.5 46752.0703125 255 255 0
v -3430.529052734375 2444.5 46752.0703125 255 255 0
v -3280.529052734375 2449.5 46752.0703125 255 255 0
v -3280.529052734375 2444.5 46752.0703125 255 255 0
v -3430.529052734375 2444.5 46752.0703125 255 255 0
v -3430.529052734375 2449.5 46752.0703125 255 255 0
v -3420.529052734375 2444.5 46892.0703125 255 255 0
v -3290.529052734375 2444.5 46892.0703125 255 255 0
v -3290.529052734375 2444.5 46762.0703125 255 255 0
v -3420.529052734375 2444.5 46762.0703125 255 255 0
v -3280.529052734375 2444.5 46752.0703125 255 255 0
v -3280.529052734375 2444.5 46902.0703125 255 255 0
v -3430.529052734375 2444.5 46902.0703125 255 255 0
v -3430.529052734375 2444.5 46752.0703125 255 255 0
v -3290.529052734375 2449.5 46892.0703125 255 255 0
v -3420.529052734375 2449.5 46892.0703125 255 255 0
v -3290.529052734375 2449.5 46762.0703125 255 255 0
v -3420.529052734375 2449.5 46762.0703125 255 255 0
v -3280.529052734375 2449.5 46902.0703125 255 255 0
v -3280.529052734375 2449.5 46752.0703125 255 255 0
v -3430.529052734375 2449.5 46902.0703125 255 255 0
v -3430.529052734375 2449.5 46752.0703125 255 255 0
vt 0.01671409048140049 0.43332111835479736
vt 0.01671409048140049 1.6665555449435487E-05
vt 0.031917724758386612 1.6665555449435487E-05
vt 0.031917724758386612 0.43332111835479736
vt 0.015218839049339294 0.43332111835479736
vt 1.5203635484795086E-05 0.43332111835479736
vt 1.5203635484795086E-05 1.6665555449435487E-05
vt 0.015218839049339294 1.6665555449435487E-05
vt 0.065315499901771545 0.43332111835479736
vt 0.050111863762140274 0.43332111835479736
vt 0.050111863762140274 1.6665555449435487E-05
vt 0.065315499901771545 1.6665555449435487E-05
vt 0.033412978053092957 1.6665555449435487E-05
vt 0.048616614192724228 1.6665555449435487E-05
vt 0.048616614192724228 0.43332111835479736
vt 0.033412978053092957 0.43332111835479736
vt 0.083509638905525208 0.49998334050178528
vt 0.083509638905525208 1.6665555449435487E-05
vt 0.09871327131986618 1.6665555449435487E-05
vt 0.09871327131986618 0.49998334050178528
vt 0.082014389336109161 0.49998334050178528
vt 0.066810749471187592 0.49998334050178528
vt 0.066810749471187592 1.6665555449435487E-05
vt 0.082014389336109161 1.6665555449435487E-05
vt 0.13211104273796082 0.49998334050178528
vt 0.11690741032361984 0.49998334050178528
vt 0.11690741032361984 1.6665555449435487E-05
vt 0.13211104273796082 1.6665555449435487E-05
vt 0.10020852088928223 1.6665555449435487E-05
vt 0.1154121607542038 1.6665555449435487E-05
vt 0.1154121607542038 0.49998334050178528
vt 0.10020852088928223 0.49998334050178528
vt 0.16684117913246155 0.53325009346008301
vt 0.16684117913246155 0.96528506278991699
vt 0.59887617826461792 0.96528506278991699
vt 0.59887617826461792 0.53325009346008301
vt 0.63210964202880859 0.99851852655410767
vt 0.13360770046710968 0.99851852655410767
vt 0.13360770046710968 0.50001662969589233
vt 0.63210964202880859 0.50001662969589233
vt 0.16684117913246155 0.033250078558921814
vt 0.16684117913246155 0.46528506278991699
vt 0.59887617826461792 0.033250078558921814
vt 0.59887617826461792 0.46528506278991699
vt 0.13360770046710968 1.661673013586551E-05
vt 0.63210964202880859 1.661673013586551E-05
vt 0.13360770046710968 0.49851855635643005
vt 0.63210964202880859 0.49851855635643005
vn 0 0 -1
vn 0 0 -1
vn 0 0 -1
vn 0 0 -1
vn -1 0 0
vn -1 0 0
vn -1 0 0
vn -1 0 0
vn 0 0 1
vn 0 0 1
vn 0 0 1
vn 0 0 1
vn 1 0 0
vn 1 0 0
vn 1 0 0
vn 1 0 0
vn 1 0 0
vn 1 0 0
vn 1 0 0
vn 1 0 0
vn 0 0 1
vn 0 0 1
vn 0 0 1
vn 0 0 1
vn -1 0 0
vn -1 0 0
vn -1 0 0
vn -1 0 0
vn 0 0 -1
vn 0 0 -1
vn 0 0 -1
vn 0 0 -1
vn 0 -1 0
vn 0 -1 0
vn 0 -1 0
vn 0 -1 0
vn 0 -1 0
vn 0 -1 0
vn 0 -1 0
vn 0 -1 0
vn 0 1 0
vn 0 1 0
vn 0 1 0
vn 0 1 0
vn 0 1 0
vn 0 1 0
vn 0 1 0
vn 0 1 0
f 3985/3985/3985 3986/3986/3986 3987/3987/3987 3988/3988/3988
f 3990/3990/3990 3991/3991/3991 3992/3992/3992 3989/3989/3989
f 3994/3994/3994 3995/3995/3995 3996/3996/3996 3993/3993/3993
f 4000/4000/4000 3997/3997/3997 3998/3998/3998 3999/3999/3999
f 4001/4001/4001 4002/4002/4002 4003/4003/4003 4004/4004/4004
f 4006/4006/4006 4007/4007/4007 4008/4008/4008 4005/4005/4005
f 4010/4010/4010 4011/4011/4011 4012/4012/4012 4009/4009/4009
f 4016/4016/4016 4013/4013/4013 4014/4014/4014 4015/4015/4015
f 4020/4020/4020 4017/4017/4017 4023/4023/4023 4024/4024/4024
f 4019/4019/4019 4020/4020/4020 4024/4024/4024 4021/4021/4021
f 4017/4017/4017 4018/4018/4018 4022/4022/4022 4023/4023/4023
f 4018/4018/4018 4019/4019/4019 4021/4021/4021 4022/4022/4022
f 4027/4027/4027 4025/4025/4025 4029/4029/4029 4030/4030/4030
f 4030/4030/4030 4032/4032/4032 4028/4028/4028 4027/4027/4027
f 4031/4031/4031 4029/4029/4029 4025/4025/4025 4026/4026/4026
f 4026/4026/4026 4028/4028/4028 4032/4032/4032 4031/4031/4031
v -1618.0291748046875 2599.39990234375 46757.0703125 255 255 0
v -1618.0291748046875 2599.39990234375 46877.0703125 255 255 0
v -1618.0291748046875 2561.89990234375 46877.0703125 255 255 0
v -1618.0291748046875 2561.89990234375 46757.0703125 255 255 0
v -1618.0291748046875 2561.89990234375 46877.0703125 255 255 0
v -1618.0291748046875 2599.39990234375 46877.0703125 255 255 0
v -1693.0291748046875 2599.39990234375 46877.0703125 255 255 0
v -1693.0291748046875 2561.89990234375 46877.0703125 255 255 0
v -1693.0291748046875 2561.89990234375 46877.0703125 255 255 0
v -1693.0291748046875 2599.39990234375 46877.0703125 255 255 0
v -1693.0291748046875 2599.39990234375 46757.0703125 255 255 0
v -1693.0291748046875 2561.89990234375 46757.0703125 255 255 0
v -1618.0291748046875 2599.39990234375 46757.0703125 255 255 0
v -1618.0291748046875 2561.89990234375 46757.0703125 255 255 0
v -1693.0291748046875 2561.89990234375 46757.0703125 255 255 0
v -1693.0291748046875 2599.39990234375 46757.0703125 255 255 0
v -1618.0291748046875 2561.89990234375 46757.0703125 255 255 0
v -1618.0291748046875 2561.89990234375 46877.0703125 255 255 0
v -1693.0291748046875 2561.89990234375 46877.0703125 255 255 0
v -1693.0291748046875 2561.89990234375 46757.0703125 255 255 0
v -1618.0291748046875 2599.39990234375 46877.0703125 255 255 0
v -1618.0291748046875 2599.39990234375 46757.0703125 255 255 0
v -1693.0291748046875 2599.39990234375 46877.0703125 255 255 0
v -1693.0291748046875 2599.39990234375 46757.0703125 255 255 0
vt 2.2219501261133701E-05 0.16671091318130493
vt 0.53328442573547363 0.16671091318130493
vt 0.53328442573547363 0.33189091086387634
vt 2.2219501261133701E-05 0.33189091086387634
vt 2.2115049432613887E-05 0.76669776439666748
vt 2.2115049432613887E-05 0.60005331039428711
vt 0.33184635639190674 0.60005331039428711
vt 0.33184635639190674 0.76669776439666748
vt 2.2219501261133701E-05 0.16520202159881592
vt 2.2219501261133701E-05 2.2023998099029996E-05
vt 0.53328442573547363 2.2023998099029996E-05
vt 0.53328442573547363 0.16520202159881592
vt 0.33184635639190674 0.33339998126029968
vt 0.33184635639190674 0.50004446506500244
vt 2.2115049432613887E-05 0.50004446506500244
vt 2.2115049432613887E-05 0.33339998126029968
vt 0.99851304292678833 2.2219259335543029E-05
vt 0.99851304292678833 0.53328442573547363
vt 0.66668879985809326 0.53328442573547363
vt 0.66668879985809326 2.2219259335543029E-05
vt 0.33335545659065247 0.86519742012023926
vt 0.33335545659065247 0.33339992165565491
vt 0.66517972946166992 0.86519742012023926
vt 0.66517972946166992 0.33339992165565491
vn 1 0 0
vn 1 0 0
vn 1 0 0
vn 1 0 0
vn 0 0 1
vn 0 0 1
vn 0 0 1
vn 0 0 1
vn -1 0 0
vn -1 0 0
vn -1 0 0
vn -1 0 0
vn 0 0 -1
vn 0 0 -1
vn 0 0 -1
vn 0 0 -1
vn 0 -1 0
vn 0 -1 0
vn 0 -1 0
vn 0 -1 0
vn 0 1 0
vn 0 1 0
vn 0 1 0
vn 0 1 0
f 4033/4033/4033 4034/4034/4034 4035/4035/4035 4036/4036/4036
f 4037/4037/4037 4038/4038/4038 4039/4039/4039
f 4039/4039/4039 4040/4040/4040 4037/4037/4037
f 4042/4042/4042 4043/4043/4043 4044/4044/4044 4041/4041/4041
f 4046/4046/4046 4048/4048/4048 4045/4045/4045
f 4048/4048/4048 4046/4046/4046 4047/4047/4047
f 4051/4051/4051 4052/4052/4052 4049/4049/4049 4050/4050/4050
f 4053/4053/4053 4054/4054/4054 4056/4056/4056 4055/4055/4055
v -1603.0291748046875 2561.89990234375 46879.5703125 255 255 0
v -1708.0291748046875 2561.89990234375 46879.5703125 255 255 0
v -1708.0291748046875 2549.5 46879.5703125 255 255 0
v -1603.0291748046875 2549.5 46879.5703125 255 255 0
v -1708.0291748046875 2549.5 46879.5703125 255 255 0
v -1708.0291748046875 2561.89990234375 46879.5703125 255 255 0
v -1708.0291748046875 2561.89990234375 46870.5703125 255 255 0
v -1708.0291748046875 2549.5 46870.5703125 255 255 0
v -1708.0291748046875 2549.5 46870.5703125 255 255 0
v -1708.0291748046875 2561.89990234375 46870.5703125 255 255 0
v -1603.0291748046875 2561.89990234375 46870.5703125 255 255 0
v -1603.0291748046875 2549.5 46870.5703125 255 255 0
v -1603.0291748046875 2561.89990234375 46879.5703125 255 255 0
v -1603.0291748046875 2549.5 46879.5703125 255 255 0
v -1603.0291748046875 2549.5 46870.5703125 255 255 0
v -1603.0291748046875 2561.89990234375 46870.5703125 255 255 0
v -1603.0291748046875 2549.5 46879.5703125 255 255 0
v -1708.0291748046875 2549.5 46879.5703125 255 255 0
v -1708.0291748046875 2549.5 46870.5703125 255 255 0
v -1603.0291748046875 2549.5 46870.5703125 255 255 0
v -1708.0291748046875 2561.89990234375 46879.5703125 255 255 0
v -1603.0291748046875 2561.89990234375 46879.5703125 255 255 0
v -1708.0291748046875 2561.89990234375 46870.5703125 255 255 0
v -1603.0291748046875 2561.89990234375 46870.5703125 255 255 0
vt 0.10573150217533112 0.63528734445571899
vt 0.99849265813827515 0.63528734445571899
vt 0.99849265813827515 0.74089109897613525
vt 0.10573150217533112 0.74089109897613525
vt 0.55288708209991455 0.10564639419317245
vt 0.55288708209991455 4.2582181777106598E-05
vt 0.6295350193977356 4.2582181777106598E-05
vt 0.6295350193977356 0.10564639419317245
vt 0.10418213903903961 0.89280366897583008
vt 4.1991996113210917E-05 0.89280366897583008
vt 4.1991996113210917E-05 4.2512438085395843E-05
vt 0.10418213903903961 4.2512438085395843E-05
vt 0.18237949907779694 4.2582181777106598E-05
vt 0.18237949907779694 0.10564639419317245
vt 0.10573156177997589 0.10564639419317245
vt 0.10573156177997589 4.2582181777106598E-05
vt 0.99849265813827515 0.52384603023529053
vt 0.10573150217533112 0.52384603023529053
vt 0.10573150217533112 0.44719809293746948
vt 0.99849265813827515 0.44719809293746948
vt 0.10573150217533112 0.25910887122154236
vt 0.99849265813827515 0.25910887122154236
vt 0.10573150217533112 0.3357568085193634
vt 0.99849265813827515 0.3357568085193634
vn 0 0 1
vn 0 0 1
vn 0 0 1
vn 0 0 1
vn -1 0 0
vn -1 0 0
vn -1 0 0
vn -1 0 0
vn 0 0 -1
vn 0 0 -1
vn 0 0 -1
vn 0 0 -1
vn 1 0 0
vn 1 0 0
vn 1 0 0
vn 1 0 0
vn 0 -1 0
vn 0 -1 0
vn 0 -1 0
vn 0 -1 0
vn 0 1 0
vn 0 1 0
vn 0 1 0
vn 0 1 0
f 4059/4059/4059 4057/4057/4057 4058/4058/4058
f 4057/4057/4057 4059/4059/4059 4060/4060/4060
f 4062/4062/4062 4063/4063/4063 4064/4064/4064 4061/4061/4061
f 4065/4065/4065 4066/4066/4066 4067/4067/4067
f 4067/4067/4067 4068/4068/4068 4065/4065/4065
f 4072/4072/4072 4069/4069/4069 4070/4070/4070 4071/4071/4071
f 4075/4075/4075 4076/4076/4076 4073/4073/4073 4074/4074/4074
f 4077/4077/4077 4078/4078/4078 4080/4080/4080 4079/4079/4079
v -1603.0291748046875 2561.89990234375 46774.5703125 255 255 0
v -1603.0291748046875 2561.89990234375 46783.5703125 255 255 0
v -1603.0291748046875 2549.5 46783.5703125 255 255 0
v -1603.0291748046875 2549.5 46774.5703125 255 255 0
v -1603.0291748046875 2549.5 46783.5703125 255 255 0
v -1603.0291748046875 2561.89990234375 46783.5703125 255 255 0
v -1708.0291748046875 2561.89990234375 46783.5703125 255 255 0
v -1708.0291748046875 2549.5 46783.5703125 255 255 0
v -1708.0291748046875 2549.5 46783.5703125 255 255 0
v -1708.0291748046875 2561.89990234375 46783.5703125 255 255 0
v -1708.0291748046875 2561.89990234375 46774.5703125 255 255 0
v -1708.0291748046875 2549.5 46774.5703125 255 255 0
v -1603.0291748046875 2561.89990234375 46774.5703125 255 255 0
v -1603.0291748046875 2549.5 46774.5703125 255 255 0
v -1708.0291748046875 2549.5 46774.5703125 255 255 0
v -1708.0291748046875 2561.89990234375 46774.5703125 255 255 0
v -1603.0291748046875 2549.5 46774.5703125 255 255 0
v -1603.0291748046875 2549.5 46783.5703125 255 255 0
v -1708.0291748046875 2549.5 46783.5703125 255 255 0
v -1708.0291748046875 2549.5 46774.5703125 255 255 0
v -1603.0291748046875 2561.89990234375 46783.5703125 255 255 0
v -1603.0291748046875 2561.89990234375 46774.5703125 255 255 0
v -1708.0291748046875 2561.89990234375 46783.5703125 255 255 0
v -1708.0291748046875 2561.89990234375 46774.5703125 255 255 0
vt 0.55288708209991455 4.2582181777106598E-05
vt 0.6295350193977356 4.2582181777106598E-05
vt 0.6295350193977356 0.10564639419317245
vt 0.55288708209991455 0.10564639419317245
vt 0.10418213903903961 0.89280366897583008
vt 4.1991996113210917E-05 0.89280366897583008
vt 4.1991996113210917E-05 4.2512438085395843E-05
vt 0.10418213903903961 4.2512438085395843E-05
vt 0.10573156177997589 0.10564639419317245
vt 0.10573156177997589 4.2582181777106598E-05
vt 0.18237949907779694 4.2582181777106598E-05
vt 0.18237949907779694 0.10564639419317245
vt 0.99849265813827515 0.63528734445571899
vt 0.99849265813827515 0.74089109897613525
vt 0.10573150217533112 0.74089109897613525
vt 0.10573150217533112 0.63528734445571899
vt 0.99849265813827515 0.44719809293746948
vt 0.99849265813827515 0.52384603023529053
vt 0.10573149472475052 0.52384603023529053
vt 0.10573149472475052 0.44719809293746948
vt 0.10573149472475052 0.3357568085193634
vt 0.10573149472475052 0.25910887122154236
vt 0.99849265813827515 0.3357568085193634
vt 0.99849265813827515 0.25910887122154236
vn 1 0 0
vn 1 0 0
vn 1 0 0
vn 1 0 0
vn 0 0 1
vn 0 0 1
vn 0 0 1
vn 0 0 1
vn -1 0 0
vn -1 0 0
vn -1 0 0
vn -1 0 0
vn 0 0 -1
vn 0 0 -1
vn 0 0 -1
vn 0 0 -1
vn 0 -1 0
vn 0 -1 0
vn 0 -1 0
vn 0 -1 0
vn 0 1 0
vn 0 1 0
vn 0 1 0
vn 0 1 0
f 4081/4081/4081 4082/4082/4082 4083/4083/4083 4084/4084/4084
f 4088/4088/4088 4086/4086/4086 4087/4087/4087
f 4086/4086/4086 4088/4088/4088 4085/4085/4085
f 4090/4090/4090 4091/4091/4091 4092/4092/4092 4089/4089/4089
f 4095/4095/4095 4096/4096/4096 4093/4093/4093
f 4093/4093/4093 4094/4094/4094 4095/4095/4095
f 4099/4099/4099 4100/4100/4100 4097/4097/4097 4098/4098/4098
f 4101/4101/4101 4102/4102/4102 4104/4104/4104 4103/4103/4103
v -1605.5291748046875 2561.89990234375 46877.0703125 255 255 0
v -1705.5291748046875 2561.89990234375 46877.0703125 255 255 0
v -1705.5291748046875 2549.5 46877.0703125 255 255 0
v -1605.5291748046875 2549.5 46877.0703125 255 255 0
v -1705.5291748046875 2549.5 46877.0703125 255 255 0
v -1705.5291748046875 2561.89990234375 46877.0703125 255 255 0
v -1705.5291748046875 2561.89990234375 46776.66015625 255 255 0
v -1705.5291748046875 2549.5 46776.66015625 255 255 0
v -1705.5291748046875 2549.5 46776.66015625 255 255 0
v -1705.5291748046875 2561.89990234375 46776.66015625 255 255 0
v -1605.5291748046875 2561.89990234375 46776.66015625 255 255 0
v -1605.5291748046875 2549.5 46776.66015625 255 255 0
v -1605.5291748046875 2561.89990234375 46877.0703125 255 255 0
v -1605.5291748046875 2549.5 46877.0703125 255 255 0
v -1605.5291748046875 2549.5 46776.66015625 255 255 0
v -1605.5291748046875 2561.89990234375 46776.66015625 255 255 0
v -1605.5291748046875 2549.5 46877.0703125 255 255 0
v -1705.5291748046875 2549.5 46877.0703125 255 255 0
v -1705.5291748046875 2549.5 46776.66015625 255 255 0
v -1605.5291748046875 2549.5 46776.66015625 255 255 0
v -1705.5291748046875 2561.89990234375 46877.0703125 255 255 0
v -1605.5291748046875 2561.89990234375 46877.0703125 255 255 0
v -1705.5291748046875 2561.89990234375 46776.66015625 255 255 0
v -1605.5291748046875 2561.89990234375 46776.66015625 255 255 0
vt 0.06206820160150528 0.49997499585151672
vt 0.06206820160150528 2.4997500077006407E-05
vt 0.12259833514690399 2.4997500077006407E-05
vt 0.12259833514690399 0.49997499585151672
vt 0.2466859370470047 0.50203251838684082
vt 0.18615579605102539 0.50203251838684082
vt 0.18615579605102539 2.4997500077006407E-05
vt 0.2466859370470047 2.4997500077006407E-05
vt 0.060554541647434235 0.49997499585151672
vt 2.4407312594121322E-05 0.49997499585151672
vt 2.4407312594121322E-05 2.4997500077006407E-05
vt 0.060554541647434235 2.4997500077006407E-05
vt 0.12411199510097504 2.4997500077006407E-05
vt 0.18464213609695435 2.4997500077006407E-05
vt 0.18464213609695435 0.50203251838684082
vt 0.12411199510097504 0.50203251838684082
vt 0.74874287843704224 0.50002491474151611
vt 0.74874287843704224 0.99851024150848389
vt 0.24820010364055634 0.99851024150848389
vt 0.24820010364055634 0.50002491474151611
vt 0.24820010364055634 0.4985102117061615
vt 0.24820010364055634 2.4924265744630247E-05
vt 0.74874287843704224 0.4985102117061615
vt 0.74874287843704224 2.4924265744630247E-05
vn 0 0 1
vn 0 0 1
vn 0 0 1
vn 0 0 1
vn -1 0 0
vn -1 0 0
vn -1 0 0
vn -1 0 0
vn 0 0 -1
vn 0 0 -1
vn 0 0 -1
vn 0 0 -1
vn 1 0 0
vn 1 0 0
vn 1 0 0
vn 1 0 0
vn 0 -1 0
vn 0 -1 0
vn 0 -1 0
vn 0 -1 0
vn 0 1 0
vn 0 1 0
vn 0 1 0
vn 0 1 0
f 4107/4107/4107 4105/4105/4105 4106/4106/4106
f 4105/4105/4105 4107/4107/4107 4108/4108/4108
f 4110/4110/4110 4111/4111/4111 4112/4112/4112 4109/4109/4109
f 4113/4113/4113 4114/4114/4114 4115/4115/4115
f 4115/4115/4115 4116/4116/4116 4113/4113/4113
f 4120/4120/4120 4117/4117/4117 4118/4118/4118 4119/4119/4119
f 4124/4124/4124 4121/4121/4121 4122/4122/4122 4123/4123/4123
f 4127/4127/4127 4125/4125/4125 4126/4126/4126 4128/4128/4128
v -1580.5291748046875 2549.5 46752.0703125 255 255 0
v -1580.5291748046875 2549.5 46902.0703125 255 255 0
v -1580.5291748046875 2449.5 46902.0703125 255 255 0
v -1580.5291748046875 2449.5 46752.0703125 255 255 0
v -1580.5291748046875 2449.5 46902.0703125 255 255 0
v -1580.5291748046875 2549.5 46902.0703125 255 255 0
v -1730.5291748046875 2549.5 46902.0703125 255 255 0
v -1730.5291748046875 2449.5 46902.0703125 255 255 0
v -1730.5291748046875 2449.5 46902.0703125 255 255 0
v -1730.5291748046875 2549.5 46902.0703125 255 255 0
v -1730.5291748046875 2549.5 46752.0703125 255 255 0
v -1730.5291748046875 2449.5 46752.0703125 255 255 0
v -1580.5291748046875 2549.5 46752.0703125 255 255 0
v -1580.5291748046875 2449.5 46752.0703125 255 255 0
v -1730.5291748046875 2449.5 46752.0703125 255 255 0
v -1730.5291748046875 2549.5 46752.0703125 255 255 0
v -1580.5291748046875 2449.5 46752.0703125 255 255 0
v -1580.5291748046875 2449.5 46902.0703125 255 255 0
v -1730.5291748046875 2449.5 46902.0703125 255 255 0
v -1730.5291748046875 2449.5 46752.0703125 255 255 0
v -1580.5291748046875 2549.5 46902.0703125 255 255 0
v -1580.5291748046875 2549.5 46752.0703125 255 255 0
v -1730.5291748046875 2549.5 46902.0703125 255 255 0
v -1730.5291748046875 2549.5 46752.0703125 255 255 0
vt 0.71429586410522461 0.42708417773246765
vt 0.71429586410522461 1.4235664821171667E-05
vt 0.99852097034454346 1.4235664821171667E-05
vt 0.99852097034454346 0.42708417773246765
vt 0.99852097034454346 0.85564744472503662
vt 0.71429586410522461 0.85564744472503662
vt 0.71429586410522461 0.42857751250267029
vt 0.99852097034454346 0.42857751250267029
vt 0.71280258893966675 0.42708417773246765
vt 0.4285774827003479 0.42708417773246765
vt 0.4285774827003479 1.4235664821171667E-05
vt 0.71280258893966675 1.4235664821171667E-05
vt 0.4285774827003479 0.42857751250267029
vt 0.71280258893966675 0.42857751250267029
vt 0.71280258893966675 0.85564744472503662
vt 0.4285774827003479 0.85564744472503662
vt 0.42708417773246765 0.85564744472503662
vt 1.4230490705813281E-05 0.85564744472503662
vt 1.4230490705813281E-05 0.42857751250267029
vt 0.42708417773246765 0.42857751250267029
vt 1.4230490705813281E-05 1.4235664821171667E-05
vt 0.42708417773246765 1.4235664821171667E-05
vt 1.4230490705813281E-05 0.42708417773246765
vt 0.42708417773246765 0.42708417773246765
vn 1 0 0
vn 1 0 0
vn 1 0 0
vn 1 0 0
vn 0 0 1
vn 0 0 1
vn 0 0 1
vn 0 0 1
vn -1 0 0
vn -1 0 0
vn -1 0 0
vn -1 0 0
vn 0 0 -1
vn 0 0 -1
vn 0 0 -1
vn 0 0 -1
vn 0 -1 0
vn 0 -1 0
vn 0 -1 0
vn 0 -1 0
vn 0 1 0
vn 0 1 0
vn 0 1 0
vn 0 1 0
f 4129/4129/4129 4130/4130/4130 4131/4131/4131 4132/4132/4132
f 4133/4133/4133 4134/4134/4134 4135/4135/4135
f 4135/4135/4135 4136/4136/4136 4133/4133/4133
f 4138/4138/4138 4139/4139/4139 4140/4140/4140 4137/4137/4137
f 4142/4142/4142 4144/4144/4144 4141/4141/4141
f 4144/4144/4144 4142/4142/4142 4143/4143/4143
f 4147/4147/4147 4148/4148/4148 4145/4145/4145 4146/4146/4146
f 4149/4149/4149 4150/4150/4150 4152/4152/4152 4151/4151/4151
v -1590.5291748046875 2449.5 46762.0703125 255 255 0
v -1590.5291748046875 2449.5 46892.0703125 255 255 0
v -1590.5291748046875 2444.5 46892.0703125 255 255 0
v -1590.5291748046875 2444.5 46762.0703125 255 255 0
v -1590.5291748046875 2444.5 46892.0703125 255 255 0
v -1590.5291748046875 2449.5 46892.0703125 255 255 0
v -1720.5291748046875 2449.5 46892.0703125 255 255 0
v -1720.5291748046875 2444.5 46892.0703125 255 255 0
v -1720.5291748046875 2444.5 46892.0703125 255 255 0
v -1720.5291748046875 2449.5 46892.0703125 255 255 0
v -1720.5291748046875 2449.5 46762.0703125 255 255 0
v -1720.5291748046875 2444.5 46762.0703125 255 255 0
v -1590.5291748046875 2449.5 46762.0703125 255 255 0
v -1590.5291748046875 2444.5 46762.0703125 255 255 0
v -1720.5291748046875 2444.5 46762.0703125 255 255 0
v -1720.5291748046875 2449.5 46762.0703125 255 255 0
v -1590.5291748046875 2444.5 46762.0703125 255 255 0
v -1590.5291748046875 2444.5 46892.0703125 255 255 0
v -1720.5291748046875 2444.5 46892.0703125 255 255 0
v -1720.5291748046875 2444.5 46762.0703125 255 255 0
v -1590.5291748046875 2449.5 46892.0703125 255 255 0
v -1590.5291748046875 2449.5 46762.0703125 255 255 0
v -1720.5291748046875 2449.5 46892.0703125 255 255 0
v -1720.5291748046875 2449.5 46762.0703125 255 255 0
vt 0.019285516813397408 0.49998077750205994
vt 0.019285516813397408 1.9229290046496317E-05
vt 0.037052884697914124 1.9229290046496317E-05
vt 0.037052884697914124 0.49998077750205994
vt 0.017785137519240379 0.49998077750205994
vt 1.7767370081855915E-05 0.49998077750205994
vt 1.7767370081855915E-05 1.9229290046496317E-05
vt 0.017785137519240379 1.9229290046496317E-05
vt 0.07558838278055191 0.49998077750205994
vt 0.057821013033390045 0.49998077750205994
vt 0.057821013033390045 1.9229290046496317E-05
vt 0.07558838278055191 1.9229290046496317E-05
vt 0.038553263992071152 1.9229290046496317E-05
vt 0.056320633739233017 1.9229290046496317E-05
vt 0.056320633739233017 0.49998077750205994
vt 0.038553263992071152 0.49998077750205994
vt 0.57558697462081909 0.99851596355438232
vt 0.077090159058570862 0.99851596355438232
vt 0.077090159058570862 0.50001919269561768
vt 0.57558697462081909 0.50001919269561768
vt 0.077090159058570862 1.9172954125679098E-05
vt 0.57558697462081909 1.9172954125679098E-05
vt 0.077090159058570862 0.49851599335670471
vt 0.57558697462081909 0.49851599335670471
vn 1 0 0
vn 1 0 0
vn 1 0 0
vn 1 0 0
vn 0 0 1
vn 0 0 1
vn 0 0 1
vn 0 0 1
vn -1 0 0
vn -1 0 0
vn -1 0 0
vn -1 0 0
vn 0 0 -1
vn 0 0 -1
vn 0 0 -1
vn 0 0 -1
vn 0 -1 0
vn 0 -1 0
vn 0 -1 0
vn 0 -1 0
vn 0 1 0
vn 0 1 0
vn 0 1 0
vn 0 1 0
f 4153/4153/4153 4154/4154/4154 4155/4155/4155 4156/4156/4156
f 4158/4158/4158 4159/4159/4159 4160/4160/4160 4157/4157/4157
f 4162/4162/4162 4163/4163/4163 4164/4164/4164 4161/4161/4161
f 4168/4168/4168 4165/4165/4165 4166/4166/4166 4167/4167/4167
f 4171/4171/4171 4172/4172/4172 4169/4169/4169 4170/4170/4170
f 4173/4173/4173 4174/4174/4174 4176/4176/4176 4175/4175/4175
v -1720.5291748046875 2449.5 46892.0703125 255 255 0
v -1590.5291748046875 2449.5 46892.0703125 255 255 0
v -1590.5291748046875 2444.5 46892.0703125 255 255 0
v -1720.5291748046875 2444.5 46892.0703125 255 255 0
v -1590.5291748046875 2444.5 46892.0703125 255 255 0
v -1590.5291748046875 2449.5 46892.0703125 255 255 0
v -1590.5291748046875 2449.5 46762.0703125 255 255 0
v -1590.5291748046875 2444.5 46762.0703125 255 255 0
v -1590.5291748046875 2444.5 46762.0703125 255 255 0
v -1590.5291748046875 2449.5 46762.0703125 255 255 0
v -1720.5291748046875 2449.5 46762.0703125 255 255 0
v -1720.5291748046875 2444.5 46762.0703125 255 255 0
v -1720.5291748046875 2449.5 46892.0703125 255 255 0
v -1720.5291748046875 2444.5 46892.0703125 255 255 0
v -1720.5291748046875 2444.5 46762.0703125 255 255 0
v -1720.5291748046875 2449.5 46762.0703125 255 255 0
v -1580.5291748046875 2449.5 46752.0703125 255 255 0
v -1580.5291748046875 2449.5 46902.0703125 255 255 0
v -1580.5291748046875 2444.5 46902.0703125 255 255 0
v -1580.5291748046875 2444.5 46752.0703125 255 255 0
v -1580.5291748046875 2444.5 46902.0703125 255 255 0
v -1580.5291748046875 2449.5 46902.0703125 255 255 0
v -1730.5291748046875 2449.5 46902.0703125 255 255 0
v -1730.5291748046875 2444.5 46902.0703125 255 255 0
v -1730.5291748046875 2444.5 46902.0703125 255 255 0
v -1730.5291748046875 2449.5 46902.0703125 255 255 0
v -1730.5291748046875 2449.5 46752.0703125 255 255 0
v -1730.5291748046875 2444.5 46752.0703125 255 255 0
v -1580.5291748046875 2449.5 46752.0703125 255 255 0
v -1580.5291748046875 2444.5 46752.0703125 255 255 0
v -1730.5291748046875 2444.5 46752.0703125 255 255 0
v -1730.5291748046875 2449.5 46752.0703125 255 255 0
v -1720.5291748046875 2444.5 46892.0703125 255 255 0
v -1590.5291748046875 2444.5 46892.0703125 255 255 0
v -1590.5291748046875 2444.5 46762.0703125 255 255 0
v -1720.5291748046875 2444.5 46762.0703125 255 255 0
v -1580.5291748046875 2444.5 46752.0703125 255 255 0
v -1580.5291748046875 2444.5 46902.0703125 255 255 0
v -1730.5291748046875 2444.5 46902.0703125 255 255 0
v -1730.5291748046875 2444.5 46752.0703125 255 255 0
v -1590.5291748046875 2449.5 46892.0703125 255 255 0
v -1720.5291748046875 2449.5 46892.0703125 255 255 0
v -1590.5291748046875 2449.5 46762.0703125 255 255 0
v -1720.5291748046875 2449.5 46762.0703125 255 255 0
v -1580.5291748046875 2449.5 46902.0703125 255 255 0
v -1580.5291748046875 2449.5 46752.0703125 255 255 0
v -1730.5291748046875 2449.5 46902.0703125 255 255 0
v -1730.5291748046875 2449.5 46752.0703125 255 255 0
vt 0.01671409048140049 0.43332111835479736
vt 0.01671409048140049 1.6665555449435487E-05
vt 0.031917724758386612 1.6665555449435487E-05
vt 0.031917724758386612 0.43332111835479736
vt 0.015218839049339294 0.43332111835479736
vt 1.5203635484795086E-05 0.43332111835479736
vt 1.5203635484795086E-05 1.6665555449435487E-05
vt 0.015218839049339294 1.6665555449435487E-05
vt 0.065315499901771545 0.43332111835479736
vt 0.050111863762140274 0.43332111835479736
vt 0.050111863762140274 1.6665555449435487E-05
vt 0.065315499901771545 1.6665555449435487E-05
vt 0.033412978053092957 1.6665555449435487E-05
vt 0.048616614192724228 1.6665555449435487E-05
vt 0.048616614192724228 0.43332111835479736
vt 0.033412978053092957 0.43332111835479736
vt 0.083509638905525208 0.49998334050178528
vt 0.083509638905525208 1.6665555449435487E-05
vt 0.09871327131986618 1.6665555449435487E-05
vt 0.09871327131986618 0.49998334050178528
vt 0.082014389336109161 0.49998334050178528
vt 0.066810749471187592 0.49998334050178528
vt 0.066810749471187592 1.6665555449435487E-05
vt 0.082014389336109161 1.6665555449435487E-05
vt 0.13211104273796082 0.49998334050178528
vt 0.11690741032361984 0.49998334050178528
vt 0.11690741032361984 1.6665555449435487E-05
vt 0.13211104273796082 1.6665555449435487E-05
vt 0.10020852088928223 1.6665555449435487E-05
vt 0.1154121607542038 1.6665555449435487E-05
vt 0.1154121607542038 0.49998334050178528
vt 0.10020852088928223 0.49998334050178528
vt 0.16684117913246155 0.53325009346008301
vt 0.16684117913246155 0.96528506278991699
vt 0.59887617826461792 0.96528506278991699
vt 0.59887617826461792 0.53325009346008301
vt 0.63210964202880859 0.99851852655410767
vt 0.13360770046710968 0.99851852655410767
vt 0.13360770046710968 0.50001662969589233
vt 0.63210964202880859 0.50001662969589233
vt 0.16684117913246155 0.033250078558921814
vt 0.16684117913246155 0.46528506278991699
vt 0.59887617826461792 0.033250078558921814
vt 0.59887617826461792 0.46528506278991699
vt 0.13360770046710968 1.661673013586551E-05
vt 0.63210964202880859 1.661673013586551E-05
vt 0.13360770046710968 0.49851855635643005
vt 0.63210964202880859 0.49851855635643005
vn 0 0 -1
vn 0 0 -1
vn 0 0 -1
vn 0 0 -1
vn -1 0 0
vn -1 0 0
vn -1 0 0
vn -1 0 0
vn 0 0 1
vn 0 0 1
vn 0 0 1
vn 0 0 1
vn 1 0 0
vn 1 0 0
vn 1 0 0
vn 1 0 0
vn 1 0 0
vn 1 0 0
vn 1 0 0
vn 1 0 0
vn 0 0 1
vn 0 0 1
vn 0 0 1
vn 0 0 1
vn -1 0 0
vn -1 0 0
vn -1 0 0
vn -1 0 0
vn 0 0 -1
vn 0 0 -1
vn 0 0 -1
vn 0 0 -1
vn 0 -1 0
vn 0 -1 0
vn 0 -1 0
vn 0 -1 0
vn 0 -1 0
vn 0 -1 0
vn 0 -1 0
vn 0 -1 0
vn 0 1 0
vn 0 1 0
vn 0 1 0
vn 0 1 0
vn 0 1 0
vn 0 1 0
vn 0 1 0
vn 0 1 0
f 4177/4177/4177 4178/4178/4178 4179/4179/4179 4180/4180/4180
f 4182/4182/4182 4183/4183/4183 4184/4184/4184 4181/4181/4181
f 4186/4186/4186 4187/4187/4187 4188/4188/4188 4185/4185/4185
f 4192/4192/4192 4189/4189/4189 4190/4190/4190 4191/4191/4191
f 4193/4193/4193 4194/4194/4194 4195/4195/4195 4196/4196/4196
f 4198/4198/4198 4199/4199/4199 4200/4200/4200 4197/4197/4197
f 4202/4202/4202 4203/4203/4203 4204/4204/4204 4201/4201/4201
f 4208/4208/4208 4205/4205/4205 4206/4206/4206 4207/4207/4207
f 4212/4212/4212 4209/4209/4209 4215/4215/4215 4216/4216/4216
f 4211/4211/4211 4212/4212/4212 4216/4216/4216 4213/4213/4213
f 4209/4209/4209 4210/4210/4210 4214/4214/4214 4215/4215/4215
f 4210/4210/4210 4211/4211/4211 4213/4213/4213 4214/4214/4214
f 4219/4219/4219 4217/4217/4217 4221/4221/4221 4222/4222/4222
f 4222/4222/4222 4224/4224/4224 4220/4220/4220 4219/4219/4219
f 4223/4223/4223 4221/4221/4221 4217/4217/4217 4218/4218/4218
f 4218/4218/4218 4220/4220/4220 4224/4224/4224 4223/4223/4223
v -1199.8663330078125 2632 48156.8828125 255 255 0
v -1079.8663330078125 2632 48156.8828125 255 255 0
v -1079.8663330078125 2582 48156.8828125 255 255 0
v -1199.8663330078125 2582 48156.8828125 255 255 0
v -1079.8663330078125 2582 48156.8828125 255 255 0
v -1079.8663330078125 2632 48156.8828125 255 255 0
v -1079.8663330078125 2632 48256.8828125 255 255 0
v -1079.8663330078125 2582 48256.8828125 255 255 0
v -1079.8663330078125 2582 48256.8828125 255 255 0
v -1079.8663330078125 2632 48256.8828125 255 255 0
v -1199.8663330078125 2632 48256.8828125 255 255 0
v -1199.8663330078125 2582 48256.8828125 255 255 0
v -1199.8663330078125 2632 48156.8828125 255 255 0
v -1199.8663330078125 2582 48156.8828125 255 255 0
v -1199.8663330078125 2582 48256.8828125 255 255 0
v -1199.8663330078125 2632 48256.8828125 255 255 0
v -1199.8663330078125 2582 48156.8828125 255 255 0
v -1079.8663330078125 2582 48156.8828125 255 255 0
v -1079.8663330078125 2582 48256.8828125 255 255 0
v -1199.8663330078125 2582 48256.8828125 255 255 0
v -1079.8663330078125 2632 48156.8828125 255 255 0
v -1199.8663330078125 2632 48156.8828125 255 255 0
v -1079.8663330078125 2632 48256.8828125 255 255 0
v -1199.8663330078125 2632 48256.8828125 255 255 0
vt 0.50002074241638184 0.62505191564559937
vt 0.99851441383361816 0.62505191564559937
vt 0.99851441383361816 0.83190333843231201
vt 0.50002074241638184 0.83190333843231201
vt 0.95833683013916016 0.4151880145072937
vt 0.75002080202102661 0.4151880145072937
vt 0.75002080202102661 2.075836164294742E-05
vt 0.95833683013916016 2.075836164294742E-05
vt 0.50002074241638184 0.62354570627212524
vt 0.50002074241638184 0.4166942834854126
vt 0.99851441383361816 0.4166942834854126
vt 0.99851441383361816 0.62354570627212524
vt 0.50002080202102661 2.075836164294742E-05
vt 0.70833683013916016 2.075836164294742E-05
vt 0.70833683013916016 0.4151880145072937
vt 0.50002080202102661 0.4151880145072937
vt 0.49851438403129578 0.83190327882766724
vt 2.0770792616531253E-05 0.83190327882766724
vt 2.0770792616531253E-05 0.41671520471572876
vt 0.49851438403129578 0.41671520471572876
vt 2.0770792616531253E-05 2.0759403923875652E-05
vt 0.49851438403129578 2.0759403923875652E-05
vt 2.0770792616531253E-05 0.4152088463306427
vt 0.49851438403129578 0.4152088463306427
vn 0 0 -1
vn 0 0 -1
vn 0 0 -1
vn 0 0 -1
vn 1 0 0
vn 1 0 0
vn 1 0 0
vn 1 0 0
vn 0 0 1
vn 0 0 1
vn 0 0 1
vn 0 0 1
vn -1 0 0
vn -1 0 0
vn -1 0 0
vn -1 0 0
vn 0 -1 0
vn 0 -1 0
vn 0 -1 0
vn 0 -1 0
vn 0 1 0
vn 0 1 0
vn 0 1 0
vn 0 1 0
f 4225/4225/4225 4226/4226/4226 4227/4227/4227 4228/4228/4228
f 4229/4229/4229 4230/4230/4230 4231/4231/4231
f 4231/4231/4231 4232/4232/4232 4229/4229/4229
f 4234/4234/4234 4235/4235/4235 4236/4236/4236 4233/4233/4233
f 4238/4238/4238 4240/4240/4240 4237/4237/4237
f 4240/4240/4240 4238/4238/4238 4239/4239/4239
f 4243/4243/4243 4244/4244/4244 4241/4241/4241 4242/4242/4242
f 4245/4245/4245 4246/4246/4246 4248/4248/4248 4247/4247/4247
v -1029.2413330078125 2582 48106.2578125 255 255 0
v -1029.2413330078125 2582 48307.5078125 255 255 0
v -1029.2413330078125 2569.5 48307.5078125 255 255 0
v -1029.2413330078125 2569.5 48106.2578125 255 255 0
v -1029.2413330078125 2569.5 48307.5078125 255 255 0
v -1029.2413330078125 2582 48307.5078125 255 255 0
v -1046.4913330078125 2582 48307.5078125 255 255 0
v -1046.4913330078125 2569.5 48307.5078125 255 255 0
v -1046.4913330078125 2569.5 48307.5078125 255 255 0
v -1046.4913330078125 2582 48307.5078125 255 255 0
v -1046.4913330078125 2582 48106.2578125 255 255 0
v -1046.4913330078125 2569.5 48106.2578125 255 255 0
v -1029.2413330078125 2582 48106.2578125 255 255 0
v -1029.2413330078125 2569.5 48106.2578125 255 255 0
v -1046.4913330078125 2569.5 48106.2578125 255 255 0
v -1046.4913330078125 2582 48106.2578125 255 255 0
v -1029.2413330078125 2569.5 48106.2578125 255 255 0
v -1029.2413330078125 2569.5 48307.5078125 255 255 0
v -1046.4913330078125 2569.5 48307.5078125 255 255 0
v -1046.4913330078125 2569.5 48106.2578125 255 255 0
v -1029.2413330078125 2582 48307.5078125 255 255 0
v -1029.2413330078125 2582 48106.2578125 255 255 0
v -1046.4913330078125 2582 48307.5078125 255 255 0
v -1046.4913330078125 2582 48106.2578125 255 255 0
vt 0.079008758068084717 0.72752189636230469
vt 0.99851232767105103 0.72752189636230469
vt 0.99851232767105103 0.78472495079040527
vt 0.079008758068084717 0.78472495079040527
vt 0.59671884775161743 0.078963026404380798
vt 0.53951585292816162 0.078963026404380798
vt 0.53951585292816162 2.2881200493429787E-05
vt 0.59671884775161743 2.2881200493429787E-05
vt 0.079008758068084717 0.59120988845825195
vt 0.079008758068084717 0.53400689363479614
vt 0.99851232767105103 0.53400689363479614
vt 0.99851232767105103 0.59120988845825195
vt 0.079008787870407104 2.2881200493429787E-05
vt 0.13621178269386292 2.2881200493429787E-05
vt 0.13621178269386292 0.078963026404380798
vt 0.079008787870407104 0.078963026404380798
vt 0.99851232767105103 0.3459550142288208
vt 0.079008758068084717 0.3459550142288208
vt 0.079008758068084717 0.26701486110687256
vt 0.99851232767105103 0.26701486110687256
vt 2.2456853912444785E-05 0.91952639818191528
vt 2.2456853912444785E-05 2.2844809791422449E-05
vt 0.077498607337474823 0.91952639818191528
vt 0.077498607337474823 2.2844809791422449E-05
vn 1 0 0
vn 1 0 0
vn 1 0 0
vn 1 0 0
vn 0 0 1
vn 0 0 1
vn 0 0 1
vn 0 0 1
vn -1 0 0
vn -1 0 0
vn -1 0 0
vn -1 0 0
vn 0 0 -1
vn 0 0 -1
vn 0 0 -1
vn 0 0 -1
vn 0 -1 0
vn 0 -1 0
vn 0 -1 0
vn 0 -1 0
vn 0 1 0
vn 0 1 0
vn 0 1 0
vn 0 1 0
f 4252/4252/4252 4249/4249/4249 4250/4250/4250
f 4250/4250/4250 4251/4251/4251 4252/4252/4252
f 4254/4254/4254 4255/4255/4255 4256/4256/4256 4253/4253/4253
f 4260/4260/4260 4258/4258/4258 4259/4259/4259
f 4258/4258/4258 4260/4260/4260 4257/4257/4257
f 4264/4264/4264 4261/4261/4261 4262/4262/4262 4263/4263/4263
f 4267/4267/4267 4268/4268/4268 4265/4265/4265 4266/4266/4266
f 4269/4269/4269 4270/4270/4270 4272/4272/4272 4271/4271/4271
v -1230.4913330078125 2582 48106.2578125 255 255 0
v -1213.2413330078125 2582 48106.2578125 255 255 0
v -1213.2413330078125 2569.5 48106.2578125 255 255 0
v -1230.4913330078125 2569.5 48106.2578125 255 255 0
v -1213.2413330078125 2569.5 48106.2578125 255 255 0
v -1213.2413330078125 2582 48106.2578125 255 255 0
v -1213.2413330078125 2582 48307.5078125 255 255 0
v -1213.2413330078125 2569.5 48307.5078125 255 255 0
v -1213.2413330078125 2569.5 48307.5078125 255 255 0
v -1213.2413330078125 2582 48307.5078125 255 255 0
v -1230.4913330078125 2582 48307.5078125 255 255 0
v -1230.4913330078125 2569.5 48307.5078125 255 255 0
v -1230.4913330078125 2582 48106.2578125 255 255 0
v -1230.4913330078125 2569.5 48106.2578125 255 255 0
v -1230.4913330078125 2569.5 48307.5078125 255 255 0
v -1230.4913330078125 2582 48307.5078125 255 255 0
v -1230.4913330078125 2569.5 48106.2578125 255 255 0
v -1213.2413330078125 2569.5 48106.2578125 255 255 0
v -1213.2413330078125 2569.5 48307.5078125 255 255 0
v -1230.4913330078125 2569.5 48307.5078125 255 255 0
v -1213.2413330078125 2582 48106.2578125 255 255 0
v -1230.4913330078125 2582 48106.2578125 255 255 0
v -1213.2413330078125 2582 48307.5078125 255 255 0
v -1230.4913330078125 2582 48307.5078125 255 255 0
vt 0.53951585292816162 0.078963026404380798
vt 0.53951585292816162 2.2881200493429787E-05
vt 0.59671884775161743 2.2881200493429787E-05
vt 0.59671884775161743 0.078963026404380798
vt 0.079008758068084717 0.78472495079040527
vt 0.079008758068084717 0.72752189636230469
vt 0.99851232767105103 0.72752189636230469
vt 0.99851232767105103 0.78472495079040527
vt 0.13621178269386292 0.078963026404380798
vt 0.079008787870407104 0.078963026404380798
vt 0.079008787870407104 2.2881200493429787E-05
vt 0.13621178269386292 2.2881200493429787E-05
vt 0.99851232767105103 0.53400689363479614
vt 0.99851232767105103 0.59120988845825195
vt 0.079008758068084717 0.59120988845825195
vt 0.079008758068084717 0.53400689363479614
vt 0.99851232767105103 0.26701486110687256
vt 0.99851232767105103 0.3459550142288208
vt 0.07900875061750412 0.3459550142288208
vt 0.07900875061750412 0.26701486110687256
vt 2.2456189981312491E-05 2.2844809791422449E-05
vt 0.077498607337474823 2.2844809791422449E-05
vt 2.2456189981312491E-05 0.91952639818191528
vt 0.077498607337474823 0.91952639818191528
vn 0 0 -1
vn 0 0 -1
vn 0 0 -1
vn 0 0 -1
vn 1 0 0
vn 1 0 0
vn 1 0 0
vn 1 0 0
vn 0 0 1
vn 0 0 1
vn 0 0 1
vn 0 0 1
vn -1 0 0
vn -1 0 0
vn -1 0 0
vn -1 0 0
vn 0 -1 0
vn 0 -1 0
vn 0 -1 0
vn 0 -1 0
vn 0 1 0
vn 0 1 0
vn 0 1 0
vn 0 1 0
f 4273/4273/4273 4274/4274/4274 4275/4275/4275 4276/4276/4276
f 4277/4277/4277 4278/4278/4278 4279/4279/4279
f 4279/4279/4279 4280/4280/4280 4277/4277/4277
f 4282/4282/4282 4283/4283/4283 4284/4284/4284 4281/4281/4281
f 4286/4286/4286 4288/4288/4288 4285/4285/4285
f 4288/4288/4288 4286/4286/4286 4287/4287/4287
f 4291/4291/4291 4292/4292/4292 4289/4289/4289 4290/4290/4290
f 4293/4293/4293 4294/4294/4294 4296/4296/4296 4295/4295/4295
v -1079.8663330078125 2582 48156.8828125 255 255 0
v -1079.8663330078125 2582 48256.8828125 255 255 0
v -1079.8663330078125 2569.5 48256.8828125 255 255 0
v -1079.8663330078125 2569.5 48156.8828125 255 255 0
v -1079.8663330078125 2569.5 48256.8828125 255 255 0
v -1079.8663330078125 2582 48256.8828125 255 255 0
v -1180.27783203125 2582 48256.8828125 255 255 0
v -1180.27783203125 2569.5 48256.8828125 255 255 0
v -1180.27783203125 2569.5 48256.8828125 255 255 0
v -1180.27783203125 2582 48256.8828125 255 255 0
v -1180.27783203125 2582 48156.8828125 255 255 0
v -1180.27783203125 2569.5 48156.8828125 255 255 0
v -1079.8663330078125 2582 48156.8828125 255 255 0
v -1079.8663330078125 2569.5 48156.8828125 255 255 0
v -1180.27783203125 2569.5 48156.8828125 255 255 0
v -1180.27783203125 2582 48156.8828125 255 255 0
v -1079.8663330078125 2569.5 48156.8828125 255 255 0
v -1079.8663330078125 2569.5 48256.8828125 255 255 0
v -1180.27783203125 2569.5 48256.8828125 255 255 0
v -1180.27783203125 2569.5 48156.8828125 255 255 0
v -1079.8663330078125 2582 48256.8828125 255 255 0
v -1079.8663330078125 2582 48156.8828125 255 255 0
v -1180.27783203125 2582 48256.8828125 255 255 0
v -1180.27783203125 2582 48156.8828125 255 255 0
vt 0.062568157911300659 0.49997499585151672
vt 0.062568157911300659 2.4997500077006407E-05
vt 0.12359823286533356 2.4997500077006407E-05
vt 0.12359823286533356 0.49997499585151672
vt 0.18614198267459869 0.50203251838684082
vt 0.1251119077205658 0.50203251838684082
vt 0.1251119077205658 2.4997500077006407E-05
vt 0.18614198267459869 2.4997500077006407E-05
vt 0.061054486781358719 0.49997499585151672
vt 2.441203105263412E-05 0.49997499585151672
vt 2.441203105263412E-05 2.4997500077006407E-05
vt 0.061054486781358719 2.4997500077006407E-05
vt 0.18765564262866974 2.4997500077006407E-05
vt 0.24868571758270264 2.4997500077006407E-05
vt 0.24868571758270264 0.50203251838684082
vt 0.18765564262866974 0.50203251838684082
vt 0.75074267387390137 2.4924265744630247E-05
vt 0.75074267387390137 0.4985102117061615
vt 0.25019991397857666 0.4985102117061615
vt 0.25019991397857666 2.4924265744630247E-05
vt 0.25019991397857666 0.99851024150848389
vt 0.25019991397857666 0.50002491474151611
vt 0.75074267387390137 0.99851024150848389
vt 0.75074267387390137 0.50002491474151611
vn 1 0 0
vn 1 0 0
vn 1 0 0
vn 1 0 0
vn 0 0 1
vn 0 0 1
vn 0 0 1
vn 0 0 1
vn -1 0 0
vn -1 0 0
vn -1 0 0
vn -1 0 0
vn 0 0 -1
vn 0 0 -1
vn 0 0 -1
vn 0 0 -1
vn 0 -1 0
vn 0 -1 0
vn 0 -1 0
vn 0 -1 0
vn 0 1 0
vn 0 1 0
vn 0 1 0
vn 0 1 0
f 4299/4299/4299 4297/4297/4297 4298/4298/4298
f 4297/4297/4297 4299/4299/4299 4300/4300/4300
f 4302/4302/4302 4303/4303/4303 4304/4304/4304 4301/4301/4301
f 4305/4305/4305 4306/4306/4306 4307/4307/4307
f 4307/4307/4307 4308/4308/4308 4305/4305/4305
f 4312/4312/4312 4309/4309/4309 4310/4310/4310 4311/4311/4311
f 4314/4314/4314 4315/4315/4315 4316/4316/4316
f 4316/4316/4316 4313/4313/4313 4314/4314/4314
f 4319/4319/4319 4317/4317/4317 4318/4318/4318
f 4318/4318/4318 4320/4320/4320 4319/4319/4319
v -1273.6163330078125 2569.5 48063.1328125 255 255 0
v -986.11627197265625 2569.5 48063.1328125 255 255 0
v -986.11627197265625 2469.5 48063.1328125 255 255 0
v -1273.6163330078125 2469.5 48063.1328125 255 255 0
v -986.11627197265625 2469.5 48063.1328125 255 255 0
v -986.11627197265625 2569.5 48063.1328125 255 255 0
v -986.11627197265625 2569.5 48350.6328125 255 255 0
v -986.11627197265625 2469.5 48350.6328125 255 255 0
v -986.11627197265625 2469.5 48350.6328125 255 255 0
v -986.11627197265625 2569.5 48350.6328125 255 255 0
v -1273.6163330078125 2569.5 48350.6328125 255 255 0
v -1273.6163330078125 2469.5 48350.6328125 255 255 0
v -1273.6163330078125 2569.5 48063.1328125 255 255 0
v -1273.6163330078125 2469.5 48063.1328125 255 255 0
v -1273.6163330078125 2469.5 48350.6328125 255 255 0
v -1273.6163330078125 2569.5 48350.6328125 255 255 0
v -1273.6163330078125 2469.5 48063.1328125 255 255 0
v -986.11627197265625 2469.5 48063.1328125 255 255 0
v -986.11627197265625 2469.5 48350.6328125 255 255 0
v -1273.6163330078125 2469.5 48350.6328125 255 255 0
v -986.11627197265625 2569.5 48063.1328125 255 255 0
v -1273.6163330078125 2569.5 48063.1328125 255 255 0
v -986.11627197265625 2569.5 48350.6328125 255 255 0
v -1273.6163330078125 2569.5 48350.6328125 255 255 0
vt 8.6767831817269325E-06 0.25000870227813721
vt 0.49852648377418518 0.25000870227813721
vt 0.49852648377418518 0.42391568422317505
vt 8.6767831817269325E-06 0.42391568422317505
vt 8.6767831817269325E-06 0.92391568422317505
vt 8.6767831817269325E-06 0.75000870227813721
vt 0.49852648377418518 0.75000870227813721
vt 0.49852648377418518 0.92391568422317505
vt 8.6767831817269325E-06 0.17391568422317505
vt 8.6767831817269325E-06 8.6953496065689251E-06
vt 0.49852648377418518 8.6953496065689251E-06
vt 0.49852648377418518 0.17391568422317505
vt 0.49852648377418518 0.50000870227813721
vt 0.49852648377418518 0.67391568422317505
vt 8.6767831817269325E-06 0.67391568422317505
vt 8.6767831817269325E-06 0.50000870227813721
vt 0.99852651357650757 0.99852645397186279
vt 0.50000870227813721 0.99852645397186279
vt 0.50000870227813721 0.50000864267349243
vt 0.99852651357650757 0.50000864267349243
vt 0.50000870227813721 8.6698746599722654E-06
vt 0.99852651357650757 8.6698746599722654E-06
vt 0.50000870227813721 0.49852648377418518
vt 0.99852651357650757 0.49852648377418518
vn 0 0 -1
vn 0 0 -1
vn 0 0 -1
vn 0 0 -1
vn 1 0 0
vn 1 0 0
vn 1 0 0
vn 1 0 0
vn 0 0 1
vn 0 0 1
vn 0 0 1
vn 0 0 1
vn -1 0 0
vn -1 0 0
vn -1 0 0
vn -1 0 0
vn 0 -1 0
vn 0 -1 0
vn 0 -1 0
vn 0 -1 0
vn 0 1 0
vn 0 1 0
vn 0 1 0
vn 0 1 0
f 4321/4321/4321 4322/4322/4322 4323/4323/4323 4324/4324/4324
f 4325/4325/4325 4326/4326/4326 4327/4327/4327
f 4327/4327/4327 4328/4328/4328 4325/4325/4325
f 4330/4330/4330 4331/4331/4331 4332/4332/4332 4329/4329/4329
f 4334/4334/4334 4336/4336/4336 4333/4333/4333
f 4336/4336/4336 4334/4334/4334 4335/4335/4335
f 4339/4339/4339 4340/4340/4340 4337/4337/4337 4338/4338/4338
f 4341/4341/4341 4342/4342/4342 4344/4344/4344 4343/4343/4343
v -1263.6163330078125 2469.5 48073.1328125 255 255 0
v -996.11627197265625 2469.5 48073.1328125 255 255 0
v -996.11627197265625 2434.5 48073.1328125 255 255 0
v -1263.6163330078125 2434.5 48073.1328125 255 255 0
v -996.11627197265625 2434.5 48073.1328125 255 255 0
v -996.11627197265625 2469.5 48073.1328125 255 255 0
v -996.11627197265625 2469.5 48340.6328125 255 255 0
v -996.11627197265625 2434.5 48340.6328125 255 255 0
v -996.11627197265625 2434.5 48340.6328125 255 255 0
v -996.11627197265625 2469.5 48340.6328125 255 255 0
v -1263.6163330078125 2469.5 48340.6328125 255 255 0
v -1263.6163330078125 2434.5 48340.6328125 255 255 0
v -1263.6163330078125 2469.5 48073.1328125 255 255 0
v -1263.6163330078125 2434.5 48073.1328125 255 255 0
v -1263.6163330078125 2434.5 48340.6328125 255 255 0
v -1263.6163330078125 2469.5 48340.6328125 255 255 0
v -1263.6163330078125 2434.5 48073.1328125 255 255 0
v -996.11627197265625 2434.5 48073.1328125 255 255 0
v -996.11627197265625 2434.5 48340.6328125 255 255 0
v -1263.6163330078125 2434.5 48340.6328125 255 255 0
v -996.11627197265625 2469.5 48073.1328125 255 255 0
v -1263.6163330078125 2469.5 48073.1328125 255 255 0
v -996.11627197265625 2469.5 48340.6328125 255 255 0
v -1263.6163330078125 2469.5 48340.6328125 255 255 0
vt 0.065445944666862488 0.49999064207077026
vt 0.065445944666862488 9.3454445959650911E-06
vt 0.1293996274471283 9.3454445959650911E-06
vt 0.1293996274471283 0.49999064207077026
vt 0.063962824642658234 0.49999064207077026
vt 9.1362417151685804E-06 0.49999064207077026
vt 9.1362417151685804E-06 9.3454445959650911E-06
vt 0.063962824642658234 9.3454445959650911E-06
vt 0.26027324795722961 0.49999064207077026
vt 0.19631955027580261 0.49999064207077026
vt 0.19631955027580261 9.3454445959650911E-06
vt 0.26027324795722961 9.3454445959650911E-06
vt 0.13088275492191315 9.3454445959650911E-06
vt 0.19483643770217896 9.3454445959650911E-06
vt 0.19483643770217896 0.49999064207077026
vt 0.13088275492191315 0.49999064207077026
vt 0.7602730393409729 0.99852579832077026
vt 0.26175656914710999 0.99852579832077026
vt 0.26175656914710999 0.50000929832458496
vt 0.7602730393409729 0.50000929832458496
vt 0.26175656914710999 9.3180651674629189E-06
vt 0.7602730393409729 9.3180651674629189E-06
vt 0.26175656914710999 0.49852582812309265
vt 0.7602730393409729 0.49852582812309265
vn 0 0 -1
vn 0 0 -1
vn 0 0 -1
vn 0 0 -1
vn 1 0 0
vn 1 0 0
vn 1 0 0
vn 1 0 0
vn 0 0 1
vn 0 0 1
vn 0 0 1
vn 0 0 1
vn -1 0 0
vn -1 0 0
vn -1 0 0
vn -1 0 0
vn 0 -1 0
vn 0 -1 0
vn 0 -1 0
vn 0 -1 0
vn 0 1 0
vn 0 1 0
vn 0 1 0
vn 0 1 0
f 4345/4345/4345 4346/4346/4346 4347/4347/4347 4348/4348/4348
f 4350/4350/4350 4351/4351/4351 4352/4352/4352 4349/4349/4349
f 4354/4354/4354 4355/4355/4355 4356/4356/4356 4353/4353/4353
f 4360/4360/4360 4357/4357/4357 4358/4358/4358 4359/4359/4359
f 4363/4363/4363 4364/4364/4364 4361/4361/4361 4362/4362/4362
f 4365/4365/4365 4366/4366/4366 4368/4368/4368 4367/4367/4367
v -996.11627197265625 2469.5 48340.6328125 255 255 0
v -996.11627197265625 2469.5 48073.1328125 255 255 0
v -996.11627197265625 2434.5 48073.1328125 255 255 0
v -996.11627197265625 2434.5 48340.6328125 255 255 0
v -996.11627197265625 2434.5 48073.1328125 255 255 0
v -996.11627197265625 2469.5 48073.1328125 255 255 0
v -1263.6163330078125 2469.5 48073.1328125 255 255 0
v -1263.6163330078125 2434.5 48073.1328125 255 255 0
v -1263.6163330078125 2434.5 48073.1328125 255 255 0
v -1263.6163330078125 2469.5 48073.1328125 255 255 0
v -1263.6163330078125 2469.5 48340.6328125 255 255 0
v -1263.6163330078125 2434.5 48340.6328125 255 255 0
v -996.11627197265625 2469.5 48340.6328125 255 255 0
v -996.11627197265625 2434.5 48340.6328125 255 255 0
v -1263.6163330078125 2434.5 48340.6328125 255 255 0
v -1263.6163330078125 2469.5 48340.6328125 255 255 0
v -1273.6163330078125 2469.5 48063.1328125 255 255 0
v -986.11627197265625 2469.5 48063.1328125 255 255 0
v -986.11627197265625 2434.5 48063.1328125 255 255 0
v -1273.6163330078125 2434.5 48063.1328125 255 255 0
v -986.11627197265625 2434.5 48063.1328125 255 255 0
v -986.11627197265625 2469.5 48063.1328125 255 255 0
v -986.11627197265625 2469.5 48350.6328125 255 255 0
v -986.11627197265625 2434.5 48350.6328125 255 255 0
v -986.11627197265625 2434.5 48350.6328125 255 255 0
v -986.11627197265625 2469.5 48350.6328125 255 255 0
v -1273.6163330078125 2469.5 48350.6328125 255 255 0
v -1273.6163330078125 2434.5 48350.6328125 255 255 0
v -1273.6163330078125 2469.5 48063.1328125 255 255 0
v -1273.6163330078125 2434.5 48063.1328125 255 255 0
v -1273.6163330078125 2434.5 48350.6328125 255 255 0
v -1273.6163330078125 2469.5 48350.6328125 255 255 0
v -996.11627197265625 2434.5 48340.6328125 255 255 0
v -996.11627197265625 2434.5 48073.1328125 255 255 0
v -1263.6163330078125 2434.5 48073.1328125 255 255 0
v -1263.6163330078125 2434.5 48340.6328125 255 255 0
v -1273.6163330078125 2434.5 48063.1328125 255 255 0
v -986.11627197265625 2434.5 48063.1328125 255 255 0
v -986.11627197265625 2434.5 48350.6328125 255 255 0
v -1273.6163330078125 2434.5 48350.6328125 255 255 0
v -996.11627197265625 2469.5 48073.1328125 255 255 0
v -996.11627197265625 2469.5 48340.6328125 255 255 0
v -1263.6163330078125 2469.5 48073.1328125 255 255 0
v -1263.6163330078125 2469.5 48340.6328125 255 255 0
v -986.11627197265625 2469.5 48063.1328125 255 255 0
v -1273.6163330078125 2469.5 48063.1328125 255 255 0
v -986.11627197265625 2469.5 48350.6328125 255 255 0
v -1273.6163330078125 2469.5 48350.6328125 255 255 0
vt 0.06089332327246666 0.46520990133285522
vt 0.06089332327246666 8.6953496065689251E-06
vt 0.12029635161161423 8.6953496065689251E-06
vt 0.12029635161161423 0.46520990133285522
vt 0.059411510825157166 0.46520990133285522
vt 8.4861458162777126E-06 0.46520990133285522
vt 8.4861458162777126E-06 8.6953496065689251E-06
vt 0.059411510825157166 8.6953496065689251E-06
vt 0.24206602573394775 0.46520990133285522
vt 0.18266300857067108 0.46520990133285522
vt 0.18266300857067108 8.6953496065689251E-06
vt 0.24206602573394775 8.6953496065689251E-06
vt 0.12177816033363342 8.6953496065689251E-06
vt 0.18118119239807129 8.6953496065689251E-06
vt 0.18118119239807129 0.46520990133285522
vt 0.12177816033363342 0.46520990133285522
vt 0.30443269014358521 0.49999129772186279
vt 0.30443269014358521 8.6953496065689251E-06
vt 0.36383569240570068 8.6953496065689251E-06
vt 0.36383569240570068 0.49999129772186279
vt 0.30295085906982422 0.49999129772186279
vt 0.24354784190654755 0.49999129772186279
vt 0.24354784190654755 8.6953496065689251E-06
vt 0.30295085906982422 8.6953496065689251E-06
vt 0.485605388879776 0.49999129772186279
vt 0.42620235681533813 0.49999129772186279
vt 0.42620235681533813 8.6953496065689251E-06
vt 0.485605388879776 8.6953496065689251E-06
vt 0.36531752347946167 8.6953496065689251E-06
vt 0.42472055554389954 8.6953496065689251E-06
vt 0.42472055554389954 0.49999129772186279
vt 0.36531752347946167 0.49999129772186279
vt 0.50442713499069214 0.51734840869903564
vt 0.50442713499069214 0.98118674755096436
vt 0.96826547384262085 0.98118674755096436
vt 0.96826547384262085 0.51734840869903564
vt 0.98560518026351929 0.99852645397186279
vt 0.48708739876747131 0.99852645397186279
vt 0.48708739876747131 0.50000864267349243
vt 0.98560518026351929 0.50000864267349243
vt 0.50442713499069214 0.01734841987490654
vt 0.50442713499069214 0.48118671774864197
vt 0.96826547384262085 0.01734841987490654
vt 0.96826547384262085 0.48118671774864197
vt 0.48708739876747131 8.6698746599722654E-06
vt 0.98560518026351929 8.6698746599722654E-06
vt 0.48708739876747131 0.49852648377418518
vt 0.98560518026351929 0.49852648377418518
vn -1 0 0
vn -1 0 0
vn -1 0 0
vn -1 0 0
vn 0 0 1
vn 0 0 1
vn 0 0 1
vn 0 0 1
vn 1 0 0
vn 1 0 0
vn 1 0 0
vn 1 0 0
vn 0 0 -1
vn 0 0 -1
vn 0 0 -1
vn 0 0 -1
vn 0 0 -1
vn 0 0 -1
vn 0 0 -1
vn 0 0 -1
vn 1 0 0
vn 1 0 0
vn 1 0 0
vn 1 0 0
vn 0 0 1
vn 0 0 1
vn 0 0 1
vn 0 0 1
vn -1 0 0
vn -1 0 0
vn -1 0 0
vn -1 0 0
vn 0 -1 0
vn 0 -1 0
vn 0 -1 0
vn 0 -1 0
vn 0 -1 0
vn 0 -1 0
vn 0 -1 0
vn 0 -1 0
vn 0 1 0
vn 0 1 0
vn 0 1 0
vn 0 1 0
vn 0 1 0
vn 0 1 0
vn 0 1 0
vn 0 1 0
f 4369/4369/4369 4370/4370/4370 4371/4371/4371 4372/4372/4372
f 4374/4374/4374 4375/4375/4375 4376/4376/4376 4373/4373/4373
f 4378/4378/4378 4379/4379/4379 4380/4380/4380 4377/4377/4377
f 4384/4384/4384 4381/4381/4381 4382/4382/4382 4383/4383/4383
f 4385/4385/4385 4386/4386/4386 4387/4387/4387 4388/4388/4388
f 4390/4390/4390 4391/4391/4391 4392/4392/4392 4389/4389/4389
f 4394/4394/4394 4395/4395/4395 4396/4396/4396 4393/4393/4393
f 4400/4400/4400 4397/4397/4397 4398/4398/4398 4399/4399/4399
f 4404/4404/4404 4401/4401/4401 4407/4407/4407 4408/4408/4408
f 4403/4403/4403 4404/4404/4404 4408/4408/4408 4405/4405/4405
f 4401/4401/4401 4402/4402/4402 4406/4406/4406 4407/4407/4407
f 4402/4402/4402 4403/4403/4403 4405/4405/4405 4406/4406/4406
f 4411/4411/4411 4409/4409/4409 4413/4413/4413 4414/4414/4414
f 4414/4414/4414 4416/4416/4416 4412/4412/4412 4411/4411/4411
f 4415/4415/4415 4413/4413/4413 4409/4409/4409 4410/4410/4410
f 4410/4410/4410 4412/4412/4412 4416/4416/4416 4415/4415/4415
v -1189.8663330078125 2632 49836.8828125 255 255 0
v -1069.8663330078125 2632 49836.8828125 255 255 0
v -1069.8663330078125 2582 49836.8828125 255 255 0
v -1189.8663330078125 2582 49836.8828125 255 255 0
v -1069.8663330078125 2582 49836.8828125 255 255 0
v -1069.8663330078125 2632 49836.8828125 255 255 0
v -1069.8663330078125 2632 49936.8828125 255 255 0
v -1069.8663330078125 2582 49936.8828125 255 255 0
v -1069.8663330078125 2582 49936.8828125 255 255 0
v -1069.8663330078125 2632 49936.8828125 255 255 0
v -1189.8663330078125 2632 49936.8828125 255 255 0
v -1189.8663330078125 2582 49936.8828125 255 255 0
v -1189.8663330078125 2632 49836.8828125 255 255 0
v -1189.8663330078125 2582 49836.8828125 255 255 0
v -1189.8663330078125 2582 49936.8828125 255 255 0
v -1189.8663330078125 2632 49936.8828125 255 255 0
v -1189.8663330078125 2582 49836.8828125 255 255 0
v -1069.8663330078125 2582 49836.8828125 255 255 0
v -1069.8663330078125 2582 49936.8828125 255 255 0
v -1189.8663330078125 2582 49936.8828125 255 255 0
v -1069.8663330078125 2632 49836.8828125 255 255 0
v -1189.8663330078125 2632 49836.8828125 255 255 0
v -1069.8663330078125 2632 49936.8828125 255 255 0
v -1189.8663330078125 2632 49936.8828125 255 255 0
vt 0.50002074241638184 0.62505191564559937
vt 0.99851441383361816 0.62505191564559937
vt 0.99851441383361816 0.83190333843231201
vt 0.50002074241638184 0.83190333843231201
vt 0.95833683013916016 0.4151880145072937
vt 0.75002080202102661 0.4151880145072937
vt 0.75002080202102661 2.075836164294742E-05
vt 0.95833683013916016 2.075836164294742E-05
vt 0.50002074241638184 0.62354570627212524
vt 0.50002074241638184 0.4166942834854126
vt 0.99851441383361816 0.4166942834854126
vt 0.99851441383361816 0.62354570627212524
vt 0.50002080202102661 2.075836164294742E-05
vt 0.70833683013916016 2.075836164294742E-05
vt 0.70833683013916016 0.4151880145072937
vt 0.50002080202102661 0.4151880145072937
vt 0.49851438403129578 0.83190327882766724
vt 2.0770792616531253E-05 0.83190327882766724
vt 2.0770792616531253E-05 0.41671520471572876
vt 0.49851438403129578 0.41671520471572876
vt 2.0770792616531253E-05 2.0759403923875652E-05
vt 0.49851438403129578 2.0759403923875652E-05
vt 2.0770792616531253E-05 0.4152088463306427
vt 0.49851438403129578 0.4152088463306427
vn 0 0 -1
vn 0 0 -1
vn 0 0 -1
vn 0 0 -1
vn 1 0 0
vn 1 0 0
vn 1 0 0
vn 1 0 0
vn 0 0 1
vn 0 0 1
vn 0 0 1
vn 0 0 1
vn -1 0 0
vn -1 0 0
vn -1 0 0
vn -1 0 0
vn 0 -1 0
vn 0 -1 0
vn 0 -1 0
vn 0 -1 0
vn 0 1 0
vn 0 1 0
vn 0 1 0
vn 0 1 0
f 4417/4417/4417 4418/4418/4418 4419/4419/4419 4420/4420/4420
f 4421/4421/4421 4422/4422/4422 4423/4423/4423
f 4423/4423/4423 4424/4424/4424 4421/4421/4421
f 4426/4426/4426 4427/4427/4427 4428/4428/4428 4425/4425/4425
f 4430/4430/4430 4432/4432/4432 4429/4429/4429
f 4432/4432/4432 4430/4430/4430 4431/4431/4431
f 4435/4435/4435 4436/4436/4436 4433/4433/4433 4434/4434/4434
f 4437/4437/4437 4438/4438/4438 4440/4440/4440 4439/4439/4439
v -1019.2412719726562 2582 49786.2578125 255 255 0
v -1019.2412719726562 2582 49987.5078125 255 255 0
v -1019.2412719726562 2569.5 49987.5078125 255 255 0
v -1019.2412719726562 2569.5 49786.2578125 255 255 0
v -1019.2412719726562 2569.5 49987.5078125 255 255 0
v -1019.2412719726562 2582 49987.5078125 255 255 0
v -1036.4913330078125 2582 49987.5078125 255 255 0
v -1036.4913330078125 2569.5 49987.5078125 255 255 0
v -1036.4913330078125 2569.5 49987.5078125 255 255 0
v -1036.4913330078125 2582 49987.5078125 255 255 0
v -1036.4913330078125 2582 49786.2578125 255 255 0
v -1036.4913330078125 2569.5 49786.2578125 255 255 0
v -1019.2412719726562 2582 49786.2578125 255 255 0
v -1019.2412719726562 2569.5 49786.2578125 255 255 0
v -1036.4913330078125 2569.5 49786.2578125 255 255 0
v -1036.4913330078125 2582 49786.2578125 255 255 0
v -1019.2412719726562 2569.5 49786.2578125 255 255 0
v -1019.2412719726562 2569.5 49987.5078125 255 255 0
v -1036.4913330078125 2569.5 49987.5078125 255 255 0
v -1036.4913330078125 2569.5 49786.2578125 255 255 0
v -1019.2412719726562 2582 49987.5078125 255 255 0
v -1019.2412719726562 2582 49786.2578125 255 255 0
v -1036.4913330078125 2582 49987.5078125 255 255 0
v -1036.4913330078125 2582 49786.2578125 255 255 0
vt 0.079008758068084717 0.72752189636230469
vt 0.99851232767105103 0.72752189636230469
vt 0.99851232767105103 0.78472495079040527
vt 0.079008758068084717 0.78472495079040527
vt 0.59671884775161743 0.078963026404380798
vt 0.53951585292816162 0.078963026404380798
vt 0.53951585292816162 2.2881200493429787E-05
vt 0.59671884775161743 2.2881200493429787E-05
vt 0.079008758068084717 0.59120988845825195
vt 0.079008758068084717 0.53400689363479614
vt 0.99851232767105103 0.53400689363479614
vt 0.99851232767105103 0.59120988845825195
vt 0.079008787870407104 2.2881200493429787E-05
vt 0.13621178269386292 2.2881200493429787E-05
vt 0.13621178269386292 0.078963026404380798
vt 0.079008787870407104 0.078963026404380798
vt 0.99851232767105103 0.3459550142288208
vt 0.079008758068084717 0.3459550142288208
vt 0.079008758068084717 0.26701486110687256
vt 0.99851232767105103 0.26701486110687256
vt 2.2456853912444785E-05 0.91952639818191528
vt 2.2456853912444785E-05 2.2844809791422449E-05
vt 0.077498607337474823 0.91952639818191528
vt 0.077498607337474823 2.2844809791422449E-05
vn 1 0 0
vn 1 0 0
vn 1 0 0
vn 1 0 0
vn 0 0 1
vn 0 0 1
vn 0 0 1
vn 0 0 1
vn -1 0 0
vn -1 0 0
vn -1 0 0
vn -1 0 0
vn 0 0 -1
vn 0 0 -1
vn 0 0 -1
vn 0 0 -1
vn 0 -1 0
vn 0 -1 0
vn 0 -1 0
vn 0 -1 0
vn 0 1 0
vn 0 1 0
vn 0 1 0
vn 0 1 0
f 4444/4444/4444 4441/4441/4441 4442/4442/4442
f 4442/4442/4442 4443/4443/4443 4444/4444/4444
f 4446/4446/4446 4447/4447/4447 4448/4448/4448 4445/4445/4445
f 4452/4452/4452 4450/4450/4450 4451/4451/4451
f 4450/4450/4450 4452/4452/4452 4449/4449/4449
f 4456/4456/4456 4453/4453/4453 4454/4454/4454 4455/4455/4455
f 4459/4459/4459 4460/4460/4460 4457/4457/4457 4458/4458/4458
f 4461/4461/4461 4462/4462/4462 4464/4464/4464 4463/4463/4463
v -1220.4913330078125 2582 49786.2578125 255 255 0
v -1203.2413330078125 2582 49786.2578125 255 255 0
v -1203.2413330078125 2569.5 49786.2578125 255 255 0
v -1220.4913330078125 2569.5 49786.2578125 255 255 0
v -1203.2413330078125 2569.5 49786.2578125 255 255 0
v -1203.2413330078125 2582 49786.2578125 255 255 0
v -1203.2413330078125 2582 49987.5078125 255 255 0
v -1203.2413330078125 2569.5 49987.5078125 255 255 0
v -1203.2413330078125 2569.5 49987.5078125 255 255 0
v -1203.2413330078125 2582 49987.5078125 255 255 0
v -1220.4913330078125 2582 49987.5078125 255 255 0
v -1220.4913330078125 2569.5 49987.5078125 255 255 0
v -1220.4913330078125 2582 49786.2578125 255 255 0
v -1220.4913330078125 2569.5 49786.2578125 255 255 0
v -1220.4913330078125 2569.5 49987.5078125 255 255 0
v -1220.4913330078125 2582 49987.5078125 255 255 0
v -1220.4913330078125 2569.5 49786.2578125 255 255 0
v -1203.2413330078125 2569.5 49786.2578125 255 255 0
v -1203.2413330078125 2569.5 49987.5078125 255 255 0
v -1220.4913330078125 2569.5 49987.5078125 255 255 0
v -1203.2413330078125 2582 49786.2578125 255 255 0
v -1220.4913330078125 2582 49786.2578125 255 255 0
v -1203.2413330078125 2582 49987.5078125 255 255 0
v -1220.4913330078125 2582 49987.5078125 255 255 0
vt 0.53951585292816162 0.078963026404380798
vt 0.53951585292816162 2.2881200493429787E-05
vt 0.59671884775161743 2.2881200493429787E-05
vt 0.59671884775161743 0.078963026404380798
vt 0.079008758068084717 0.78472495079040527
vt 0.079008758068084717 0.72752189636230469
vt 0.99851232767105103 0.72752189636230469
vt 0.99851232767105103 0.78472495079040527
vt 0.13621178269386292 0.078963026404380798
vt 0.079008787870407104 0.078963026404380798
vt 0.079008787870407104 2.2881200493429787E-05
vt 0.13621178269386292 2.2881200493429787E-05
vt 0.99851232767105103 0.53400689363479614
vt 0.99851232767105103 0.59120988845825195
vt 0.079008758068084717 0.59120988845825195
vt 0.079008758068084717 0.53400689363479614
vt 0.99851232767105103 0.26701486110687256
vt 0.99851232767105103 0.3459550142288208
vt 0.07900875061750412 0.3459550142288208
vt 0.07900875061750412 0.26701486110687256
vt 2.2456189981312491E-05 2.2844809791422449E-05
vt 0.077498607337474823 2.2844809791422449E-05
vt 2.2456189981312491E-05 0.91952639818191528
vt 0.077498607337474823 0.91952639818191528
vn 0 0 -1
vn 0 0 -1
vn 0 0 -1
vn 0 0 -1
vn 1 0 0
vn 1 0 0
vn 1 0 0
vn 1 0 0
vn 0 0 1
vn 0 0 1
vn 0 0 1
vn 0 0 1
vn -1 0 0
vn -1 0 0
vn -1 0 0
vn -1 0 0
vn 0 -1 0
vn 0 -1 0
vn 0 -1 0
vn 0 -1 0
vn 0 1 0
vn 0 1 0
vn 0 1 0
vn 0 1 0
f 4465/4465/4465 4466/4466/4466 4467/4467/4467 4468/4468/4468
f 4469/4469/4469 4470/4470/4470 4471/4471/4471
f 4471/4471/4471 4472/4472/4472 4469/4469/4469
f 4474/4474/4474 4475/4475/4475 4476/4476/4476 4473/4473/4473
f 4478/4478/4478 4480/4480/4480 4477/4477/4477
f 4480/4480/4480 4478/4478/4478 4479/4479/4479
f 4483/4483/4483 4484/4484/4484 4481/4481/4481 4482/4482/4482
f 4485/4485/4485 4486/4486/4486 4488/4488/4488 4487/4487/4487
v -1069.8663330078125 2582 49836.8828125 255 255 0
v -1069.8663330078125 2582 49936.8828125 255 255 0
v -1069.8663330078125 2569.5 49936.8828125 255 255 0
v -1069.8663330078125 2569.5 49836.8828125 255 255 0
v -1069.8663330078125 2569.5 49936.8828125 255 255 0
v -1069.8663330078125 2582 49936.8828125 255 255 0
v -1170.27783203125 2582 49936.8828125 255 255 0
v -1170.27783203125 2569.5 49936.8828125 255 255 0
v -1170.27783203125 2569.5 49936.8828125 255 255 0
v -1170.27783203125 2582 49936.8828125 255 255 0
v -1170.27783203125 2582 49836.8828125 255 255 0
v -1170.27783203125 2569.5 49836.8828125 255 255 0
v -1069.8663330078125 2582 49836.8828125 255 255 0
v -1069.8663330078125 2569.5 49836.8828125 255 255 0
v -1170.27783203125 2569.5 49836.8828125 255 255 0
v -1170.27783203125 2582 49836.8828125 255 255 0
v -1069.8663330078125 2569.5 49836.8828125 255 255 0
v -1069.8663330078125 2569.5 49936.8828125 255 255 0
v -1170.27783203125 2569.5 49936.8828125 255 255 0
v -1170.27783203125 2569.5 49836.8828125 255 255 0
v -1069.8663330078125 2582 49936.8828125 255 255 0
v -1069.8663330078125 2582 49836.8828125 255 255 0
v -1170.27783203125 2582 49936.8828125 255 255 0
v -1170.27783203125 2582 49836.8828125 255 255 0
vt 0.062568157911300659 0.49997499585151672
vt 0.062568157911300659 2.4997500077006407E-05
vt 0.12359823286533356 2.4997500077006407E-05
vt 0.12359823286533356 0.49997499585151672
vt 0.18614198267459869 0.50203251838684082
vt 0.1251119077205658 0.50203251838684082
vt 0.1251119077205658 2.4997500077006407E-05
vt 0.18614198267459869 2.4997500077006407E-05
vt 0.061054486781358719 0.49997499585151672
vt 2.441203105263412E-05 0.49997499585151672
vt 2.441203105263412E-05 2.4997500077006407E-05
vt 0.061054486781358719 2.4997500077006407E-05
vt 0.18765564262866974 2.4997500077006407E-05
vt 0.24868571758270264 2.4997500077006407E-05
vt 0.24868571758270264 0.50203251838684082
vt 0.18765564262866974 0.50203251838684082
vt 0.75074267387390137 2.4924265744630247E-05
vt 0.75074267387390137 0.4985102117061615
vt 0.25019991397857666 0.4985102117061615
vt 0.25019991397857666 2.4924265744630247E-05
vt 0.25019991397857666 0.99851024150848389
vt 0.25019991397857666 0.50002491474151611
vt 0.75074267387390137 0.99851024150848389
vt 0.75074267387390137 0.50002491474151611
vn 1 0 0
vn 1 0 0
vn 1 0 0
vn 1 0 0
vn 0 0 1
vn 0 0 1
vn 0 0 1
vn 0 0 1
vn -1 0 0
vn -1 0 0
vn -1 0 0
vn -1 0 0
vn 0 0 -1
vn 0 0 -1
vn 0 0 -1
vn 0 0 -1
vn 0 -1 0
vn 0 -1 0
vn 0 -1 0
vn 0 -1 0
vn 0 1 0
vn 0 1 0
vn 0 1 0
vn 0 1 0
f 4491/4491/4491 4489/4489/4489 4490/4490/4490
f 4489/4489/4489 4491/4491/4491 4492/4492/4492
f 4494/4494/4494 4495/4495/4495 4496/4496/4496 4493/4493/4493
f 4497/4497/4497 4498/4498/4498 4499/4499/4499
f 4499/4499/4499 4500/4500/4500 4497/4497/4497
f 4504/4504/4504 4501/4501/4501 4502/4502/4502 4503/4503/4503
f 4506/4506/4506 4507/4507/4507 4508/4508/4508
f 4508/4508/4508 4505/4505/4505 4506/4506/4506
f 4511/4511/4511 4509/4509/4509 4510/4510/4510
f 4510/4510/4510 4512/4512/4512 4511/4511/4511
v -1263.6163330078125 2569.5 49743.1328125 255 255 0
v -976.11627197265625 2569.5 49743.1328125 255 255 0
v -976.11627197265625 2469.5 49743.1328125 255 255 0
v -1263.6163330078125 2469.5 49743.1328125 255 255 0
v -976.11627197265625 2469.5 49743.1328125 255 255 0
v -976.11627197265625 2569.5 49743.1328125 255 255 0
v -976.11627197265625 2569.5 50030.6328125 255 255 0
v -976.11627197265625 2469.5 50030.6328125 255 255 0
v -976.11627197265625 2469.5 50030.6328125 255 255 0
v -976.11627197265625 2569.5 50030.6328125 255 255 0
v -1263.6163330078125 2569.5 50030.6328125 255 255 0
v -1263.6163330078125 2469.5 50030.6328125 255 255 0
v -1263.6163330078125 2569.5 49743.1328125 255 255 0
v -1263.6163330078125 2469.5 49743.1328125 255 255 0
v -1263.6163330078125 2469.5 50030.6328125 255 255 0
v -1263.6163330078125 2569.5 50030.6328125 255 255 0
v -1263.6163330078125 2469.5 49743.1328125 255 255 0
v -976.11627197265625 2469.5 49743.1328125 255 255 0
v -976.11627197265625 2469.5 50030.6328125 255 255 0
v -1263.6163330078125 2469.5 50030.6328125 255 255 0
v -976.11627197265625 2569.5 49743.1328125 255 255 0
v -1263.6163330078125 2569.5 49743.1328125 255 255 0
v -976.11627197265625 2569.5 50030.6328125 255 255 0
v -1263.6163330078125 2569.5 50030.6328125 255 255 0
vt 8.6767831817269325E-06 0.25000870227813721
vt 0.49852648377418518 0.25000870227813721
vt 0.49852648377418518 0.42391568422317505
vt 8.6767831817269325E-06 0.42391568422317505
vt 8.6767831817269325E-06 0.92391568422317505
vt 8.6767831817269325E-06 0.75000870227813721
vt 0.49852648377418518 0.75000870227813721
vt 0.49852648377418518 0.92391568422317505
vt 8.6767831817269325E-06 0.17391568422317505
vt 8.6767831817269325E-06 8.6953496065689251E-06
vt 0.49852648377418518 8.6953496065689251E-06
vt 0.49852648377418518 0.17391568422317505
vt 0.49852648377418518 0.50000870227813721
vt 0.49852648377418518 0.67391568422317505
vt 8.6767831817269325E-06 0.67391568422317505
vt 8.6767831817269325E-06 0.50000870227813721
vt 0.99852651357650757 0.99852645397186279
vt 0.50000870227813721 0.99852645397186279
vt 0.50000870227813721 0.50000864267349243
vt 0.99852651357650757 0.50000864267349243
vt 0.50000870227813721 8.6698746599722654E-06
vt 0.99852651357650757 8.6698746599722654E-06
vt 0.50000870227813721 0.49852648377418518
vt 0.99852651357650757 0.49852648377418518
vn 0 0 -1
vn 0 0 -1
vn 0 0 -1
vn 0 0 -1
vn 1 0 0
vn 1 0 0
vn 1 0 0
vn 1 0 0
vn 0 0 1
vn 0 0 1
vn 0 0 1
vn 0 0 1
vn -1 0 0
vn -1 0 0
vn -1 0 0
vn -1 0 0
vn 0 -1 0
vn 0 -1 0
vn 0 -1 0
vn 0 -1 0
vn 0 1 0
vn 0 1 0
vn 0 1 0
vn 0 1 0
f 4513/4513/4513 4514/4514/4514 4515/4515/4515 4516/4516/4516
f 4517/4517/4517 4518/4518/4518 4519/4519/4519
f 4519/4519/4519 4520/4520/4520 4517/4517/4517
f 4522/4522/4522 4523/4523/4523 4524/4524/4524 4521/4521/4521
f 4526/4526/4526 4528/4528/4528 4525/4525/4525
f 4528/4528/4528 4526/4526/4526 4527/4527/4527
f 4531/4531/4531 4532/4532/4532 4529/4529/4529 4530/4530/4530
f 4533/4533/4533 4534/4534/4534 4536/4536/4536 4535/4535/4535
v -1253.6163330078125 2469.5 49753.1328125 255 255 0
v -986.11627197265625 2469.5 49753.1328125 255 255 0
v -986.11627197265625 2434.5 49753.1328125 255 255 0
v -1253.6163330078125 2434.5 49753.1328125 255 255 0
v -986.11627197265625 2434.5 49753.1328125 255 255 0
v -986.11627197265625 2469.5 49753.1328125 255 255 0
v -986.11627197265625 2469.5 50020.6328125 255 255 0
v -986.11627197265625 2434.5 50020.6328125 255 255 0
v -986.11627197265625 2434.5 50020.6328125 255 255 0
v -986.11627197265625 2469.5 50020.6328125 255 255 0
v -1253.6163330078125 2469.5 50020.6328125 255 255 0
v -1253.6163330078125 2434.5 50020.6328125 255 255 0
v -1253.6163330078125 2469.5 49753.1328125 255 255 0
v -1253.6163330078125 2434.5 49753.1328125 255 255 0
v -1253.6163330078125 2434.5 50020.6328125 255 255 0
v -1253.6163330078125 2469.5 50020.6328125 255 255 0
v -1253.6163330078125 2434.5 49753.1328125 255 255 0
v -986.11627197265625 2434.5 49753.1328125 255 255 0
v -986.11627197265625 2434.5 50020.6328125 255 255 0
v -1253.6163330078125 2434.5 50020.6328125 255 255 0
v -986.11627197265625 2469.5 49753.1328125 255 255 0
v -1253.6163330078125 2469.5 49753.1328125 255 255 0
v -986.11627197265625 2469.5 50020.6328125 255 255 0
v -1253.6163330078125 2469.5 50020.6328125 255 255 0
vt 0.065445944666862488 0.49999064207077026
vt 0.065445944666862488 9.3454445959650911E-06
vt 0.1293996274471283 9.3454445959650911E-06
vt 0.1293996274471283 0.49999064207077026
vt 0.063962824642658234 0.49999064207077026
vt 9.1362417151685804E-06 0.49999064207077026
vt 9.1362417151685804E-06 9.3454445959650911E-06
vt 0.063962824642658234 9.3454445959650911E-06
vt 0.26027324795722961 0.49999064207077026
vt 0.19631955027580261 0.49999064207077026
vt 0.19631955027580261 9.3454445959650911E-06
vt 0.26027324795722961 9.3454445959650911E-06
vt 0.13088275492191315 9.3454445959650911E-06
vt 0.19483643770217896 9.3454445959650911E-06
vt 0.19483643770217896 0.49999064207077026
vt 0.13088275492191315 0.49999064207077026
vt 0.7602730393409729 0.99852579832077026
vt 0.26175656914710999 0.99852579832077026
vt 0.26175656914710999 0.50000929832458496
vt 0.7602730393409729 0.50000929832458496
vt 0.26175656914710999 9.3180651674629189E-06
vt 0.7602730393409729 9.3180651674629189E-06
vt 0.26175656914710999 0.49852582812309265
vt 0.7602730393409729 0.49852582812309265
vn 0 0 -1
vn 0 0 -1
vn 0 0 -1
vn 0 0 -1
vn 1 0 0
vn 1 0 0
vn 1 0 0
vn 1 0 0
vn 0 0 1
vn 0 0 1
vn 0 0 1
vn 0 0 1
vn -1 0 0
vn -1 0 0
vn -1 0 0
vn -1 0 0
vn 0 -1 0
vn 0 -1 0
vn 0 -1 0
vn 0 -1 0
vn 0 1 0
vn 0 1 0
vn 0 1 0
vn 0 1 0
f 4537/4537/4537 4538/4538/4538 4539/4539/4539 4540/4540/4540
f 4542/4542/4542 4543/4543/4543 4544/4544/4544 4541/4541/4541
f 4546/4546/4546 4547/4547/4547 4548/4548/4548 4545/4545/4545
f 4552/4552/4552 4549/4549/4549 4550/4550/4550 4551/4551/4551
f 4555/4555/4555 4556/4556/4556 4553/4553/4553 4554/4554/4554
f 4557/4557/4557 4558/4558/4558 4560/4560/4560 4559/4559/4559
v -986.11627197265625 2469.5 50020.6328125 255 255 0
v -986.11627197265625 2469.5 49753.1328125 255 255 0
v -986.11627197265625 2434.5 49753.1328125 255 255 0
v -986.11627197265625 2434.5 50020.6328125 255 255 0
v -986.11627197265625 2434.5 49753.1328125 255 255 0
v -986.11627197265625 2469.5 49753.1328125 255 255 0
v -1253.6163330078125 2469.5 49753.1328125 255 255 0
v -1253.6163330078125 2434.5 49753.1328125 255 255 0
v -1253.6163330078125 2434.5 49753.1328125 255 255 0
v -1253.6163330078125 2469.5 49753.1328125 255 255 0
v -1253.6163330078125 2469.5 50020.6328125 255 255 0
v -1253.6163330078125 2434.5 50020.6328125 255 255 0
v -986.11627197265625 2469.5 50020.6328125 255 255 0
v -986.11627197265625 2434.5 50020.6328125 255 255 0
v -1253.6163330078125 2434.5 50020.6328125 255 255 0
v -1253.6163330078125 2469.5 50020.6328125 255 255 0
v -1263.6163330078125 2469.5 49743.1328125 255 255 0
v -976.11627197265625 2469.5 49743.1328125 255 255 0
v -976.11627197265625 2434.5 49743.1328125 255 255 0
v -1263.6163330078125 2434.5 49743.1328125 255 255 0
v -976.11627197265625 2434.5 49743.1328125 255 255 0
v -976.11627197265625 2469.5 49743.1328125 255 255 0
v -976.11627197265625 2469.5 50030.6328125 255 255 0
v -976.11627197265625 2434.5 50030.6328125 255 255 0
v -976.11627197265625 2434.5 50030.6328125 255 255 0
v -976.11627197265625 2469.5 50030.6328125 255 255 0
v -1263.6163330078125 2469.5 50030.6328125 255 255 0
v -1263.6163330078125 2434.5 50030.6328125 255 255 0
v -1263.6163330078125 2469.5 49743.1328125 255 255 0
v -1263.6163330078125 2434.5 49743.1328125 255 255 0
v -1263.6163330078125 2434.5 50030.6328125 255 255 0
v -1263.6163330078125 2469.5 50030.6328125 255 255 0
v -986.11627197265625 2434.5 50020.6328125 255 255 0
v -986.11627197265625 2434.5 49753.1328125 255 255 0
v -1253.6163330078125 2434.5 49753.1328125 255 255 0
v -1253.6163330078125 2434.5 50020.6328125 255 255 0
v -1263.6163330078125 2434.5 49743.1328125 255 255 0
v -976.11627197265625 2434.5 49743.1328125 255 255 0
v -976.11627197265625 2434.5 50030.6328125 255 255 0
v -1263.6163330078125 2434.5 50030.6328125 255 255 0
v -986.11627197265625 2469.5 49753.1328125 255 255 0
v -986.11627197265625 2469.5 50020.6328125 255 255 0
v -1253.6163330078125 2469.5 49753.1328125 255 255 0
v -1253.6163330078125 2469.5 50020.6328125 255 255 0
v -976.11627197265625 2469.5 49743.1328125 255 255 0
v -1263.6163330078125 2469.5 49743.1328125 255 255 0
v -976.11627197265625 2469.5 50030.6328125 255 255 0
v -1263.6163330078125 2469.5 50030.6328125 255 255 0
vt 0.06089332327246666 0.46520990133285522
vt 0.06089332327246666 8.6953496065689251E-06
vt 0.12029635161161423 8.6953496065689251E-06
vt 0.12029635161161423 0.46520990133285522
vt 0.059411510825157166 0.46520990133285522
vt 8.4861458162777126E-06 0.46520990133285522
vt 8.4861458162777126E-06 8.6953496065689251E-06
vt 0.059411510825157166 8.6953496065689251E-06
vt 0.24206602573394775 0.46520990133285522
vt 0.18266300857067108 0.46520990133285522
vt 0.18266300857067108 8.6953496065689251E-06
vt 0.24206602573394775 8.6953496065689251E-06
vt 0.12177816033363342 8.6953496065689251E-06
vt 0.18118119239807129 8.6953496065689251E-06
vt 0.18118119239807129 0.46520990133285522
vt 0.12177816033363342 0.46520990133285522
vt 0.30443269014358521 0.49999129772186279
vt 0.30443269014358521 8.6953496065689251E-06
vt 0.36383569240570068 8.6953496065689251E-06
vt 0.36383569240570068 0.49999129772186279
vt 0.30295085906982422 0.49999129772186279
vt 0.24354784190654755 0.49999129772186279
vt 0.24354784190654755 8.6953496065689251E-06
vt 0.30295085906982422 8.6953496065689251E-06
vt 0.485605388879776 0.49999129772186279
vt 0.42620235681533813 0.49999129772186279
vt 0.42620235681533813 8.6953496065689251E-06
vt 0.485605388879776 8.6953496065689251E-06
vt 0.36531752347946167 8.6953496065689251E-06
vt 0.42472055554389954 8.6953496065689251E-06
vt 0.42472055554389954 0.49999129772186279
vt 0.36531752347946167 0.49999129772186279
vt 0.50442713499069214 0.51734840869903564
vt 0.50442713499069214 0.98118674755096436
vt 0.96826547384262085 0.98118674755096436
vt 0.96826547384262085 0.51734840869903564
vt 0.98560518026351929 0.99852645397186279
vt 0.48708739876747131 0.99852645397186279
vt 0.48708739876747131 0.50000864267349243
vt 0.98560518026351929 0.50000864267349243
vt 0.50442713499069214 0.01734841987490654
vt 0.50442713499069214 0.48118671774864197
vt 0.96826547384262085 0.01734841987490654
vt 0.96826547384262085 0.48118671774864197
vt 0.48708739876747131 8.6698746599722654E-06
vt 0.98560518026351929 8.6698746599722654E-06
vt 0.48708739876747131 0.49852648377418518
vt 0.98560518026351929 0.49852648377418518
vn -1 0 0
vn -1 0 0
vn -1 0 0
vn -1 0 0
vn 0 0 1
vn 0 0 1
vn 0 0 1
vn 0 0 1
vn 1 0 0
vn 1 0 0
vn 1 0 0
vn 1 0 0
vn 0 0 -1
vn 0 0 -1
vn 0 0 -1
vn 0 0 -1
vn 0 0 -1
vn 0 0 -1
vn 0 0 -1
vn 0 0 -1
vn 1 0 0
vn 1 0 0
vn 1 0 0
vn 1 0 0
vn 0 0 1
vn 0 0 1
vn 0 0 1
vn 0 0 1
vn -1 0 0
vn -1 0 0
vn -1 0 0
vn -1 0 0
vn 0 -1 0
vn 0 -1 0
vn 0 -1 0
vn 0 -1 0
vn 0 -1 0
vn 0 -1 0
vn 0 -1 0
vn 0 -1 0
vn 0 1 0
vn 0 1 0
vn 0 1 0
vn 0 1 0
vn 0 1 0
vn 0 1 0
vn 0 1 0
vn 0 1 0
f 4561/4561/4561 4562/4562/4562 4563/4563/4563 4564/4564/4564
f 4566/4566/4566 4567/4567/4567 4568/4568/4568 4565/4565/4565
f 4570/4570/4570 4571/4571/4571 4572/4572/4572 4569/4569/4569
f 4576/4576/4576 4573/4573/4573 4574/4574/4574 4575/4575/4575
f 4577/4577/4577 4578/4578/4578 4579/4579/4579 4580/4580/4580
f 4582/4582/4582 4583/4583/4583 4584/4584/4584 4581/4581/4581
f 4586/4586/4586 4587/4587/4587 4588/4588/4588 4585/4585/4585
f 4592/4592/4592 4589/4589/4589 4590/4590/4590 4591/4591/4591
f 4596/4596/4596 4593/4593/4593 4599/4599/4599 4600/4600/4600
f 4595/4595/4595 4596/4596/4596 4600/4600/4600 4597/4597/4597
f 4593/4593/4593 4594/4594/4594 4598/4598/4598 4599/4599/4599
f 4594/4594/4594 4595/4595/4595 4597/4597/4597 4598/4598/4598
f 4603/4603/4603 4601/4601/4601 4605/4605/4605 4606/4606/4606
f 4606/4606/4606 4608/4608/4608 4604/4604/4604 4603/4603/4603
f 4607/4607/4607 4605/4605/4605 4601/4601/4601 4602/4602/4602
f 4602/4602/4602 4604/4604/4604 4608/4608/4608 4607/4607/4607
